date,sector,sentiment,sentiment_aligned,n_stocks
2020-01-02,Comm,0.0,0.08718,5
2020-01-03,Comm,0.08718,0.08605,5
2020-01-06,Comm,0.08605,0.13610583333333331,5
2020-01-07,Comm,0.13610583333333331,0.24434666666666666,5
2020-01-08,Comm,0.24434666666666666,0.178182,5
2020-01-09,Comm,0.178182,0.16018,5
2020-01-10,Comm,0.16018,0.028676666666666673,5
2020-01-13,Comm,0.028676666666666673,0.07480916666666668,5
2020-01-14,Comm,0.07480916666666668,0.12403249999999999,5
2020-01-15,Comm,0.12403249999999999,0.07460833333333333,5
2020-01-16,Comm,0.07460833333333333,0.18807999999999997,5
2020-01-17,Comm,0.18807999999999997,0.11223000000000001,5
2020-01-21,Comm,0.11223000000000001,-0.022039999999999997,5
2020-01-22,Comm,-0.022039999999999997,0.0912,5
2020-01-23,Comm,0.0912,0.2556825714285714,5
2020-01-24,Comm,0.2556825714285714,0.17651569696969696,5
2020-01-27,Comm,0.17651569696969696,0.032248181818181815,5
2020-01-28,Comm,0.032248181818181815,0.036708000000000005,5
2020-01-29,Comm,0.036708000000000005,0.318261,5
2020-01-30,Comm,0.318261,-0.012363333333333337,5
2020-01-31,Comm,-0.012363333333333337,-0.17938363636363636,5
2020-02-03,Comm,-0.17938363636363636,0.1140425,5
2020-02-04,Comm,0.1140425,0.13286399999999998,5
2020-02-05,Comm,0.13286399999999998,0.01718566666666667,5
2020-02-06,Comm,0.01718566666666667,0.06914000000000001,5
2020-02-07,Comm,0.06914000000000001,0.098301,5
2020-02-10,Comm,0.098301,0.1062,5
2020-02-11,Comm,0.1062,-0.0014583529411764495,5
2020-02-12,Comm,-0.0014583529411764495,0.15365222222222225,5
2020-02-13,Comm,0.15365222222222225,0.09172261904761904,5
2020-02-14,Comm,0.09172261904761904,0.19884833333333335,5
2020-02-18,Comm,0.19884833333333335,0.04021809523809524,5
2020-02-19,Comm,0.04021809523809524,0.03470309523809523,5
2020-02-20,Comm,0.03470309523809523,0.0010064285714285637,5
2020-02-21,Comm,0.0010064285714285637,-0.06984190476190476,5
2020-02-24,Comm,-0.06984190476190476,-0.02365666666666667,5
2020-02-25,Comm,-0.02365666666666667,0.07111666666666668,5
2020-02-26,Comm,0.07111666666666668,0.12558666666666668,5
2020-02-27,Comm,0.12558666666666668,0.13194,5
2020-02-28,Comm,0.13194,-0.08595571428571427,5
2020-03-02,Comm,-0.08595571428571427,0.10432666666666665,5
2020-03-03,Comm,0.10432666666666665,0.053108,5
2020-03-04,Comm,0.053108,0.10109666666666664,5
2020-03-05,Comm,0.10109666666666664,0.167375,5
2020-03-06,Comm,0.167375,0.163825,5
2020-03-09,Comm,0.163825,-0.010929999999999999,5
2020-03-10,Comm,-0.010929999999999999,-0.04432399999999999,5
2020-03-11,Comm,-0.04432399999999999,-0.07813999999999999,5
2020-03-12,Comm,-0.07813999999999999,-0.10706199999999999,5
2020-03-13,Comm,-0.10706199999999999,-0.029430999999999995,5
2020-03-16,Comm,-0.029430999999999995,-0.12763633333333332,5
2020-03-17,Comm,-0.12763633333333332,-0.01418733333333334,5
2020-03-18,Comm,-0.01418733333333334,-0.116092,5
2020-03-19,Comm,-0.116092,0.026205000000000013,5
2020-03-20,Comm,0.026205000000000013,-0.050164999999999994,5
2020-03-23,Comm,-0.050164999999999994,0.15670375324675323,5
2020-03-24,Comm,0.15670375324675323,0.1847887619047619,5
2020-03-25,Comm,0.1847887619047619,0.14511866666666667,5
2020-03-26,Comm,0.14511866666666667,0.12920166666666666,5
2020-03-27,Comm,0.12920166666666666,0.20956933333333336,5
2020-03-30,Comm,0.20956933333333336,0.18857999999999997,5
2020-03-31,Comm,0.18857999999999997,0.25873833333333335,5
2020-04-01,Comm,0.25873833333333335,0.14176166666666667,5
2020-04-02,Comm,0.14176166666666667,-0.09556,5
2020-04-03,Comm,-0.09556,0.21319476190476191,5
2020-04-06,Comm,0.21319476190476191,0.31779666666666667,5
2020-04-07,Comm,0.31779666666666667,0.2533263636363636,5
2020-04-08,Comm,0.2533263636363636,0.11384399999999999,5
2020-04-09,Comm,0.11384399999999999,-0.0028683333333333312,5
2020-04-13,Comm,-0.0028683333333333312,0.07171666666666668,5
2020-04-14,Comm,0.07171666666666668,0.22262228571428566,5
2020-04-15,Comm,0.22262228571428566,0.13729,5
2020-04-16,Comm,0.13729,0.248135,5
2020-04-17,Comm,0.248135,0.077486,5
2020-04-20,Comm,0.077486,0.057234999999999994,5
2020-04-21,Comm,0.057234999999999994,0.08243333333333333,5
2020-04-22,Comm,0.08243333333333333,0.1636464761904762,5
2020-04-23,Comm,0.1636464761904762,0.08730722222222223,5
2020-04-24,Comm,0.08730722222222223,0.015129090909090911,5
2020-04-27,Comm,0.015129090909090911,0.08147666666666667,5
2020-04-28,Comm,0.08147666666666667,0.13426050505050505,5
2020-04-29,Comm,0.13426050505050505,0.18466000000000002,5
2020-04-30,Comm,0.18466000000000002,0.06597583333333334,5
2020-05-01,Comm,0.06597583333333334,-0.07842833333333335,5
2020-05-04,Comm,-0.07842833333333335,0.07946711111111111,5
2020-05-05,Comm,0.07946711111111111,0.11926785714285715,5
2020-05-06,Comm,0.11926785714285715,-0.01728566666666668,5
2020-05-07,Comm,-0.01728566666666668,0.156832,5
2020-05-08,Comm,0.156832,0.18380200000000002,5
2020-05-11,Comm,0.18380200000000002,0.12894285714285714,5
2020-05-12,Comm,0.12894285714285714,0.075017,5
2020-05-13,Comm,0.075017,0.025479999999999996,5
2020-05-14,Comm,0.025479999999999996,0.1712533333333333,5
2020-05-15,Comm,0.1712533333333333,0.17504666666666668,5
2020-05-18,Comm,0.17504666666666668,0.1454511666666667,5
2020-05-19,Comm,0.1454511666666667,0.08390685714285714,5
2020-05-20,Comm,0.08390685714285714,0.06484609523809524,5
2020-05-21,Comm,0.06484609523809524,0.086415,5
2020-05-22,Comm,0.086415,-0.15977000000000002,5
2020-05-26,Comm,-0.15977000000000002,0.19349966666666668,5
2020-05-27,Comm,0.19349966666666668,0.20367083333333333,5
2020-05-28,Comm,0.20367083333333333,0.04726333333333333,5
2020-05-29,Comm,0.04726333333333333,0.09179400000000001,5
2020-06-01,Comm,0.09179400000000001,0.15972342857142857,5
2020-06-02,Comm,0.15972342857142857,0.17357666666666666,5
2020-06-03,Comm,0.17357666666666666,-0.06949000000000001,5
2020-06-04,Comm,-0.06949000000000001,0.13635,5
2020-06-05,Comm,0.13635,0.05946,5
2020-06-08,Comm,0.05946,0.1573975,5
2020-06-09,Comm,0.1573975,-0.07440999999999998,5
2020-06-10,Comm,-0.07440999999999998,-0.15966999999999998,5
2020-06-11,Comm,-0.15966999999999998,0.022160000000000003,5
2020-06-12,Comm,0.022160000000000003,-0.001811666666666667,5
2020-06-15,Comm,-0.001811666666666667,0.023173333333333317,5
2020-06-16,Comm,0.023173333333333317,0.09305,5
2020-06-17,Comm,0.09305,0.14213166666666668,5
2020-06-18,Comm,0.14213166666666668,0.015168999999999998,5
2020-06-19,Comm,0.015168999999999998,0.13021333333333332,5
2020-06-22,Comm,0.13021333333333332,0.14001666666666665,5
2020-06-23,Comm,0.14001666666666665,0.12241333333333333,5
2020-06-24,Comm,0.12241333333333333,0.10274121212121212,5
2020-06-25,Comm,0.10274121212121212,0.08696533333333334,5
2020-06-26,Comm,0.08696533333333334,0.24067333333333335,5
2020-06-29,Comm,0.24067333333333335,0.020961025641025643,5
2020-06-30,Comm,0.020961025641025643,0.11430761904761906,5
2020-07-01,Comm,0.11430761904761906,-0.005466666666666664,5
2020-07-02,Comm,-0.005466666666666664,0.04267833333333333,5
2020-07-06,Comm,0.04267833333333333,0.04434400000000001,5
2020-07-07,Comm,0.04434400000000001,0.08076000000000001,5
2020-07-08,Comm,0.08076000000000001,-0.10269500000000001,5
2020-07-09,Comm,-0.10269500000000001,0.034594999999999994,5
2020-07-10,Comm,0.034594999999999994,-0.011450000000000005,5
2020-07-13,Comm,-0.011450000000000005,0.021599999999999998,5
2020-07-14,Comm,0.021599999999999998,0.03231714285714286,5
2020-07-15,Comm,0.03231714285714286,0.06759333333333332,5
2020-07-16,Comm,0.06759333333333332,0.16243333333333335,5
2020-07-17,Comm,0.16243333333333335,0.036019999999999996,5
2020-07-20,Comm,0.036019999999999996,0.025556666666666672,5
2020-07-21,Comm,0.025556666666666672,0.17599666666666666,5
2020-07-22,Comm,0.17599666666666666,0.15954000000000002,5
2020-07-23,Comm,0.15954000000000002,-0.1304875,5
2020-07-24,Comm,-0.1304875,-0.004627499999999984,5
2020-07-27,Comm,-0.004627499999999984,0.05280000000000003,5
2020-07-28,Comm,0.05280000000000003,0.05001000000000002,5
2020-07-29,Comm,0.05001000000000002,-0.094745,5
2020-07-30,Comm,-0.094745,0.06398833333333334,5
2020-07-31,Comm,0.06398833333333334,0.09728999999999999,5
2020-08-03,Comm,0.09728999999999999,0.249764,5
2020-08-04,Comm,0.249764,0.08877538461538462,5
2020-08-05,Comm,0.08877538461538462,0.18969,5
2020-08-06,Comm,0.18969,0.13417809523809526,5
2020-08-07,Comm,0.13417809523809526,0.11544512820512823,5
2020-08-10,Comm,0.11544512820512823,0.23690333333333333,5
2020-08-11,Comm,0.23690333333333333,0.22663000000000003,5
2020-08-12,Comm,0.22663000000000003,0.13660333333333333,5
2020-08-13,Comm,0.13660333333333333,0.11237333333333335,5
2020-08-14,Comm,0.11237333333333335,-0.06364,5
2020-08-17,Comm,-0.06364,0.12658666666666668,5
2020-08-18,Comm,0.12658666666666668,0.12132666666666667,5
2020-08-19,Comm,0.12132666666666667,0.12132666666666667,5
2020-08-20,Comm,0.12132666666666667,0.0932,5
2020-08-21,Comm,0.0932,0.12368666666666668,5
2020-08-24,Comm,0.12368666666666668,0.01114,5
2020-08-25,Comm,0.01114,0.0075766666666666595,5
2020-08-26,Comm,0.0075766666666666595,0.098772,5
2020-08-27,Comm,0.098772,0.11682,5
2020-08-28,Comm,0.11682,0.16213166666666667,5
2020-08-31,Comm,0.16213166666666667,0.15215166666666666,5
2020-09-01,Comm,0.15215166666666666,0.136055,5
2020-09-02,Comm,0.136055,0.2752833333333333,5
2020-09-03,Comm,0.2752833333333333,0.15649857142857143,5
2020-09-04,Comm,0.15649857142857143,0.14909666666666668,5
2020-09-08,Comm,0.14909666666666668,0.171756,5
2020-09-09,Comm,0.171756,0.22763999999999998,5
2020-09-10,Comm,0.22763999999999998,0.20042,5
2020-09-11,Comm,0.20042,0.10828,5
2020-09-14,Comm,0.10828,0.05931166666666667,5
2020-09-15,Comm,0.05931166666666667,0.06895333333333334,5
2020-09-16,Comm,0.06895333333333334,0.08873,5
2020-09-17,Comm,0.08873,0.19130666666666668,5
2020-09-18,Comm,0.19130666666666668,0.067985,5
2020-09-21,Comm,0.067985,0.0836375,5
2020-09-22,Comm,0.0836375,0.18247,5
2020-09-23,Comm,0.18247,0.15525,5
2020-09-24,Comm,0.15525,0.131078,5
2020-09-25,Comm,0.131078,-0.04554199999999999,5
2020-09-28,Comm,-0.04554199999999999,0.15422550000000002,5
2020-09-29,Comm,0.15422550000000002,0.1110975,5
2020-09-30,Comm,0.1110975,0.11565999999999999,5
2020-10-01,Comm,0.11565999999999999,0.0007366666666666674,5
2020-10-02,Comm,0.0007366666666666674,-0.2101,5
2020-10-05,Comm,-0.2101,0.07105750000000001,5
2020-10-06,Comm,0.07105750000000001,0.05559000000000001,5
2020-10-07,Comm,0.05559000000000001,0.22238000000000002,5
2020-10-08,Comm,0.22238000000000002,-0.016493999999999988,5
2020-10-09,Comm,-0.016493999999999988,0.13680785714285715,5
2020-10-12,Comm,0.13680785714285715,0.0014978787878787898,5
2020-10-13,Comm,0.0014978787878787898,-0.047831428571428566,5
2020-10-14,Comm,-0.047831428571428566,0.22808200000000003,5
2020-10-15,Comm,0.22808200000000003,0.2973833333333334,5
2020-10-16,Comm,0.2973833333333334,0.20124499999999998,5
2020-10-19,Comm,0.20124499999999998,0.2748366666666667,5
2020-10-20,Comm,0.2748366666666667,0.21496999999999997,5
2020-10-21,Comm,0.21496999999999997,0.21910666666666664,5
2020-10-22,Comm,0.21910666666666664,0.09438333333333333,5
2020-10-23,Comm,0.09438333333333333,0.2264525,5
2020-10-26,Comm,0.2264525,0.2219925714285714,5
2020-10-27,Comm,0.2219925714285714,0.12988400000000003,5
2020-10-28,Comm,0.12988400000000003,0.16431800000000002,5
2020-10-29,Comm,0.16431800000000002,0.16944399999999998,5
2020-10-30,Comm,0.16944399999999998,0.22373999999999997,5
2020-11-02,Comm,0.22373999999999997,0.06413833333333332,5
2020-11-03,Comm,0.06413833333333332,-0.06955933333333333,5
2020-11-04,Comm,-0.06955933333333333,0.08431599999999999,5
2020-11-05,Comm,0.08431599999999999,-0.031196999999999996,5
2020-11-06,Comm,-0.031196999999999996,0.09671144607843138,5
2020-11-09,Comm,0.09671144607843138,0.20570857142857144,5
2020-11-10,Comm,0.20570857142857144,0.013265000000000016,5
2020-11-11,Comm,0.013265000000000016,-0.023635000000000007,5
2020-11-12,Comm,-0.023635000000000007,0.15018,5
2020-11-13,Comm,0.15018,0.223765,5
2020-11-16,Comm,0.223765,0.125346,5
2020-11-17,Comm,0.125346,0.115872,5
2020-11-18,Comm,0.115872,0.008979999999999998,5
2020-11-19,Comm,0.008979999999999998,0.05228714285714285,5
2020-11-20,Comm,0.05228714285714285,-0.0900825,5
2020-11-23,Comm,-0.0900825,0.03452666666666667,5
2020-11-24,Comm,0.03452666666666667,0.14435333333333333,5
2020-11-25,Comm,0.14435333333333333,0.16753200000000001,5
2020-11-27,Comm,0.16753200000000001,0.34934000000000004,5
2020-11-30,Comm,0.34934000000000004,0.32538666666666666,5
2020-12-01,Comm,0.32538666666666666,0.21305999999999997,5
2020-12-02,Comm,0.21305999999999997,0.07024,5
2020-12-03,Comm,0.07024,0.19685428571428573,5
2020-12-04,Comm,0.19685428571428573,0.26953,5
2020-12-07,Comm,0.26953,0.1645222222222222,5
2020-12-08,Comm,0.1645222222222222,0.1861418181818182,5
2020-12-09,Comm,0.1861418181818182,0.334375,5
2020-12-10,Comm,0.334375,0.2286975,5
2020-12-11,Comm,0.2286975,0.13661142857142855,5
2020-12-14,Comm,0.13661142857142855,0.0482675,5
2020-12-15,Comm,0.0482675,0.1282575,5
2020-12-16,Comm,0.1282575,0.08992178571428573,5
2020-12-17,Comm,0.08992178571428573,0.09116428571428573,5
2020-12-18,Comm,0.09116428571428573,0.1403835,5
2020-12-21,Comm,0.1403835,0.062107333333333334,5
2020-12-22,Comm,0.062107333333333334,0.0025566666666666698,5
2020-12-23,Comm,0.0025566666666666698,0.03396166666666667,5
2020-12-24,Comm,0.03396166666666667,0.023236666666666666,5
2020-12-28,Comm,0.023236666666666666,0.17931,5
2020-12-29,Comm,0.17931,0.21597999999999998,5
2020-12-30,Comm,0.21597999999999998,0.26442,5
2020-12-31,Comm,0.26442,0.2359990476190476,5
2021-01-04,Comm,0.2359990476190476,0.19355333333333333,5
2021-01-05,Comm,0.19355333333333333,0.06041166666666666,5
2021-01-06,Comm,0.06041166666666666,0.11120171428571428,5
2021-01-07,Comm,0.11120171428571428,0.16188000000000002,5
2021-01-08,Comm,0.16188000000000002,0.06883,5
2021-01-11,Comm,0.06883,0.21936999999999998,5
2021-01-12,Comm,0.21936999999999998,0.075815,5
2021-01-13,Comm,0.075815,-0.04493,5
2021-01-14,Comm,-0.04493,0.006122,5
2021-01-15,Comm,0.006122,0.01213333333333333,5
2021-01-19,Comm,0.01213333333333333,0.08876599999999998,5
2021-01-20,Comm,0.08876599999999998,-0.2,5
2021-01-21,Comm,-0.2,-0.18371466666666667,5
2021-01-22,Comm,-0.18371466666666667,-0.06190500000000001,5
2021-01-25,Comm,-0.06190500000000001,0.0754752380952381,5
2021-01-26,Comm,0.0754752380952381,-0.08972142857142856,5
2021-01-27,Comm,-0.08972142857142856,-0.022482,5
2021-01-28,Comm,-0.022482,0.18308833333333333,5
2021-01-29,Comm,0.18308833333333333,0.05877666666666666,5
2021-02-01,Comm,0.05877666666666666,0.4694533333333334,5
2021-02-02,Comm,0.4694533333333334,0.12638333333333335,5
2021-02-03,Comm,0.12638333333333335,0.08967333333333333,5
2021-02-04,Comm,0.08967333333333333,-0.023813333333333343,5
2021-02-05,Comm,-0.023813333333333343,0.03077000000000001,5
2021-02-08,Comm,0.03077000000000001,-0.00798833333333333,5
2021-02-09,Comm,-0.00798833333333333,0.03059095238095238,5
2021-02-10,Comm,0.03059095238095238,-0.0066810476190476255,5
2021-02-11,Comm,-0.0066810476190476255,0.120215,5
2021-02-12,Comm,0.120215,0.19704000000000002,5
2021-02-16,Comm,0.19704000000000002,0.10841757575757578,5
2021-02-17,Comm,0.10841757575757578,0.07452666666666667,5
2021-02-18,Comm,0.07452666666666667,0.1707,5
2021-02-19,Comm,0.1707,0.18639999999999998,5
2021-02-22,Comm,0.18639999999999998,0.147552,5
2021-02-23,Comm,0.147552,0.26206666666666667,5
2021-02-24,Comm,0.26206666666666667,-0.019178571428571423,5
2021-02-25,Comm,-0.019178571428571423,-0.049088888888888876,5
2021-02-26,Comm,-0.049088888888888876,-0.00769666666666666,5
2021-03-01,Comm,-0.00769666666666666,0.016930000000000004,5
2021-03-02,Comm,0.016930000000000004,0.16122,5
2021-03-03,Comm,0.16122,0.056625999999999996,5
2021-03-04,Comm,0.056625999999999996,0.154,5
2021-03-05,Comm,0.154,0.10985733333333333,5
2021-03-08,Comm,0.10985733333333333,-0.068966,5
2021-03-09,Comm,-0.068966,0.195184,5
2021-03-10,Comm,0.195184,0.1099375,5
2021-03-11,Comm,0.1099375,0.13156600000000002,5
2021-03-12,Comm,0.13156600000000002,0.15660857142857143,5
2021-03-15,Comm,0.15660857142857143,0.08673833333333333,5
2021-03-16,Comm,0.08673833333333333,0.10238133333333335,5
2021-03-17,Comm,0.10238133333333335,0.1295,5
2021-03-18,Comm,0.1295,-0.007813333333333321,5
2021-03-19,Comm,-0.007813333333333321,0.11760666666666668,5
2021-03-22,Comm,0.11760666666666668,0.056714999999999995,5
2021-03-23,Comm,0.056714999999999995,0.08136399999999999,5
2021-03-24,Comm,0.08136399999999999,0.18495,5
2021-03-25,Comm,0.18495,-0.002475999999999998,5
2021-03-26,Comm,-0.002475999999999998,0.025659999999999995,5
2021-03-29,Comm,0.025659999999999995,0.11906777777777777,5
2021-03-30,Comm,0.11906777777777777,0.12869,5
2021-03-31,Comm,0.12869,0.02023,5
2021-04-01,Comm,0.02023,0.06819,5
2021-04-05,Comm,0.06819,0.344484,5
2021-04-06,Comm,0.344484,0.2324809523809524,5
2021-04-07,Comm,0.2324809523809524,0.15944000000000003,5
2021-04-08,Comm,0.15944000000000003,0.23076666666666665,5
2021-04-09,Comm,0.23076666666666665,0.122094,5
2021-04-12,Comm,0.122094,-0.02026,5
2021-04-13,Comm,-0.02026,0.277324,5
2021-04-14,Comm,0.277324,0.16172,5
2021-04-15,Comm,0.16172,0.17260999999999999,5
2021-04-16,Comm,0.17260999999999999,0.17172,5
2021-04-19,Comm,0.17172,0.0013050000000000006,5
2021-04-20,Comm,0.0013050000000000006,0.0028971428571428538,5
2021-04-21,Comm,0.0028971428571428538,0.0029355555555555636,5
2021-04-22,Comm,0.0029355555555555636,0.0886721212121212,5
2021-04-23,Comm,0.0886721212121212,0.20769433333333334,5
2021-04-26,Comm,0.20769433333333334,0.03106333333333335,5
2021-04-27,Comm,0.03106333333333335,0.031104444444444445,5
2021-04-28,Comm,0.031104444444444445,0.21570666666666666,5
2021-04-29,Comm,0.21570666666666666,0.24272100000000002,5
2021-04-30,Comm,0.24272100000000002,0.2264266666666667,5
2021-05-03,Comm,0.2264266666666667,0.15644666666666668,5
2021-05-04,Comm,0.15644666666666668,0.302596,5
2021-05-05,Comm,0.302596,0.232668,5
2021-05-06,Comm,0.232668,0.22630133333333333,5
2021-05-07,Comm,0.22630133333333333,0.32683999999999996,5
2021-05-10,Comm,0.32683999999999996,-0.11144033333333334,5
2021-05-11,Comm,-0.11144033333333334,0.20482,5
2021-05-12,Comm,0.20482,0.08715,5
2021-05-13,Comm,0.08715,0.08715,5
2021-05-14,Comm,0.08715,0.025,5
2021-05-17,Comm,0.025,0.009774358974358983,5
2021-05-18,Comm,0.009774358974358983,0.005265666666666663,5
2021-05-19,Comm,0.005265666666666663,0.014016,5
2021-05-20,Comm,0.014016,0.109577,5
2021-05-21,Comm,0.109577,0.21222285714285713,5
2021-05-24,Comm,0.21222285714285713,-0.015649999999999987,5
2021-05-25,Comm,-0.015649999999999987,0.29361,5
2021-05-26,Comm,0.29361,0.23640857142857144,5
2021-05-27,Comm,0.23640857142857144,0.118326,5
2021-05-28,Comm,0.118326,0.4100036666666667,5
2021-06-01,Comm,0.4100036666666667,0.43561466666666665,5
2021-06-02,Comm,0.43561466666666665,0.12601,5
2021-06-03,Comm,0.12601,0.03159333333333334,5
2021-06-04,Comm,0.03159333333333334,0.295435,5
2021-06-07,Comm,0.295435,0.2696711111111111,5
2021-06-08,Comm,0.2696711111111111,0.36702666666666667,5
2021-06-09,Comm,0.36702666666666667,0.29006,5
2021-06-10,Comm,0.29006,0.06415371428571429,5
2021-06-11,Comm,0.06415371428571429,0.055872380952380965,5
2021-06-14,Comm,0.055872380952380965,0.0021466666666666743,5
2021-06-15,Comm,0.0021466666666666743,0.09738,5
2021-06-16,Comm,0.09738,0.22462,5
2021-06-17,Comm,0.22462,0.33214333333333335,5
2021-06-18,Comm,0.33214333333333335,0.14004,5
2021-06-21,Comm,0.14004,0.21744,5
2021-06-22,Comm,0.21744,0.06438000000000002,5
2021-06-23,Comm,0.06438000000000002,0.12380733333333334,5
2021-06-24,Comm,0.12380733333333334,0.01747333333333333,5
2021-06-25,Comm,0.01747333333333333,0.10543666666666666,5
2021-06-28,Comm,0.10543666666666666,0.32045599999999996,5
2021-06-29,Comm,0.32045599999999996,0.344036,5
2021-06-30,Comm,0.344036,0.2514045454545455,5
2021-07-01,Comm,0.2514045454545455,0.21166000000000001,5
2021-07-02,Comm,0.21166000000000001,0.0216,5
2021-07-06,Comm,0.0216,0.08536,5
2021-07-07,Comm,0.08536,0.07236400000000001,5
2021-07-08,Comm,0.07236400000000001,0.16462,5
2021-07-09,Comm,0.16462,0.26493333333333335,5
2021-07-12,Comm,0.26493333333333335,0.09792500000000001,5
2021-07-13,Comm,0.09792500000000001,0.11024,5
2021-07-14,Comm,0.11024,0.02266666666666667,5
2021-07-15,Comm,0.02266666666666667,0.05035333333333334,5
2021-07-16,Comm,0.05035333333333334,0.011308000000000002,5
2021-07-19,Comm,0.011308000000000002,0.27175666666666665,5
2021-07-20,Comm,0.27175666666666665,0.321286,5
2021-07-21,Comm,0.321286,0.03065,5
2021-07-22,Comm,0.03065,0.1972025,5
2021-07-23,Comm,0.1972025,0.10828666666666667,5
2021-07-26,Comm,0.10828666666666667,0.10838533333333333,5
2021-07-27,Comm,0.10838533333333333,0.10266333333333333,5
2021-07-28,Comm,0.10266333333333333,0.04188666666666667,5
2021-07-29,Comm,0.04188666666666667,0.13379309523809524,5
2021-07-30,Comm,0.13379309523809524,0.06667000000000001,5
2021-08-02,Comm,0.06667000000000001,0.06708583333333333,5
2021-08-03,Comm,0.06708583333333333,0.13033333333333333,5
2021-08-04,Comm,0.13033333333333333,0.10520999999999998,5
2021-08-05,Comm,0.10520999999999998,0.07657,5
2021-08-06,Comm,0.07657,0.17979999999999996,5
2021-08-09,Comm,0.17979999999999996,0.14785666666666666,5
2021-08-10,Comm,0.14785666666666666,0.05222333333333333,5
2021-08-11,Comm,0.05222333333333333,0.027790000000000002,5
2021-08-12,Comm,0.027790000000000002,0.2460316666666667,5
2021-08-13,Comm,0.2460316666666667,0.23788333333333336,5
2021-08-16,Comm,0.23788333333333336,0.08180261904761907,5
2021-08-17,Comm,0.08180261904761907,0.10211428571428574,5
2021-08-18,Comm,0.10211428571428574,-0.056956428571428575,5
2021-08-19,Comm,-0.056956428571428575,-0.036111,5
2021-08-20,Comm,-0.036111,0.025140000000000003,5
2021-08-23,Comm,0.025140000000000003,0.21510166666666666,5
2021-08-24,Comm,0.21510166666666666,0.3282,5
2021-08-25,Comm,0.3282,0.3467866666666667,5
2021-08-26,Comm,0.3467866666666667,0.29781,5
2021-08-27,Comm,0.29781,0.43975,5
2021-08-30,Comm,0.43975,0.181382,5
2021-08-31,Comm,0.181382,0.12099866666666666,5
2021-09-01,Comm,0.12099866666666666,0.12099866666666666,5
2021-09-02,Comm,0.12099866666666666,0.040642,5
2021-09-03,Comm,0.040642,0.18952666666666668,5
2021-09-07,Comm,0.18952666666666668,0.2688400000000001,5
2021-09-08,Comm,0.2688400000000001,0.25418166666666664,5
2021-09-09,Comm,0.25418166666666664,-0.08516685714285713,5
2021-09-10,Comm,-0.08516685714285713,0.16050999999999999,5
2021-09-13,Comm,0.16050999999999999,0.23660714285714288,5
2021-09-14,Comm,0.23660714285714288,0.12824333333333332,5
2021-09-15,Comm,0.12824333333333332,0.09563433333333334,5
2021-09-16,Comm,0.09563433333333334,0.08634,5
2021-09-17,Comm,0.08634,0.08275009523809525,5
2021-09-20,Comm,0.08275009523809525,0.3034075757575757,5
2021-09-21,Comm,0.3034075757575757,0.22721333333333335,5
2021-09-22,Comm,0.22721333333333335,0.15978399999999998,5
2021-09-23,Comm,0.15978399999999998,0.09025999999999999,5
2021-09-24,Comm,0.09025999999999999,-0.02844,5
2021-09-27,Comm,-0.02844,0.18226333333333336,5
2021-09-28,Comm,0.18226333333333336,0.059643000000000015,5
2021-09-29,Comm,0.059643000000000015,-0.13458,5
2021-09-30,Comm,-0.13458,0.10342666666666667,5
2021-10-01,Comm,0.10342666666666667,0.24498999999999999,5
2021-10-04,Comm,0.24498999999999999,0.018139999999999996,5
2021-10-05,Comm,0.018139999999999996,-0.004519999999999999,5
2021-10-06,Comm,-0.004519999999999999,0.13029666666666667,5
2021-10-07,Comm,0.13029666666666667,0.23674166666666668,5
2021-10-08,Comm,0.23674166666666668,0.0796,5
2021-10-11,Comm,0.0796,0.18658333333333332,5
2021-10-12,Comm,0.18658333333333332,0.27293,5
2021-10-13,Comm,0.27293,-0.01207666666666667,5
2021-10-14,Comm,-0.01207666666666667,-0.09812499999999999,5
2021-10-15,Comm,-0.09812499999999999,0.035234999999999975,5
2021-10-18,Comm,0.035234999999999975,0.26771,5
2021-10-19,Comm,0.26771,0.16258666666666668,5
2021-10-20,Comm,0.16258666666666668,0.21756666666666669,5
2021-10-21,Comm,0.21756666666666669,-0.012993571428571427,5
2021-10-22,Comm,-0.012993571428571427,0.23778833333333335,5
2021-10-25,Comm,0.23778833333333335,0.41015100000000004,5
2021-10-26,Comm,0.41015100000000004,0.2707571428571428,5
2021-10-27,Comm,0.2707571428571428,0.3082971428571428,5
2021-10-28,Comm,0.3082971428571428,0.1860133333333333,5
2021-10-29,Comm,0.1860133333333333,0.18426,5
2021-11-01,Comm,0.18426,0.14720500000000003,5
2021-11-02,Comm,0.14720500000000003,0.218895,5
2021-11-03,Comm,0.218895,0.11275550000000001,5
2021-11-04,Comm,0.11275550000000001,0.13950533333333334,5
2021-11-05,Comm,0.13950533333333334,0.18048666666666666,5
2021-11-08,Comm,0.18048666666666666,-0.15794666666666668,5
2021-11-09,Comm,-0.15794666666666668,-0.01454000000000002,5
2021-11-10,Comm,-0.01454000000000002,-0.18147333333333332,5
2021-11-11,Comm,-0.18147333333333332,-0.014333333333333347,5
2021-11-12,Comm,-0.014333333333333347,0.058373333333333347,5
2021-11-15,Comm,0.058373333333333347,0.129412,5
2021-11-16,Comm,0.129412,0.0203,5
2021-11-17,Comm,0.0203,-0.0023999999999999994,5
2021-11-18,Comm,-0.0023999999999999994,0.09115,5
2021-11-19,Comm,0.09115,0.04325,5
2021-11-22,Comm,0.04325,0.04068333333333333,5
2021-11-23,Comm,0.04068333333333333,0.13581400000000002,5
2021-11-24,Comm,0.13581400000000002,0.17971499999999999,5
2021-11-26,Comm,0.17971499999999999,0.07206000000000001,5
2021-11-29,Comm,0.07206000000000001,-0.12824,5
2021-11-30,Comm,-0.12824,-0.11933,5
2021-12-01,Comm,-0.11933,0.14463333333333334,5
2021-12-02,Comm,0.14463333333333334,-0.064,5
2021-12-03,Comm,-0.064,-0.021913333333333333,5
2021-12-06,Comm,-0.021913333333333333,0.03155111111111111,5
2021-12-07,Comm,0.03155111111111111,0.15863333333333335,5
2021-12-08,Comm,0.15863333333333335,0.20429000000000003,5
2021-12-09,Comm,0.20429000000000003,0.150055,5
2021-12-10,Comm,0.150055,0.15510666666666667,5
2021-12-13,Comm,0.15510666666666667,0.040465,5
2021-12-14,Comm,0.040465,0.08975333333333332,5
2021-12-15,Comm,0.08975333333333332,0.119254,5
2021-12-16,Comm,0.119254,0.20995750000000002,5
2021-12-17,Comm,0.20995750000000002,-0.029759999999999998,5
2021-12-20,Comm,-0.029759999999999998,0.19402,5
2021-12-21,Comm,0.19402,0.1391175,5
2021-12-22,Comm,0.1391175,0.2651466666666667,5
2021-12-23,Comm,0.2651466666666667,0.14253333333333335,5
2021-12-27,Comm,0.14253333333333335,0.16246583333333334,5
2021-12-28,Comm,0.16246583333333334,0.0971,5
2021-12-29,Comm,0.0971,0.08148666666666668,5
2021-12-30,Comm,0.08148666666666668,0.12137066666666665,5
2021-12-31,Comm,0.12137066666666665,-0.015073333333333333,5
2022-01-03,Comm,-0.015073333333333333,0.03453230769230769,5
2022-01-04,Comm,0.03453230769230769,0.0671,5
2022-01-05,Comm,0.0671,0.27218333333333333,5
2022-01-06,Comm,0.27218333333333333,0.270128,5
2022-01-07,Comm,0.270128,0.133331,5
2022-01-10,Comm,0.133331,0.11034857142857142,5
2022-01-11,Comm,0.11034857142857142,0.080425,5
2022-01-12,Comm,0.080425,0.15800533333333333,5
2022-01-13,Comm,0.15800533333333333,0.23033,5
2022-01-14,Comm,0.23033,0.0408,5
2022-01-18,Comm,0.0408,-0.09319915266106445,5
2022-01-19,Comm,-0.09319915266106445,0.06328333333333333,5
2022-01-20,Comm,0.06328333333333333,0.2773515151515151,5
2022-01-21,Comm,0.2773515151515151,0.3065333333333333,5
2022-01-24,Comm,0.3065333333333333,0.12331222222222223,5
2022-01-25,Comm,0.12331222222222223,0.07506666666666666,5
2022-01-26,Comm,0.07506666666666666,0.28515735294117645,5
2022-01-27,Comm,0.28515735294117645,0.17215011904761907,5
2022-01-28,Comm,0.17215011904761907,-0.142852,5
2022-01-31,Comm,-0.142852,0.093698,5
2022-02-01,Comm,0.093698,0.02870285714285714,5
2022-02-02,Comm,0.02870285714285714,0.14330666666666664,5
2022-02-03,Comm,0.14330666666666664,0.19037238095238096,5
2022-02-04,Comm,0.19037238095238096,0.022476000000000003,5
2022-02-07,Comm,0.022476000000000003,0.17957666666666666,5
2022-02-08,Comm,0.17957666666666666,0.084515,5
2022-02-09,Comm,0.084515,0.256076,5
2022-02-10,Comm,0.256076,0.4204933333333334,5
2022-02-11,Comm,0.4204933333333334,-0.05301333333333332,5
2022-02-14,Comm,-0.05301333333333332,0.18856933333333334,5
2022-02-15,Comm,0.18856933333333334,0.29796000000000006,5
2022-02-16,Comm,0.29796000000000006,0.14060999999999998,5
2022-02-17,Comm,0.14060999999999998,0.17063285714285711,5
2022-02-18,Comm,0.17063285714285711,0.13194,5
2022-02-22,Comm,0.13194,-0.06219857142857142,5
2022-02-23,Comm,-0.06219857142857142,-0.13194,5
2022-02-24,Comm,-0.13194,0.06420000000000001,5
2022-02-25,Comm,0.06420000000000001,0.08525333333333332,5
2022-02-28,Comm,0.08525333333333332,0.1937188888888889,5
2022-03-01,Comm,0.1937188888888889,0.19804,5
2022-03-02,Comm,0.19804,0.031564000000000016,5
2022-03-03,Comm,0.031564000000000016,0.0008719999999999839,5
2022-03-04,Comm,0.0008719999999999839,-0.10259,5
2022-03-07,Comm,-0.10259,0.05576333333333333,5
2022-03-08,Comm,0.05576333333333333,0.09051333333333332,5
2022-03-09,Comm,0.09051333333333332,0.10212999999999998,5
2022-03-10,Comm,0.10212999999999998,0.11886666666666668,5
2022-03-11,Comm,0.11886666666666668,0.079255,5
2022-03-14,Comm,0.079255,0.10785928571428571,5
2022-03-15,Comm,0.10785928571428571,0.151826,5
2022-03-16,Comm,0.151826,0.14306000000000002,5
2022-03-17,Comm,0.14306000000000002,0.07490666666666668,5
2022-03-18,Comm,0.07490666666666668,0.28582,5
2022-03-21,Comm,0.28582,0.163078,5
2022-03-22,Comm,0.163078,0.004096666666666682,5
2022-03-23,Comm,0.004096666666666682,0.06624500000000001,5
2022-03-24,Comm,0.06624500000000001,0.220885,5
2022-03-25,Comm,0.220885,0.06858500000000001,5
2022-03-28,Comm,0.06858500000000001,0.06674133333333333,5
2022-03-29,Comm,0.06674133333333333,0.10362533333333332,5
2022-03-30,Comm,0.10362533333333332,0.07804000000000001,5
2022-03-31,Comm,0.07804000000000001,0.14542,5
2022-04-01,Comm,0.14542,0.060160000000000005,5
2022-04-04,Comm,0.060160000000000005,0.147815,5
2022-04-05,Comm,0.147815,-0.069578,5
2022-04-06,Comm,-0.069578,-0.05691666666666666,5
2022-04-07,Comm,-0.05691666666666666,-0.08574166666666667,5
2022-04-08,Comm,-0.08574166666666667,-0.064635,5
2022-04-11,Comm,-0.064635,0.03854676470588235,5
2022-04-12,Comm,0.03854676470588235,0.22145,5
2022-04-13,Comm,0.22145,0.27252166666666666,5
2022-04-14,Comm,0.27252166666666666,0.008696000000000004,5
2022-04-18,Comm,0.008696000000000004,0.035902857142857146,5
2022-04-19,Comm,0.035902857142857146,-0.03867466666666666,5
2022-04-20,Comm,-0.03867466666666666,0.06027333333333333,5
2022-04-21,Comm,0.06027333333333333,0.15636494736842108,5
2022-04-22,Comm,0.15636494736842108,0.04176857142857143,5
2022-04-25,Comm,0.04176857142857143,0.068066,5
2022-04-26,Comm,0.068066,0.2819006666666667,5
2022-04-27,Comm,0.2819006666666667,0.07301071428571429,5
2022-04-28,Comm,0.07301071428571429,0.02522,5
2022-04-29,Comm,0.02522,0.047411,5
2022-05-02,Comm,0.047411,0.10205,5
2022-05-03,Comm,0.10205,0.09468000000000001,5
2022-05-04,Comm,0.09468000000000001,-0.051759999999999994,5
2022-05-05,Comm,-0.051759999999999994,-0.027333333333333328,5
2022-05-06,Comm,-0.027333333333333328,0.2349756666666667,5
2022-05-09,Comm,0.2349756666666667,-0.10928,5
2022-05-10,Comm,-0.10928,0.012272857142857141,5
2022-05-11,Comm,0.012272857142857141,-0.03325399999999999,5
2022-05-12,Comm,-0.03325399999999999,0.0024366666666666647,5
2022-05-13,Comm,0.0024366666666666647,0.07855666666666668,5
2022-05-16,Comm,0.07855666666666668,0.1071,5
2022-05-17,Comm,0.1071,0.01142333333333333,5
2022-05-18,Comm,0.01142333333333333,-0.021075,5
2022-05-19,Comm,-0.021075,0.04399000000000001,5
2022-05-20,Comm,0.04399000000000001,0.16309,5
2022-05-23,Comm,0.16309,0.043784000000000003,5
2022-05-24,Comm,0.043784000000000003,0.09552799999999999,5
2022-05-25,Comm,0.09552799999999999,0.20104285714285713,5
2022-05-26,Comm,0.20104285714285713,0.19954666666666668,5
2022-05-27,Comm,0.19954666666666668,0.09590333333333333,5
2022-05-31,Comm,0.09590333333333333,0.12422933333333334,5
2022-06-01,Comm,0.12422933333333334,0.10762000000000001,5
2022-06-02,Comm,0.10762000000000001,-0.07633000000000001,5
2022-06-03,Comm,-0.07633000000000001,0.06646533333333335,5
2022-06-06,Comm,0.06646533333333335,0.012750000000000017,5
2022-06-07,Comm,0.012750000000000017,0.116385,5
2022-06-08,Comm,0.116385,0.191892,5
2022-06-09,Comm,0.191892,0.08032133333333333,5
2022-06-10,Comm,0.08032133333333333,-0.031369999999999995,5
2022-06-13,Comm,-0.031369999999999995,0.09077,5
2022-06-14,Comm,0.09077,0.25620750000000003,5
2022-06-15,Comm,0.25620750000000003,0.040440000000000004,5
2022-06-16,Comm,0.040440000000000004,0.022036666666666666,5
2022-06-17,Comm,0.022036666666666666,0.136946,5
2022-06-21,Comm,0.136946,0.1759742857142857,5
2022-06-22,Comm,0.1759742857142857,0.162925,5
2022-06-23,Comm,0.162925,0.05360833333333333,5
2022-06-24,Comm,0.05360833333333333,0.012217333333333334,5
2022-06-27,Comm,0.012217333333333334,0.09763000000000001,5
2022-06-28,Comm,0.09763000000000001,0.11567000000000001,5
2022-06-29,Comm,0.11567000000000001,0.073245,5
2022-06-30,Comm,0.073245,0.1959216666666667,5
2022-07-01,Comm,0.1959216666666667,0.37637,5
2022-07-05,Comm,0.37637,0.27784333333333333,5
2022-07-06,Comm,0.27784333333333333,0.03612166666666665,5
2022-07-07,Comm,0.03612166666666665,0.19424166666666667,5
2022-07-08,Comm,0.19424166666666667,0.18768333333333334,5
2022-07-11,Comm,0.18768333333333334,0.1663333333333333,5
2022-07-12,Comm,0.1663333333333333,0.16039333333333333,5
2022-07-13,Comm,0.16039333333333333,-0.05716000000000001,5
2022-07-14,Comm,-0.05716000000000001,0.04177000000000001,5
2022-07-15,Comm,0.04177000000000001,-0.15861999999999998,5
2022-07-18,Comm,-0.15861999999999998,-0.03536892857142857,5
2022-07-19,Comm,-0.03536892857142857,0.17326999999999998,5
2022-07-20,Comm,0.17326999999999998,-0.06616333333333332,5
2022-07-21,Comm,-0.06616333333333332,0.09383133333333334,5
2022-07-22,Comm,0.09383133333333334,0.08600266666666666,5
2022-07-25,Comm,0.08600266666666666,-0.022425,5
2022-07-26,Comm,-0.022425,0.02059333333333333,5
2022-07-27,Comm,0.02059333333333333,0.06653666666666666,5
2022-07-28,Comm,0.06653666666666666,0.10078333333333331,5
2022-07-29,Comm,0.10078333333333331,0.11484000000000001,5
2022-08-01,Comm,0.11484000000000001,0.044908333333333335,5
2022-08-02,Comm,0.044908333333333335,0.047592499999999996,5
2022-08-03,Comm,0.047592499999999996,-0.026750000000000013,5
2022-08-04,Comm,-0.026750000000000013,0.08297333333333332,5
2022-08-05,Comm,0.08297333333333332,0.19222333333333333,5
2022-08-08,Comm,0.19222333333333333,-0.152288,5
2022-08-09,Comm,-0.152288,-0.011889999999999989,5
2022-08-10,Comm,-0.011889999999999989,0.170978,5
2022-08-11,Comm,0.170978,0.03246166666666668,5
2022-08-12,Comm,0.03246166666666668,0.0695,5
2022-08-15,Comm,0.0695,0.08424833333333333,5
2022-08-16,Comm,0.08424833333333333,0.11510833333333334,5
2022-08-17,Comm,0.11510833333333334,-0.00653333333333333,5
2022-08-18,Comm,-0.00653333333333333,0.004529999999999999,5
2022-08-19,Comm,0.004529999999999999,-0.174035,5
2022-08-22,Comm,-0.174035,0.21372,5
2022-08-23,Comm,0.21372,0.24194333333333332,5
2022-08-24,Comm,0.24194333333333332,0.10428666666666667,5
2022-08-25,Comm,0.10428666666666667,0.05079166666666666,5
2022-08-26,Comm,0.05079166666666666,-0.10375083333333335,5
2022-08-29,Comm,-0.10375083333333335,0.13988166666666665,5
2022-08-30,Comm,0.13988166666666665,-0.05726,5
2022-08-31,Comm,-0.05726,0.15776333333333334,5
2022-09-01,Comm,0.15776333333333334,0.08216666666666667,5
2022-09-02,Comm,0.08216666666666667,0.10773000000000002,5
2022-09-06,Comm,0.10773000000000002,0.17733,5
2022-09-07,Comm,0.17733,0.08317809523809525,5
2022-09-08,Comm,0.08317809523809525,0.22610076190476186,5
2022-09-09,Comm,0.22610076190476186,-0.028329999999999987,5
2022-09-12,Comm,-0.028329999999999987,-0.029178095238095236,5
2022-09-13,Comm,-0.029178095238095236,-0.07895066666666666,5
2022-09-14,Comm,-0.07895066666666666,0.09447333333333334,5
2022-09-15,Comm,0.09447333333333334,0.1273216666666667,5
2022-09-16,Comm,0.1273216666666667,0.11408666666666667,5
2022-09-19,Comm,0.11408666666666667,0.036989636363636356,5
2022-09-20,Comm,0.036989636363636356,0.09642500000000001,5
2022-09-21,Comm,0.09642500000000001,0.140432,5
2022-09-22,Comm,0.140432,0.029385000000000005,5
2022-09-23,Comm,0.029385000000000005,0.133952,5
2022-09-26,Comm,0.133952,0.10272333333333335,5
2022-09-27,Comm,0.10272333333333335,0.18896833333333335,5
2022-09-28,Comm,0.18896833333333335,0.27585552380952383,5
2022-09-29,Comm,0.27585552380952383,0.06220333333333332,5
2022-09-30,Comm,0.06220333333333332,0.11546833333333333,5
2022-10-03,Comm,0.11546833333333333,0.24489099999999997,5
2022-10-04,Comm,0.24489099999999997,0.11383999999999998,5
2022-10-05,Comm,0.11383999999999998,0.26416,5
2022-10-06,Comm,0.26416,0.079815,5
2022-10-07,Comm,0.079815,0.16219666666666668,5
2022-10-10,Comm,0.16219666666666668,0.06091,5
2022-10-11,Comm,0.06091,0.04307066666666667,5
2022-10-12,Comm,0.04307066666666667,0.09894,5
2022-10-13,Comm,0.09894,-0.095495,5
2022-10-14,Comm,-0.095495,-0.134185,5
2022-10-17,Comm,-0.134185,0.221326,5
2022-10-18,Comm,0.221326,0.1565,5
2022-10-19,Comm,0.1565,0.05046416666666668,5
2022-10-20,Comm,0.05046416666666668,0.09232777777777777,5
2022-10-21,Comm,0.09232777777777777,0.06912777777777779,5
2022-10-24,Comm,0.06912777777777779,0.13608499999999998,5
2022-10-25,Comm,0.13608499999999998,-0.007528888888888885,5
2022-10-26,Comm,-0.007528888888888885,-0.04353333333333333,5
2022-10-27,Comm,-0.04353333333333333,0.12159666666666666,5
2022-10-28,Comm,0.12159666666666666,0.18584285714285714,5
2022-10-31,Comm,0.18584285714285714,0.21282685714285715,5
2022-11-01,Comm,0.21282685714285715,0.14251399999999997,5
2022-11-02,Comm,0.14251399999999997,0.013989999999999997,5
2022-11-03,Comm,0.013989999999999997,0.06731333333333334,5
2022-11-04,Comm,0.06731333333333334,0.00270999999999999,5
2022-11-07,Comm,0.00270999999999999,-0.11895066666666665,5
2022-11-08,Comm,-0.11895066666666665,0.04923,5
2022-11-09,Comm,0.04923,0.030395000000000005,5
2022-11-10,Comm,0.030395000000000005,0.04046,5
2022-11-11,Comm,0.04046,0.0,5
2022-11-14,Comm,0.0,0.352572619047619,5
2022-11-15,Comm,0.352572619047619,0.0497,5
2022-11-16,Comm,0.0497,0.08627333333333334,5
2022-11-17,Comm,0.08627333333333334,-0.010206666666666668,5
2022-11-18,Comm,-0.010206666666666668,-0.010206666666666668,5
2022-11-21,Comm,-0.010206666666666668,0.19752333333333333,5
2022-11-22,Comm,0.19752333333333333,0.2747166666666666,5
2022-11-23,Comm,0.2747166666666666,0.16834666666666664,5
2022-11-25,Comm,0.16834666666666664,0.32519666666666663,5
2022-11-28,Comm,0.32519666666666663,0.3686866666666667,5
2022-11-29,Comm,0.3686866666666667,0.3972933333333334,5
2022-11-30,Comm,0.3972933333333334,0.29488,5
2022-12-01,Comm,0.29488,0.10304666666666666,5
2022-12-02,Comm,0.10304666666666666,0.25708000000000003,5
2022-12-05,Comm,0.25708000000000003,0.12937114285714285,5
2022-12-06,Comm,0.12937114285714285,0.183246,5
2022-12-07,Comm,0.183246,0.086216,5
2022-12-08,Comm,0.086216,0.10483666666666666,5
2022-12-09,Comm,0.10483666666666666,-0.15739999999999998,5
2022-12-12,Comm,-0.15739999999999998,-0.097,5
2022-12-13,Comm,-0.097,-0.15662800000000002,5
2022-12-14,Comm,-0.15662800000000002,-0.05557666666666666,5
2022-12-15,Comm,-0.05557666666666666,0.077025,5
2022-12-16,Comm,0.077025,-0.136945,5
2022-12-19,Comm,-0.136945,0.122645,5
2022-12-20,Comm,0.122645,0.29464000000000007,5
2022-12-21,Comm,0.29464000000000007,0.046350000000000016,5
2022-12-22,Comm,0.046350000000000016,0.01531999999999999,5
2022-12-23,Comm,0.01531999999999999,0.16254,5
2022-12-27,Comm,0.16254,0.16654000000000002,5
2022-12-28,Comm,0.16654000000000002,0.077467,5
2022-12-29,Comm,0.077467,0.027782000000000008,5
2022-12-30,Comm,0.027782000000000008,0.002432000000000001,5
2023-01-03,Comm,0.002432000000000001,0.003713714285714284,5
2023-01-04,Comm,0.003713714285714284,0.028546666666666665,5
2023-01-05,Comm,0.028546666666666665,0.058599999999999985,5
2023-01-06,Comm,0.058599999999999985,0.24178666666666668,5
2023-01-09,Comm,0.24178666666666668,0.34460999999999997,5
2023-01-10,Comm,0.34460999999999997,0.37448333333333333,5
2023-01-11,Comm,0.37448333333333333,0.21077666666666667,5
2023-01-12,Comm,0.21077666666666667,0.10675266666666668,5
2023-01-13,Comm,0.10675266666666668,0.18216666666666667,5
2023-01-17,Comm,0.18216666666666667,0.22911,5
2023-01-18,Comm,0.22911,0.05090666666666667,5
2023-01-19,Comm,0.05090666666666667,0.05410666666666668,5
2023-01-20,Comm,0.05410666666666668,0.003740000000000007,5
2023-01-23,Comm,0.003740000000000007,0.053615,5
2023-01-24,Comm,0.053615,0.038075000000000005,5
2023-01-25,Comm,0.038075000000000005,0.0014257142857142858,5
2023-01-26,Comm,0.0014257142857142858,0.21507560606060605,5
2023-01-27,Comm,0.21507560606060605,0.09685466666666664,5
2023-01-30,Comm,0.09685466666666664,0.07409666666666666,5
2023-01-31,Comm,0.07409666666666666,-0.01744888888888889,5
2023-02-01,Comm,-0.01744888888888889,-0.03312666666666667,5
2023-02-02,Comm,-0.03312666666666667,0.10363600000000002,5
2023-02-03,Comm,0.10363600000000002,0.18137,5
2023-02-06,Comm,0.18137,-0.0064599999999999744,5
2023-02-07,Comm,-0.0064599999999999744,0.027477,5
2023-02-08,Comm,0.027477,0.03026,5
2023-02-09,Comm,0.03026,0.049214999999999995,5
2023-02-10,Comm,0.049214999999999995,0.12910999999999997,5
2023-02-13,Comm,0.12910999999999997,-0.027247999999999994,5
2023-02-14,Comm,-0.027247999999999994,-0.013308,5
2023-02-15,Comm,-0.013308,0.18669666666666665,5
2023-02-16,Comm,0.18669666666666665,0.02366,5
2023-02-17,Comm,0.02366,0.26779,5
2023-02-21,Comm,0.26779,0.11633476190476191,5
2023-02-22,Comm,0.11633476190476191,0.11090333333333333,5
2023-02-23,Comm,0.11090333333333333,0.12297,5
2023-02-24,Comm,0.12297,0.12728,5
2023-02-27,Comm,0.12728,0.13392333333333334,5
2023-02-28,Comm,0.13392333333333334,0.13401000000000002,5
2023-03-01,Comm,0.13401000000000002,-0.02063250000000001,5
2023-03-02,Comm,-0.02063250000000001,0.25814,5
2023-03-03,Comm,0.25814,0.16934,5
2023-03-06,Comm,0.16934,0.02023,5
2023-03-07,Comm,0.02023,0.17477,5
2023-03-08,Comm,0.17477,0.047799999999999995,5
2023-03-09,Comm,0.047799999999999995,0.02849666666666667,5
2023-03-10,Comm,0.02849666666666667,0.025708,5
2023-03-13,Comm,0.025708,0.06463933333333334,5
2023-03-14,Comm,0.06463933333333334,0.081306,5
2023-03-15,Comm,0.081306,0.13586,5
2023-03-16,Comm,0.13586,0.1414582857142857,5
2023-03-17,Comm,0.1414582857142857,0.092,5
2023-03-20,Comm,0.092,0.18363400000000002,5
2023-03-21,Comm,0.18363400000000002,0.084422,5
2023-03-22,Comm,0.084422,0.11946666666666668,5
2023-03-23,Comm,0.11946666666666668,0.31221,5
2023-03-24,Comm,0.31221,0.31461,5
2023-03-27,Comm,0.31461,0.2582242857142857,5
2023-03-28,Comm,0.2582242857142857,0.26202333333333333,5
2023-03-29,Comm,0.26202333333333333,0.08532666666666668,5
2023-03-30,Comm,0.08532666666666668,0.16473333333333334,5
2023-03-31,Comm,0.16473333333333334,0.19658533333333333,5
2023-04-03,Comm,0.19658533333333333,0.13727738095238096,5
2023-04-04,Comm,0.13727738095238096,0.059763,5
2023-04-05,Comm,0.059763,0.022487999999999998,5
2023-04-06,Comm,0.022487999999999998,0.22454000000000002,5
2023-04-10,Comm,0.22454000000000002,0.03769666666666667,5
2023-04-11,Comm,0.03769666666666667,0.02508,5
2023-04-12,Comm,0.02508,0.14808,5
2023-04-13,Comm,0.14808,0.0014371428571428578,5
2023-04-14,Comm,0.0014371428571428578,0.013370476190476191,5
2023-04-17,Comm,0.013370476190476191,0.014846666666666666,5
2023-04-18,Comm,0.014846666666666666,0.07430809523809526,5
2023-04-19,Comm,0.07430809523809526,0.08130066666666666,5
2023-04-20,Comm,0.08130066666666666,-0.041993846153846145,5
2023-04-21,Comm,-0.041993846153846145,0.2675540909090909,5
2023-04-24,Comm,0.2675540909090909,0.06711779220779217,5
2023-04-25,Comm,0.06711779220779217,-0.13645666666666667,5
2023-04-26,Comm,-0.13645666666666667,0.03399777777777778,5
2023-04-27,Comm,0.03399777777777778,0.05444142857142857,5
2023-04-28,Comm,0.05444142857142857,0.002528888888888886,5
2023-05-01,Comm,0.002528888888888886,0.007800000000000001,5
2023-05-02,Comm,0.007800000000000001,0.05378166666666667,5
2023-05-03,Comm,0.05378166666666667,0.11889666666666669,5
2023-05-04,Comm,0.11889666666666669,0.018290000000000008,5
2023-05-05,Comm,0.018290000000000008,0.31838,5
2023-05-08,Comm,0.31838,0.06748666666666667,5
2023-05-09,Comm,0.06748666666666667,-0.004120000000000001,5
2023-05-10,Comm,-0.004120000000000001,0.08382444444444445,5
2023-05-11,Comm,0.08382444444444445,0.2863142857142857,5
2023-05-12,Comm,0.2863142857142857,0.188785,5
2023-05-15,Comm,0.188785,0.055295666666666674,5
2023-05-16,Comm,0.055295666666666674,0.09620666666666668,5
2023-05-17,Comm,0.09620666666666668,0.019611666666666666,5
2023-05-18,Comm,0.019611666666666666,0.03834,5
2023-05-19,Comm,0.03834,0.25138666666666665,5
2023-05-22,Comm,0.25138666666666665,0.12076200000000001,5
2023-05-23,Comm,0.12076200000000001,0.033327,5
2023-05-24,Comm,0.033327,0.06454666666666667,5
2023-05-25,Comm,0.06454666666666667,0.05187200000000001,5
2023-05-26,Comm,0.05187200000000001,0.2987266666666667,5
2023-05-30,Comm,0.2987266666666667,0.00357666666666667,5
2023-05-31,Comm,0.00357666666666667,0.09653999999999999,5
2023-06-01,Comm,0.09653999999999999,0.10456666666666667,5
2023-06-02,Comm,0.10456666666666667,-0.012118846153846152,5
2023-06-05,Comm,-0.012118846153846152,0.08271066666666667,5
2023-06-06,Comm,0.08271066666666667,0.091405,5
2023-06-07,Comm,0.091405,0.22582666666666668,5
2023-06-08,Comm,0.22582666666666668,0.09114166666666665,5
2023-06-09,Comm,0.09114166666666665,0.21964333333333336,5
2023-06-12,Comm,0.21964333333333336,0.10272666666666667,5
2023-06-13,Comm,0.10272666666666667,0.13712833333333332,5
2023-06-14,Comm,0.13712833333333332,0.19680999999999998,5
2023-06-15,Comm,0.19680999999999998,0.076427,5
2023-06-16,Comm,0.076427,0.17077666666666666,5
2023-06-20,Comm,0.17077666666666666,0.10486200000000001,5
2023-06-21,Comm,0.10486200000000001,0.11794,5
2023-06-22,Comm,0.11794,0.23738,5
2023-06-23,Comm,0.23738,0.046450000000000005,5
2023-06-26,Comm,0.046450000000000005,0.12345277777777779,5
2023-06-27,Comm,0.12345277777777779,0.176568,5
2023-06-28,Comm,0.176568,0.013440000000000007,5
2023-06-29,Comm,0.013440000000000007,0.08287333333333333,5
2023-06-30,Comm,0.08287333333333333,0.008473333333333338,5
2023-07-03,Comm,0.008473333333333338,0.130212,5
2023-07-05,Comm,0.130212,0.21941833333333333,5
2023-07-06,Comm,0.21941833333333333,0.12168000000000001,5
2023-07-07,Comm,0.12168000000000001,0.15649266666666667,5
2023-07-10,Comm,0.15649266666666667,0.05816,5
2023-07-11,Comm,0.05816,0.115675,5
2023-07-12,Comm,0.115675,0.10722533333333333,5
2023-07-13,Comm,0.10722533333333333,0.12382833333333335,5
2023-07-14,Comm,0.12382833333333335,0.11650901960784314,5
2023-07-17,Comm,0.11650901960784314,-0.08971504273504274,5
2023-07-18,Comm,-0.08971504273504274,0.0687321212121212,5
2023-07-19,Comm,0.0687321212121212,0.20155529411764705,5
2023-07-20,Comm,0.20155529411764705,-0.002319999999999997,5
2023-07-21,Comm,-0.002319999999999997,0.06680780952380952,5
2023-07-24,Comm,0.06680780952380952,0.049916666666666665,5
2023-07-25,Comm,0.049916666666666665,-0.06945766666666667,5
2023-07-26,Comm,-0.06945766666666667,0.202827,5
2023-07-27,Comm,0.202827,0.04005333333333334,5
2023-07-28,Comm,0.04005333333333334,0.13205833333333333,5
2023-07-31,Comm,0.13205833333333333,0.12548077272727273,5
2023-08-01,Comm,0.12548077272727273,0.30157628571428574,5
2023-08-02,Comm,0.30157628571428574,0.17215666666666668,5
2023-08-03,Comm,0.17215666666666668,0.03890142857142857,5
2023-08-04,Comm,0.03890142857142857,0.052344999999999996,5
2023-08-07,Comm,0.052344999999999996,0.102054,5
2023-08-08,Comm,0.102054,0.165449,5
2023-08-09,Comm,0.165449,0.08984466666666667,5
2023-08-10,Comm,0.08984466666666667,0.08043,5
2023-08-11,Comm,0.08043,0.08274166666666664,5
2023-08-14,Comm,0.08274166666666664,0.03611166666666667,5
2023-08-15,Comm,0.03611166666666667,0.04544666666666668,5
2023-08-16,Comm,0.04544666666666668,0.11583000000000002,5
2023-08-17,Comm,0.11583000000000002,0.06904,5
2023-08-18,Comm,0.06904,0.13355,5
2023-08-21,Comm,0.13355,0.028348571428571428,5
2023-08-22,Comm,0.028348571428571428,-0.005667999999999995,5
2023-08-23,Comm,-0.005667999999999995,-0.003070555555555543,5
2023-08-24,Comm,-0.003070555555555543,-0.012975333333333316,5
2023-08-25,Comm,-0.012975333333333316,-0.10324666666666667,5
2023-08-28,Comm,-0.10324666666666667,-0.003645999999999994,5
2023-08-29,Comm,-0.003645999999999994,0.04183750000000001,5
2023-08-30,Comm,0.04183750000000001,-0.01321266666666666,5
2023-08-31,Comm,-0.01321266666666666,0.11901666666666669,5
2023-09-01,Comm,0.11901666666666669,0.008145000000000008,5
2023-09-05,Comm,0.008145000000000008,0.40598999999999996,5
2023-09-06,Comm,0.40598999999999996,0.14157333333333333,5
2023-09-07,Comm,0.14157333333333333,0.15820133333333333,5
2023-09-08,Comm,0.15820133333333333,0.1408346666666667,5
2023-09-11,Comm,0.1408346666666667,0.08727833333333335,5
2023-09-12,Comm,0.08727833333333335,0.11792666666666667,5
2023-09-13,Comm,0.11792666666666667,0.04769833333333333,5
2023-09-14,Comm,0.04769833333333333,0.10732,5
2023-09-15,Comm,0.10732,0.039151666666666675,5
2023-09-18,Comm,0.039151666666666675,0.09988833333333333,5
2023-09-19,Comm,0.09988833333333333,0.087655,5
2023-09-20,Comm,0.087655,0.15463,5
2023-09-21,Comm,0.15463,0.039676666666666666,5
2023-09-22,Comm,0.039676666666666666,0.017471999999999998,5
2023-09-25,Comm,0.017471999999999998,-0.03797800000000001,5
2023-09-26,Comm,-0.03797800000000001,0.15773333333333334,5
2023-09-27,Comm,0.15773333333333334,0.17202,5
2023-09-28,Comm,0.17202,0.07043914285714287,5
2023-09-29,Comm,0.07043914285714287,0.32763,5
2023-10-02,Comm,0.32763,0.264206,5
2023-10-03,Comm,0.264206,0.137316,5
2023-10-04,Comm,0.137316,0.18866285714285713,5
2023-10-05,Comm,0.18866285714285713,0.11482333333333332,5
2023-10-06,Comm,0.11482333333333332,0.1772175,5
2023-10-09,Comm,0.1772175,0.16567333333333334,5
2023-10-10,Comm,0.16567333333333334,0.191072,5
2023-10-11,Comm,0.191072,0.28165699999999994,5
2023-10-12,Comm,0.28165699999999994,0.08808333333333333,5
2023-10-13,Comm,0.08808333333333333,0.0125,5
2023-10-16,Comm,0.0125,0.016153333333333332,5
2023-10-17,Comm,0.016153333333333332,-0.06775,5
2023-10-18,Comm,-0.06775,0.04229666666666666,5
2023-10-19,Comm,0.04229666666666666,0.18280629629629627,5
2023-10-20,Comm,0.18280629629629627,0.08412121212121212,5
2023-10-23,Comm,0.08412121212121212,0.015139999999999997,5
2023-10-24,Comm,0.015139999999999997,0.10660809523809525,5
2023-10-25,Comm,0.10660809523809525,0.10521004761904762,5
2023-10-26,Comm,0.10521004761904762,0.10006042735042735,5
2023-10-27,Comm,0.10006042735042735,-0.07309566666666667,5
2023-10-30,Comm,-0.07309566666666667,0.22667333333333337,5
2023-10-31,Comm,0.22667333333333337,0.068276,5
2023-11-01,Comm,0.068276,-0.013669999999999983,5
2023-11-02,Comm,-0.013669999999999983,0.05260833333333333,5
2023-11-03,Comm,0.05260833333333333,0.09667200000000001,5
2023-11-06,Comm,0.09667200000000001,0.053104,5
2023-11-07,Comm,0.053104,0.17696,5
2023-11-08,Comm,0.17696,0.11595466666666665,5
2023-11-09,Comm,0.11595466666666665,0.2809704761904762,5
2023-11-10,Comm,0.2809704761904762,0.064604,5
2023-11-13,Comm,0.064604,0.10813999999999999,5
2023-11-14,Comm,0.10813999999999999,0.12023000000000002,5
2023-11-15,Comm,0.12023000000000002,0.07618,5
2023-11-16,Comm,0.07618,-0.054746666666666666,5
2023-11-17,Comm,-0.054746666666666666,-0.059199999999999996,5
2023-11-20,Comm,-0.059199999999999996,0.033025,5
2023-11-21,Comm,0.033025,0.05645500000000001,5
2023-11-22,Comm,0.05645500000000001,-0.055105333333333326,5
2023-11-24,Comm,-0.055105333333333326,0.09696,5
2023-11-27,Comm,0.09696,0.00028333333333333823,5
2023-11-28,Comm,0.00028333333333333823,0.07564599999999999,5
2023-11-29,Comm,0.07564599999999999,0.038913333333333334,5
2023-11-30,Comm,0.038913333333333334,0.20168,5
2023-12-01,Comm,0.20168,0.138015,5
2023-12-04,Comm,0.138015,0.08354933333333334,5
2023-12-05,Comm,0.08354933333333334,0.08863584615384616,5
2023-12-06,Comm,0.08863584615384616,0.039408333333333344,5
2023-12-07,Comm,0.039408333333333344,0.05658166666666666,5
2023-12-08,Comm,0.05658166666666666,0.134295,5
2023-12-11,Comm,0.134295,0.08932571428571429,5
2023-12-12,Comm,0.08932571428571429,0.13960793650793651,5
2023-12-13,Comm,0.13960793650793651,0.140963,5
2023-12-14,Comm,0.140963,0.14391133333333334,5
2023-12-15,Comm,0.14391133333333334,-0.010206666666666668,5
2023-12-18,Comm,-0.010206666666666668,0.23851742857142857,5
2023-12-19,Comm,0.23851742857142857,0.23851742857142857,5
2023-12-20,Comm,0.23851742857142857,0.23851742857142857,5
2023-12-21,Comm,0.23851742857142857,0.23851742857142857,5
2023-12-22,Comm,0.23851742857142857,0.23851742857142857,5
2023-12-26,Comm,0.23851742857142857,0.23851742857142857,5
2023-12-27,Comm,0.23851742857142857,0.23851742857142857,5
2023-12-28,Comm,0.23851742857142857,0.23851742857142857,5
2023-12-29,Comm,0.23851742857142857,0.23851742857142857,5
2020-01-02,Consumer,0.0,-0.06894547619047618,5
2020-01-03,Consumer,-0.06894547619047618,-0.22778666666666667,5
2020-01-06,Consumer,-0.22778666666666667,0.10678931372549019,5
2020-01-07,Consumer,0.10678931372549019,0.157896,5
2020-01-08,Consumer,0.157896,0.13377,5
2020-01-09,Consumer,0.13377,0.3538848412698413,5
2020-01-10,Consumer,0.3538848412698413,0.004144000000000004,5
2020-01-13,Consumer,0.004144000000000004,0.08908528571428571,5
2020-01-14,Consumer,0.08908528571428571,0.04081833333333333,5
2020-01-15,Consumer,0.04081833333333333,0.09546038095238095,5
2020-01-16,Consumer,0.09546038095238095,0.17721542857142858,5
2020-01-17,Consumer,0.17721542857142858,0.08010533333333332,5
2020-01-21,Consumer,0.08010533333333332,0.07009310606060606,5
2020-01-22,Consumer,0.07009310606060606,0.08442657142857143,5
2020-01-23,Consumer,0.08442657142857143,0.12383966666666668,5
2020-01-24,Consumer,0.12383966666666668,0.07866423076923076,5
2020-01-27,Consumer,0.07866423076923076,0.03340555555555556,5
2020-01-28,Consumer,0.03340555555555556,0.03574014285714286,5
2020-01-29,Consumer,0.03574014285714286,0.009217761904761899,5
2020-01-30,Consumer,0.009217761904761899,0.019245333333333337,5
2020-01-31,Consumer,0.019245333333333337,-0.02337858585858586,5
2020-02-03,Consumer,-0.02337858585858586,0.16130740259740262,5
2020-02-04,Consumer,0.16130740259740262,0.17775909090909092,5
2020-02-05,Consumer,0.17775909090909092,0.05753833333333332,5
2020-02-06,Consumer,0.05753833333333332,0.17624,5
2020-02-07,Consumer,0.17624,0.22116499999999997,5
2020-02-10,Consumer,0.22116499999999997,-0.006942857142857142,5
2020-02-11,Consumer,-0.006942857142857142,0.04548616666666667,5
2020-02-12,Consumer,0.04548616666666667,-0.027237352941176473,5
2020-02-13,Consumer,-0.027237352941176473,-0.018941068627450992,5
2020-02-14,Consumer,-0.018941068627450992,-0.05277816666666666,5
2020-02-18,Consumer,-0.05277816666666666,0.18536321428571428,5
2020-02-19,Consumer,0.18536321428571428,0.17390371428571424,5
2020-02-20,Consumer,0.17390371428571424,0.045518142857142854,5
2020-02-21,Consumer,0.045518142857142854,0.0760637777777778,5
2020-02-24,Consumer,0.0760637777777778,-0.0017078571428571498,5
2020-02-25,Consumer,-0.0017078571428571498,0.16376858974358974,5
2020-02-26,Consumer,0.16376858974358974,0.10077,5
2020-02-27,Consumer,0.10077,0.07347533333333334,5
2020-02-28,Consumer,0.07347533333333334,-0.12810166666666664,5
2020-03-02,Consumer,-0.12810166666666664,0.05835970085470086,5
2020-03-03,Consumer,0.05835970085470086,0.18419,5
2020-03-04,Consumer,0.18419,0.14410666666666666,5
2020-03-05,Consumer,0.14410666666666666,0.07775309090909091,5
2020-03-06,Consumer,0.07775309090909091,0.045259505494505504,5
2020-03-09,Consumer,0.045259505494505504,0.06345320512820514,5
2020-03-10,Consumer,0.06345320512820514,0.0003216565656565695,5
2020-03-11,Consumer,0.0003216565656565695,-0.04829990476190476,5
2020-03-12,Consumer,-0.04829990476190476,0.012481311111111114,5
2020-03-13,Consumer,0.012481311111111114,0.041702222222222224,5
2020-03-16,Consumer,0.041702222222222224,-0.13778038768115944,5
2020-03-17,Consumer,-0.13778038768115944,0.07323995238095239,5
2020-03-18,Consumer,0.07323995238095239,0.00010702741702742699,5
2020-03-19,Consumer,0.00010702741702742699,0.011393666666666663,5
2020-03-20,Consumer,0.011393666666666663,0.037969941558441564,5
2020-03-23,Consumer,0.037969941558441564,0.05771041409570821,5
2020-03-24,Consumer,0.05771041409570821,0.20827406593406597,5
2020-03-25,Consumer,0.20827406593406597,0.18601685714285712,5
2020-03-26,Consumer,0.18601685714285712,0.09827047619047619,5
2020-03-27,Consumer,0.09827047619047619,0.09304910256410255,5
2020-03-30,Consumer,0.09304910256410255,0.06934949122807017,5
2020-03-31,Consumer,0.06934949122807017,-0.023837333333333356,5
2020-04-01,Consumer,-0.023837333333333356,0.07746766666666668,5
2020-04-02,Consumer,0.07746766666666668,0.037887500000000005,5
2020-04-03,Consumer,0.037887500000000005,-0.018479583333333334,5
2020-04-06,Consumer,-0.018479583333333334,0.18444561904761908,5
2020-04-07,Consumer,0.18444561904761908,0.2376651717171717,5
2020-04-08,Consumer,0.2376651717171717,0.051220026315789466,5
2020-04-09,Consumer,0.051220026315789466,0.16718404761904765,5
2020-04-13,Consumer,0.16718404761904765,-0.016281738927738924,5
2020-04-14,Consumer,-0.016281738927738924,0.2381155,5
2020-04-15,Consumer,0.2381155,0.09083093939393941,5
2020-04-16,Consumer,0.09083093939393941,0.11577376811594202,5
2020-04-17,Consumer,0.11577376811594202,0.21409866666666666,5
2020-04-20,Consumer,0.21409866666666666,0.06421492063492064,5
2020-04-21,Consumer,0.06421492063492064,0.0023964684684684738,5
2020-04-22,Consumer,0.0023964684684684738,0.12345207843137254,5
2020-04-23,Consumer,0.12345207843137254,0.07355106493506494,5
2020-04-24,Consumer,0.07355106493506494,0.0050606666666666664,5
2020-04-27,Consumer,0.0050606666666666664,0.10818733333333334,5
2020-04-28,Consumer,0.10818733333333334,0.06594882517482517,5
2020-04-29,Consumer,0.06594882517482517,0.10414557875457878,5
2020-04-30,Consumer,0.10414557875457878,0.004515166666666665,5
2020-05-01,Consumer,0.004515166666666665,0.1734825,5
2020-05-04,Consumer,0.1734825,0.1323213186813187,5
2020-05-05,Consumer,0.1323213186813187,0.06457309523809525,5
2020-05-06,Consumer,0.06457309523809525,0.11013349019607843,5
2020-05-07,Consumer,0.11013349019607843,0.09684666666666668,5
2020-05-08,Consumer,0.09684666666666668,0.04451542857142857,5
2020-05-11,Consumer,0.04451542857142857,0.06592733928571429,5
2020-05-12,Consumer,0.06592733928571429,0.06890919999999999,5
2020-05-13,Consumer,0.06890919999999999,0.07711566666666667,5
2020-05-14,Consumer,0.07711566666666667,0.129311931372549,5
2020-05-15,Consumer,0.129311931372549,0.05964074074074075,5
2020-05-18,Consumer,0.05964074074074075,0.206135,5
2020-05-19,Consumer,0.206135,-0.07409235897435898,5
2020-05-20,Consumer,-0.07409235897435898,-0.043345735294117636,5
2020-05-21,Consumer,-0.043345735294117636,0.0482649696969697,5
2020-05-22,Consumer,0.0482649696969697,0.028552969696969705,5
2020-05-26,Consumer,0.028552969696969705,0.18690609523809523,5
2020-05-27,Consumer,0.18690609523809523,0.18508409090909092,5
2020-05-28,Consumer,0.18508409090909092,0.0683555,5
2020-05-29,Consumer,0.0683555,0.08072742857142859,5
2020-06-01,Consumer,0.08072742857142859,0.11300420414673049,5
2020-06-02,Consumer,0.11300420414673049,-0.11654666666666665,5
2020-06-03,Consumer,-0.11654666666666665,0.1916342857142857,5
2020-06-04,Consumer,0.1916342857142857,0.29161666666666664,5
2020-06-05,Consumer,0.29161666666666664,0.4471933333333332,5
2020-06-08,Consumer,0.4471933333333332,0.11668516666666666,5
2020-06-09,Consumer,0.11668516666666666,0.07211113636363638,5
2020-06-10,Consumer,0.07211113636363638,-0.0370386797385621,5
2020-06-11,Consumer,-0.0370386797385621,0.06475249084249084,5
2020-06-12,Consumer,0.06475249084249084,0.04686961904761906,5
2020-06-15,Consumer,0.04686961904761906,0.0025250649350649383,5
2020-06-16,Consumer,0.0025250649350649383,0.19475,5
2020-06-17,Consumer,0.19475,0.17689083333333336,5
2020-06-18,Consumer,0.17689083333333336,0.04934919047619048,5
2020-06-19,Consumer,0.04934919047619048,0.00780155555555555,5
2020-06-22,Consumer,0.00780155555555555,0.04642333333333333,5
2020-06-23,Consumer,0.04642333333333333,0.18671466666666667,5
2020-06-24,Consumer,0.18671466666666667,-0.024499000000000003,5
2020-06-25,Consumer,-0.024499000000000003,0.07639340000000001,5
2020-06-26,Consumer,0.07639340000000001,0.1573664705882353,5
2020-06-29,Consumer,0.1573664705882353,0.046552769230769224,5
2020-06-30,Consumer,0.046552769230769224,0.057023333333333336,5
2020-07-01,Consumer,0.057023333333333336,-0.1007424025974026,5
2020-07-02,Consumer,-0.1007424025974026,0.161906,5
2020-07-06,Consumer,0.161906,0.0012227619047619014,5
2020-07-07,Consumer,0.0012227619047619014,0.09484545454545454,5
2020-07-08,Consumer,0.09484545454545454,0.17143666666666665,5
2020-07-09,Consumer,0.17143666666666665,0.08616750000000001,5
2020-07-10,Consumer,0.08616750000000001,-0.014482857142857148,5
2020-07-13,Consumer,-0.014482857142857148,0.1578277142857143,5
2020-07-14,Consumer,0.1578277142857143,0.08158119047619047,5
2020-07-15,Consumer,0.08158119047619047,0.12762828571428572,5
2020-07-16,Consumer,0.12762828571428572,0.19949198412698413,5
2020-07-17,Consumer,0.19949198412698413,0.09583222222222224,5
2020-07-20,Consumer,0.09583222222222224,0.09886632900432903,5
2020-07-21,Consumer,0.09886632900432903,0.21254012422360247,5
2020-07-22,Consumer,0.21254012422360247,0.091004,5
2020-07-23,Consumer,0.091004,0.042774294871794884,5
2020-07-24,Consumer,0.042774294871794884,-0.008540833333333333,5
2020-07-27,Consumer,-0.008540833333333333,0.11017388888888888,5
2020-07-28,Consumer,0.11017388888888888,0.09230752380952381,5
2020-07-29,Consumer,0.09230752380952381,0.0429938888888889,5
2020-07-30,Consumer,0.0429938888888889,0.08543066666666668,5
2020-07-31,Consumer,0.08543066666666668,0.029280285714285714,5
2020-08-03,Consumer,0.029280285714285714,0.05033760784313725,5
2020-08-04,Consumer,0.05033760784313725,0.2086561616161616,5
2020-08-05,Consumer,0.2086561616161616,0.020249411764705884,5
2020-08-06,Consumer,0.020249411764705884,0.060406,5
2020-08-07,Consumer,0.060406,0.11740533333333332,5
2020-08-10,Consumer,0.11740533333333332,0.08942528138528139,5
2020-08-11,Consumer,0.08942528138528139,0.07492969047619048,5
2020-08-12,Consumer,0.07492969047619048,0.04102516666666667,5
2020-08-13,Consumer,0.04102516666666667,0.049487380952380935,5
2020-08-14,Consumer,0.049487380952380935,0.11046750000000001,5
2020-08-17,Consumer,0.11046750000000001,0.17866833333333335,5
2020-08-18,Consumer,0.17866833333333335,0.043740773809523806,5
2020-08-19,Consumer,0.043740773809523806,0.15142939393939392,5
2020-08-20,Consumer,0.15142939393939392,0.072577,5
2020-08-21,Consumer,0.072577,0.21664966666666668,5
2020-08-24,Consumer,0.21664966666666668,0.09038142857142857,5
2020-08-25,Consumer,0.09038142857142857,0.040056666666666664,5
2020-08-26,Consumer,0.040056666666666664,0.13396190476190478,5
2020-08-27,Consumer,0.13396190476190478,-0.053321052631578936,5
2020-08-28,Consumer,-0.053321052631578936,0.027411794871794876,5
2020-08-31,Consumer,0.027411794871794876,0.026821176470588237,5
2020-09-01,Consumer,0.026821176470588237,0.07454380952380953,5
2020-09-02,Consumer,0.07454380952380953,0.2,5
2020-09-03,Consumer,0.2,0.21360714285714283,5
2020-09-04,Consumer,0.21360714285714283,0.052898,5
2020-09-08,Consumer,0.052898,0.10464290909090908,5
2020-09-09,Consumer,0.10464290909090908,0.12460545454545455,5
2020-09-10,Consumer,0.12460545454545455,0.1711475,5
2020-09-11,Consumer,0.1711475,0.14713166666666666,5
2020-09-14,Consumer,0.14713166666666666,0.06580914285714287,5
2020-09-15,Consumer,0.06580914285714287,0.1365338095238095,5
2020-09-16,Consumer,0.1365338095238095,0.14413499999999999,5
2020-09-17,Consumer,0.14413499999999999,0.2760896666666666,5
2020-09-18,Consumer,0.2760896666666666,0.0021362987012987,5
2020-09-21,Consumer,0.0021362987012987,0.0007178666666666625,5
2020-09-22,Consumer,0.0007178666666666625,0.196823547008547,5
2020-09-23,Consumer,0.196823547008547,0.09400466666666667,5
2020-09-24,Consumer,0.09400466666666667,0.05299190476190476,5
2020-09-25,Consumer,0.05299190476190476,0.00764333333333333,5
2020-09-28,Consumer,0.00764333333333333,0.06900727272727274,5
2020-09-29,Consumer,0.06900727272727274,0.21098349206349204,5
2020-09-30,Consumer,0.21098349206349204,0.22516666666666665,5
2020-10-01,Consumer,0.22516666666666665,0.17272066666666666,5
2020-10-02,Consumer,0.17272066666666666,0.15213904761904762,5
2020-10-05,Consumer,0.15213904761904762,0.0910781904761905,5
2020-10-06,Consumer,0.0910781904761905,0.17313444444444442,5
2020-10-07,Consumer,0.17313444444444442,0.11839885714285717,5
2020-10-08,Consumer,0.11839885714285717,0.10740821428571427,5
2020-10-09,Consumer,0.10740821428571427,0.04635571428571428,5
2020-10-12,Consumer,0.04635571428571428,0.2718842564102564,5
2020-10-13,Consumer,0.2718842564102564,-0.10267622807017544,5
2020-10-14,Consumer,-0.10267622807017544,-0.0045389285714285636,5
2020-10-15,Consumer,-0.0045389285714285636,0.12813709090909092,5
2020-10-16,Consumer,0.12813709090909092,0.23147333333333336,5
2020-10-19,Consumer,0.23147333333333336,0.24128,5
2020-10-20,Consumer,0.24128,0.24939,5
2020-10-21,Consumer,0.24939,0.2694498095238095,5
2020-10-22,Consumer,0.2694498095238095,0.016974727272727273,5
2020-10-23,Consumer,0.016974727272727273,0.285165,5
2020-10-26,Consumer,0.285165,0.05901955555555556,5
2020-10-27,Consumer,0.05901955555555556,0.065585,5
2020-10-28,Consumer,0.065585,0.14660600000000001,5
2020-10-29,Consumer,0.14660600000000001,0.11301533333333331,5
2020-10-30,Consumer,0.11301533333333331,0.16141322222222224,5
2020-11-02,Consumer,0.16141322222222224,0.09203722222222224,5
2020-11-03,Consumer,0.09203722222222224,0.10992333333333333,5
2020-11-04,Consumer,0.10992333333333333,0.11511780952380953,5
2020-11-05,Consumer,0.11511780952380953,0.15840928571428572,5
2020-11-06,Consumer,0.15840928571428572,0.05510857142857143,5
2020-11-09,Consumer,0.05510857142857143,0.035877142857142864,5
2020-11-10,Consumer,0.035877142857142864,0.07048488888888889,5
2020-11-11,Consumer,0.07048488888888889,0.07076933333333332,5
2020-11-12,Consumer,0.07076933333333332,0.12410580086580085,5
2020-11-13,Consumer,0.12410580086580085,0.19084658385093167,5
2020-11-16,Consumer,0.19084658385093167,0.19164644444444445,5
2020-11-17,Consumer,0.19164644444444445,0.2666457894736842,5
2020-11-18,Consumer,0.2666457894736842,0.26361666666666667,5
2020-11-19,Consumer,0.26361666666666667,-0.06709416666666666,5
2020-11-20,Consumer,-0.06709416666666666,-0.039047738095238094,5
2020-11-23,Consumer,-0.039047738095238094,0.17166674725274725,5
2020-11-24,Consumer,0.17166674725274725,0.0661515,5
2020-11-25,Consumer,0.0661515,0.17553666666666667,5
2020-11-27,Consumer,0.17553666666666667,0.081016,5
2020-11-30,Consumer,0.081016,0.148384,5
2020-12-01,Consumer,0.148384,0.18097400000000002,5
2020-12-02,Consumer,0.18097400000000002,0.015388222222222225,5
2020-12-03,Consumer,0.015388222222222225,0.09779,5
2020-12-04,Consumer,0.09779,0.07866666666666666,5
2020-12-07,Consumer,0.07866666666666666,0.10015714285714288,5
2020-12-08,Consumer,0.10015714285714288,0.06071333333333334,5
2020-12-09,Consumer,0.06071333333333334,0.028636242424242418,5
2020-12-10,Consumer,0.028636242424242418,0.21859968253968254,5
2020-12-11,Consumer,0.21859968253968254,0.14347326315789474,5
2020-12-14,Consumer,0.14347326315789474,0.04732166666666667,5
2020-12-15,Consumer,0.04732166666666667,0.14514190476190475,5
2020-12-16,Consumer,0.14514190476190475,0.27887399999999996,5
2020-12-17,Consumer,0.27887399999999996,0.17274,5
2020-12-18,Consumer,0.17274,0.2572413333333333,5
2020-12-21,Consumer,0.2572413333333333,0.12963050216450217,5
2020-12-22,Consumer,0.12963050216450217,0.08608799999999997,5
2020-12-23,Consumer,0.08608799999999997,0.13125683333333335,5
2020-12-24,Consumer,0.13125683333333335,0.19487114285714285,5
2020-12-28,Consumer,0.19487114285714285,0.2508780909090909,5
2020-12-29,Consumer,0.2508780909090909,0.16010577777777776,5
2020-12-30,Consumer,0.16010577777777776,0.35562000000000005,5
2020-12-31,Consumer,0.35562000000000005,0.3254826666666667,5
2021-01-04,Consumer,0.3254826666666667,0.08620622222222223,5
2021-01-05,Consumer,0.08620622222222223,0.09015666666666668,5
2021-01-06,Consumer,0.09015666666666668,0.06937,5
2021-01-07,Consumer,0.06937,0.094021,5
2021-01-08,Consumer,0.094021,0.208589,5
2021-01-11,Consumer,0.208589,0.14755666666666667,5
2021-01-12,Consumer,0.14755666666666667,0.12625083333333334,5
2021-01-13,Consumer,0.12625083333333334,0.15792666666666666,5
2021-01-14,Consumer,0.15792666666666666,0.06798000000000001,5
2021-01-15,Consumer,0.06798000000000001,0.1527966666666667,5
2021-01-19,Consumer,0.1527966666666667,0.07993424242424244,5
2021-01-20,Consumer,0.07993424242424244,-0.070288,5
2021-01-21,Consumer,-0.070288,-0.050777,5
2021-01-22,Consumer,-0.050777,0.009107500000000001,5
2021-01-25,Consumer,0.009107500000000001,0.049167499999999996,5
2021-01-26,Consumer,0.049167499999999996,0.09483194444444445,5
2021-01-27,Consumer,0.09483194444444445,0.024555357142857143,5
2021-01-28,Consumer,0.024555357142857143,0.11249076190476193,5
2021-01-29,Consumer,0.11249076190476193,0.14155833333333337,5
2021-02-01,Consumer,0.14155833333333337,0.07755583333333335,5
2021-02-02,Consumer,0.07755583333333335,0.18820333333333333,5
2021-02-03,Consumer,0.18820333333333333,0.05702222222222223,5
2021-02-04,Consumer,0.05702222222222223,0.21328933333333336,5
2021-02-05,Consumer,0.21328933333333336,-0.20208833333333334,5
2021-02-08,Consumer,-0.20208833333333334,0.09790980952380952,5
2021-02-09,Consumer,0.09790980952380952,0.05041428571428571,5
2021-02-10,Consumer,0.05041428571428571,0.09682190476190476,5
2021-02-11,Consumer,0.09682190476190476,0.09596111111111114,5
2021-02-12,Consumer,0.09596111111111114,0.043276999999999996,5
2021-02-16,Consumer,0.043276999999999996,0.07394307142857143,5
2021-02-17,Consumer,0.07394307142857143,0.10958166666666666,5
2021-02-18,Consumer,0.10958166666666666,0.1877274285714286,5
2021-02-19,Consumer,0.1877274285714286,0.1407547619047619,5
2021-02-22,Consumer,0.1407547619047619,0.06569742857142857,5
2021-02-23,Consumer,0.06569742857142857,0.09686428571428571,5
2021-02-24,Consumer,0.09686428571428571,0.04390892857142857,5
2021-02-25,Consumer,0.04390892857142857,0.12287166666666664,5
2021-02-26,Consumer,0.12287166666666664,0.1821105,5
2021-03-01,Consumer,0.1821105,0.20921833333333334,5
2021-03-02,Consumer,0.20921833333333334,0.06510999999999999,5
2021-03-03,Consumer,0.06510999999999999,0.029797619047619052,5
2021-03-04,Consumer,0.029797619047619052,-0.08179681818181818,5
2021-03-05,Consumer,-0.08179681818181818,0.1252625,5
2021-03-08,Consumer,0.1252625,0.115205,5
2021-03-09,Consumer,0.115205,0.09810533333333334,5
2021-03-10,Consumer,0.09810533333333334,0.19284748051948053,5
2021-03-11,Consumer,0.19284748051948053,0.08439571428571428,5
2021-03-12,Consumer,0.08439571428571428,0.21014285714285713,5
2021-03-15,Consumer,0.21014285714285713,0.24421984126984125,5
2021-03-16,Consumer,0.24421984126984125,0.19372450000000002,5
2021-03-17,Consumer,0.19372450000000002,0.079475,5
2021-03-18,Consumer,0.079475,0.15128266666666668,5
2021-03-19,Consumer,0.15128266666666668,0.057123809523809535,5
2021-03-22,Consumer,0.057123809523809535,0.08639533333333334,5
2021-03-23,Consumer,0.08639533333333334,0.14848699999999998,5
2021-03-24,Consumer,0.14848699999999998,0.2874051515151515,5
2021-03-25,Consumer,0.2874051515151515,0.08985714285714286,5
2021-03-26,Consumer,0.08985714285714286,0.015152619047619054,5
2021-03-29,Consumer,0.015152619047619054,0.25402772727272727,5
2021-03-30,Consumer,0.25402772727272727,0.105048,5
2021-03-31,Consumer,0.105048,0.125685,5
2021-04-01,Consumer,0.125685,0.023636666666666667,5
2021-04-05,Consumer,0.023636666666666667,0.14930333333333334,5
2021-04-06,Consumer,0.14930333333333334,0.13239599999999999,5
2021-04-07,Consumer,0.13239599999999999,-0.07609066666666667,5
2021-04-08,Consumer,-0.07609066666666667,0.29276928571428573,5
2021-04-09,Consumer,0.29276928571428573,0.19055714285714284,5
2021-04-12,Consumer,0.19055714285714284,0.17996428571428572,5
2021-04-13,Consumer,0.17996428571428572,0.14032833333333333,5
2021-04-14,Consumer,0.14032833333333333,-0.008063333333333329,5
2021-04-15,Consumer,-0.008063333333333329,-0.013320571428571432,5
2021-04-16,Consumer,-0.013320571428571432,0.1554375,5
2021-04-19,Consumer,0.1554375,0.05823277777777778,5
2021-04-20,Consumer,0.05823277777777778,-0.018412380952380944,5
2021-04-21,Consumer,-0.018412380952380944,0.08473666666666667,5
2021-04-22,Consumer,0.08473666666666667,0.23966833333333332,5
2021-04-23,Consumer,0.23966833333333332,0.11434333333333332,5
2021-04-26,Consumer,0.11434333333333332,0.1408921568627451,5
2021-04-27,Consumer,0.1408921568627451,0.071742,5
2021-04-28,Consumer,0.071742,0.15206150000000002,5
2021-04-29,Consumer,0.15206150000000002,0.11016966666666668,5
2021-04-30,Consumer,0.11016966666666668,0.20617666666666667,5
2021-05-03,Consumer,0.20617666666666667,0.07941866666666667,5
2021-05-04,Consumer,0.07941866666666667,0.07958849999999998,5
2021-05-05,Consumer,0.07958849999999998,0.01193249999999999,5
2021-05-06,Consumer,0.01193249999999999,0.13727833333333334,5
2021-05-07,Consumer,0.13727833333333334,0.007150000000000001,5
2021-05-10,Consumer,0.007150000000000001,0.0988,5
2021-05-11,Consumer,0.0988,0.03266299999999999,5
2021-05-12,Consumer,0.03266299999999999,-0.004383333333333331,5
2021-05-13,Consumer,-0.004383333333333331,0.25518799999999997,5
2021-05-14,Consumer,0.25518799999999997,0.10598322463768117,5
2021-05-17,Consumer,0.10598322463768117,0.07038132094943242,5
2021-05-18,Consumer,0.07038132094943242,0.11517392857142858,5
2021-05-19,Consumer,0.11517392857142858,0.07002933333333335,5
2021-05-20,Consumer,0.07002933333333335,0.2060375,5
2021-05-21,Consumer,0.2060375,0.09479619047619048,5
2021-05-24,Consumer,0.09479619047619048,0.1670268888888889,5
2021-05-25,Consumer,0.1670268888888889,0.16832888888888892,5
2021-05-26,Consumer,0.16832888888888892,0.07906878787878788,5
2021-05-27,Consumer,0.07906878787878788,0.22668249999999998,5
2021-05-28,Consumer,0.22668249999999998,0.34120666666666666,5
2021-06-01,Consumer,0.34120666666666666,0.26591628205128204,5
2021-06-02,Consumer,0.26591628205128204,0.15471809523809527,5
2021-06-03,Consumer,0.15471809523809527,0.20841000000000004,5
2021-06-04,Consumer,0.20841000000000004,0.11211533333333334,5
2021-06-07,Consumer,0.11211533333333334,0.08687416666666667,5
2021-06-08,Consumer,0.08687416666666667,0.053841166666666676,5
2021-06-09,Consumer,0.053841166666666676,0.10986666666666664,5
2021-06-10,Consumer,0.10986666666666664,0.0615895,5
2021-06-11,Consumer,0.0615895,0.026685000000000004,5
2021-06-14,Consumer,0.026685000000000004,0.15620126984126986,5
2021-06-15,Consumer,0.15620126984126986,0.29696466666666665,5
2021-06-16,Consumer,0.29696466666666665,0.09042457142857144,5
2021-06-17,Consumer,0.09042457142857144,0.072525,5
2021-06-18,Consumer,0.072525,0.26881499999999997,5
2021-06-21,Consumer,0.26881499999999997,0.04423432539682539,5
2021-06-22,Consumer,0.04423432539682539,-0.002868999999999999,5
2021-06-23,Consumer,-0.002868999999999999,0.13532316666666666,5
2021-06-24,Consumer,0.13532316666666666,0.1748625,5
2021-06-25,Consumer,0.1748625,0.05645466666666667,5
2021-06-28,Consumer,0.05645466666666667,0.05571492063492064,5
2021-06-29,Consumer,0.05571492063492064,-0.024838571428571425,5
2021-06-30,Consumer,-0.024838571428571425,-0.027970238095238083,5
2021-07-01,Consumer,-0.027970238095238083,0.102725,5
2021-07-02,Consumer,0.102725,0.14336,5
2021-07-06,Consumer,0.14336,0.12166666666666666,5
2021-07-07,Consumer,0.12166666666666666,0.1907725,5
2021-07-08,Consumer,0.1907725,0.0016099999999999893,5
2021-07-09,Consumer,0.0016099999999999893,0.09102000000000002,5
2021-07-12,Consumer,0.09102000000000002,0.09840222222222221,5
2021-07-13,Consumer,0.09840222222222221,0.1619941666666667,5
2021-07-14,Consumer,0.1619941666666667,0.052529000000000006,5
2021-07-15,Consumer,0.052529000000000006,0.04116083333333333,5
2021-07-16,Consumer,0.04116083333333333,0.08981666666666666,5
2021-07-19,Consumer,0.08981666666666666,0.017716363636363638,5
2021-07-20,Consumer,0.017716363636363638,0.10054600000000002,5
2021-07-21,Consumer,0.10054600000000002,0.10402625000000001,5
2021-07-22,Consumer,0.10402625000000001,0.12093025000000002,5
2021-07-23,Consumer,0.12093025000000002,0.16142325,5
2021-07-26,Consumer,0.16142325,0.11404325,5
2021-07-27,Consumer,0.11404325,0.15872291666666666,5
2021-07-28,Consumer,0.15872291666666666,0.2435666666666667,5
2021-07-29,Consumer,0.2435666666666667,0.19906323809523813,5
2021-07-30,Consumer,0.19906323809523813,0.041459523809523814,5
2021-08-02,Consumer,0.041459523809523814,0.19744757575757577,5
2021-08-03,Consumer,0.19744757575757577,0.0742257142857143,5
2021-08-04,Consumer,0.0742257142857143,0.03111,5
2021-08-05,Consumer,0.03111,0.277285,5
2021-08-06,Consumer,0.277285,0.24366000000000004,5
2021-08-09,Consumer,0.24366000000000004,0.12404181818181818,5
2021-08-10,Consumer,0.12404181818181818,0.056369999999999996,5
2021-08-11,Consumer,0.056369999999999996,0.04983,5
2021-08-12,Consumer,0.04983,0.06666250000000001,5
2021-08-13,Consumer,0.06666250000000001,0.3079059210526316,5
2021-08-16,Consumer,0.3079059210526316,0.06066973684210526,5
2021-08-17,Consumer,0.06066973684210526,0.059889222222222226,5
2021-08-18,Consumer,0.059889222222222226,0.07509816666666666,5
2021-08-19,Consumer,0.07509816666666666,0.10698333333333335,5
2021-08-20,Consumer,0.10698333333333335,0.14573466666666668,5
2021-08-23,Consumer,0.14573466666666668,0.03733107142857143,5
2021-08-24,Consumer,0.03733107142857143,0.019065714285714287,5
2021-08-25,Consumer,0.019065714285714287,0.14315938095238095,5
2021-08-26,Consumer,0.14315938095238095,0.11935549999999999,5
2021-08-27,Consumer,0.11935549999999999,0.05777272727272727,5
2021-08-30,Consumer,0.05777272727272727,0.15870595238095236,5
2021-08-31,Consumer,0.15870595238095236,0.06124047619047619,5
2021-09-01,Consumer,0.06124047619047619,0.2880709523809524,5
2021-09-02,Consumer,0.2880709523809524,0.06505066666666666,5
2021-09-03,Consumer,0.06505066666666666,0.18782666666666664,5
2021-09-07,Consumer,0.18782666666666664,0.19995857142857143,5
2021-09-08,Consumer,0.19995857142857143,0.103635,5
2021-09-09,Consumer,0.103635,0.06483666666666667,5
2021-09-10,Consumer,0.06483666666666667,0.142592,5
2021-09-13,Consumer,0.142592,0.1336848051948052,5
2021-09-14,Consumer,0.1336848051948052,0.15592833333333334,5
2021-09-15,Consumer,0.15592833333333334,0.02382,5
2021-09-16,Consumer,0.02382,-0.022214,5
2021-09-17,Consumer,-0.022214,0.24837333333333333,5
2021-09-20,Consumer,0.24837333333333333,0.1654626153846154,5
2021-09-21,Consumer,0.1654626153846154,0.11146174603174604,5
2021-09-22,Consumer,0.11146174603174604,0.24298333333333333,5
2021-09-23,Consumer,0.24298333333333333,0.20479666666666668,5
2021-09-24,Consumer,0.20479666666666668,0.0671855,5
2021-09-27,Consumer,0.0671855,0.12578952380952382,5
2021-09-28,Consumer,0.12578952380952382,0.10505333333333333,5
2021-09-29,Consumer,0.10505333333333333,0.18826900000000002,5
2021-09-30,Consumer,0.18826900000000002,0.08550666666666666,5
2021-10-01,Consumer,0.08550666666666666,0.1875567619047619,5
2021-10-04,Consumer,0.1875567619047619,0.18449090476190477,5
2021-10-05,Consumer,0.18449090476190477,-0.041669666666666674,5
2021-10-06,Consumer,-0.041669666666666674,0.166974,5
2021-10-07,Consumer,0.166974,0.06719000000000001,5
2021-10-08,Consumer,0.06719000000000001,0.07654999999999998,5
2021-10-11,Consumer,0.07654999999999998,0.10502971861471862,5
2021-10-12,Consumer,0.10502971861471862,0.1354235,5
2021-10-13,Consumer,0.1354235,0.097222,5
2021-10-14,Consumer,0.097222,0.2279002380952381,5
2021-10-15,Consumer,0.2279002380952381,0.41039523809523815,5
2021-10-18,Consumer,0.41039523809523815,0.13134227272727272,5
2021-10-19,Consumer,0.13134227272727272,0.11935791666666666,5
2021-10-20,Consumer,0.11935791666666666,0.26698,5
2021-10-21,Consumer,0.26698,-0.005607000000000001,5
2021-10-22,Consumer,-0.005607000000000001,0.12396666666666667,5
2021-10-25,Consumer,0.12396666666666667,0.11121433333333333,5
2021-10-26,Consumer,0.11121433333333333,0.023364,5
2021-10-27,Consumer,0.023364,0.20314083333333333,5
2021-10-28,Consumer,0.20314083333333333,0.012198055555555554,5
2021-10-29,Consumer,0.012198055555555554,0.06398066666666666,5
2021-11-01,Consumer,0.06398066666666666,0.10802833333333332,5
2021-11-02,Consumer,0.10802833333333332,0.196372,5
2021-11-03,Consumer,0.196372,0.17677380952380953,5
2021-11-04,Consumer,0.17677380952380953,0.10844666666666666,5
2021-11-05,Consumer,0.10844666666666666,0.27509,5
2021-11-08,Consumer,0.27509,0.09303066666666666,5
2021-11-09,Consumer,0.09303066666666666,0.10218,5
2021-11-10,Consumer,0.10218,0.1295148717948718,5
2021-11-11,Consumer,0.1295148717948718,0.0386352,5
2021-11-12,Consumer,0.0386352,-0.012407619047619053,5
2021-11-15,Consumer,-0.012407619047619053,-0.02384780701754386,5
2021-11-16,Consumer,-0.02384780701754386,0.09876221014492753,5
2021-11-17,Consumer,0.09876221014492753,0.2373357142857143,5
2021-11-18,Consumer,0.2373357142857143,0.14108571428571426,5
2021-11-19,Consumer,0.14108571428571426,0.086488,5
2021-11-22,Consumer,0.086488,0.11378419047619046,5
2021-11-23,Consumer,0.11378419047619046,0.13702766666666666,5
2021-11-24,Consumer,0.13702766666666666,0.06570266666666666,5
2021-11-26,Consumer,0.06570266666666666,0.27336733333333335,5
2021-11-29,Consumer,0.27336733333333335,0.04122575757575757,5
2021-11-30,Consumer,0.04122575757575757,0.21220733333333333,5
2021-12-01,Consumer,0.21220733333333333,-0.080848,5
2021-12-02,Consumer,-0.080848,0.13326357142857143,5
2021-12-03,Consumer,0.13326357142857143,0.27405014285714285,5
2021-12-06,Consumer,0.27405014285714285,0.07901809523809525,5
2021-12-07,Consumer,0.07901809523809525,-0.027633333333333343,5
2021-12-08,Consumer,-0.027633333333333343,0.08491,5
2021-12-09,Consumer,0.08491,0.11170499999999998,5
2021-12-10,Consumer,0.11170499999999998,0.017609999999999997,5
2021-12-13,Consumer,0.017609999999999997,0.05103,5
2021-12-14,Consumer,0.05103,0.10391733333333333,5
2021-12-15,Consumer,0.10391733333333333,0.30734500000000003,5
2021-12-16,Consumer,0.30734500000000003,0.30763,5
2021-12-17,Consumer,0.30763,0.07658533333333332,5
2021-12-20,Consumer,0.07658533333333332,0.10383812217194573,5
2021-12-21,Consumer,0.10383812217194573,0.21327684210526318,5
2021-12-22,Consumer,0.21327684210526318,0.13322333333333333,5
2021-12-23,Consumer,0.13322333333333333,0.08634,5
2021-12-27,Consumer,0.08634,0.060158333333333314,5
2021-12-28,Consumer,0.060158333333333314,-0.044924000000000006,5
2021-12-29,Consumer,-0.044924000000000006,-0.08779083333333333,5
2021-12-30,Consumer,-0.08779083333333333,0.0695725,5
2021-12-31,Consumer,0.0695725,0.05556333333333333,5
2022-01-03,Consumer,0.05556333333333333,0.0528665,5
2022-01-04,Consumer,0.0528665,0.0,5
2022-01-05,Consumer,0.0,0.06572055555555556,5
2022-01-06,Consumer,0.06572055555555556,0.17512266666666668,5
2022-01-07,Consumer,0.17512266666666668,0.007654999999999995,5
2022-01-10,Consumer,0.007654999999999995,0.07101266666666665,5
2022-01-11,Consumer,0.07101266666666665,0.13477333333333336,5
2022-01-12,Consumer,0.13477333333333336,0.11427000000000001,5
2022-01-13,Consumer,0.11427000000000001,0.255645,5
2022-01-14,Consumer,0.255645,-0.029882500000000013,5
2022-01-18,Consumer,-0.029882500000000013,0.032895820512820514,5
2022-01-19,Consumer,0.032895820512820514,0.064398,5
2022-01-20,Consumer,0.064398,0.10373746031746031,5
2022-01-21,Consumer,0.10373746031746031,0.15030647058823526,5
2022-01-24,Consumer,0.15030647058823526,0.08680333333333333,5
2022-01-25,Consumer,0.08680333333333333,0.07974366666666667,5
2022-01-26,Consumer,0.07974366666666667,0.11051176470588235,5
2022-01-27,Consumer,0.11051176470588235,0.01929738095238095,5
2022-01-28,Consumer,0.01929738095238095,0.021233714285714286,5
2022-01-31,Consumer,0.021233714285714286,0.14976666666666666,5
2022-02-01,Consumer,0.14976666666666666,-0.08455166666666666,5
2022-02-02,Consumer,-0.08455166666666666,-0.05841452380952379,5
2022-02-03,Consumer,-0.05841452380952379,0.14285166666666665,5
2022-02-04,Consumer,0.14285166666666665,0.07342,5
2022-02-07,Consumer,0.07342,0.07437022727272727,5
2022-02-08,Consumer,0.07437022727272727,0.12603284848484847,5
2022-02-09,Consumer,0.12603284848484847,0.07755061904761903,5
2022-02-10,Consumer,0.07755061904761903,0.14308610559006213,5
2022-02-11,Consumer,0.14308610559006213,-0.003964999999999998,5
2022-02-14,Consumer,-0.003964999999999998,0.10993603174603175,5
2022-02-15,Consumer,0.10993603174603175,0.1757313888888889,5
2022-02-16,Consumer,0.1757313888888889,0.16758466666666666,5
2022-02-17,Consumer,0.16758466666666666,0.03474427536231885,5
2022-02-18,Consumer,0.03474427536231885,0.02026083333333334,5
2022-02-22,Consumer,0.02026083333333334,0.09372480952380953,5
2022-02-23,Consumer,0.09372480952380953,-0.010833333333333316,5
2022-02-24,Consumer,-0.010833333333333316,-0.004129166666666661,5
2022-02-25,Consumer,-0.004129166666666661,0.10589333333333331,5
2022-02-28,Consumer,0.10589333333333331,0.1661121978021978,5
2022-03-01,Consumer,0.1661121978021978,-0.002974047619047618,5
2022-03-02,Consumer,-0.002974047619047618,0.1420520634920635,5
2022-03-03,Consumer,0.1420520634920635,0.09078771428571428,5
2022-03-04,Consumer,0.09078771428571428,0.07359085714285715,5
2022-03-07,Consumer,0.07359085714285715,0.09216785714285713,5
2022-03-08,Consumer,0.09216785714285713,0.19167952380952383,5
2022-03-09,Consumer,0.19167952380952383,0.04164821428571429,5
2022-03-10,Consumer,0.04164821428571429,0.07316199999999999,5
2022-03-11,Consumer,0.07316199999999999,0.07675266666666666,5
2022-03-14,Consumer,0.07675266666666666,0.03378285714285714,5
2022-03-15,Consumer,0.03378285714285714,0.1508711111111111,5
2022-03-16,Consumer,0.1508711111111111,0.08664166666666666,5
2022-03-17,Consumer,0.08664166666666666,0.01987111111111112,5
2022-03-18,Consumer,0.01987111111111112,0.11450876190476192,5
2022-03-21,Consumer,0.11450876190476192,0.29356566666666667,5
2022-03-22,Consumer,0.29356566666666667,0.22460666666666668,5
2022-03-23,Consumer,0.22460666666666668,0.1509675,5
2022-03-24,Consumer,0.1509675,-0.04863857142857143,5
2022-03-25,Consumer,-0.04863857142857143,0.10233083333333334,5
2022-03-28,Consumer,0.10233083333333334,0.14243755952380951,5
2022-03-29,Consumer,0.14243755952380951,0.12466883333333331,5
2022-03-30,Consumer,0.12466883333333331,0.17972380952380954,5
2022-03-31,Consumer,0.17972380952380954,0.051818333333333334,5
2022-04-01,Consumer,0.051818333333333334,0.019857761904761906,5
2022-04-04,Consumer,0.019857761904761906,0.08438292016806723,5
2022-04-05,Consumer,0.08438292016806723,0.03895761904761905,5
2022-04-06,Consumer,0.03895761904761905,0.07396133333333332,5
2022-04-07,Consumer,0.07396133333333332,0.023318555555555558,5
2022-04-08,Consumer,0.023318555555555558,0.12484166666666666,5
2022-04-11,Consumer,0.12484166666666666,0.1532759285714286,5
2022-04-12,Consumer,0.1532759285714286,0.12583857142857144,5
2022-04-13,Consumer,0.12583857142857144,0.012541999999999998,5
2022-04-14,Consumer,0.012541999999999998,0.10697214285714285,5
2022-04-18,Consumer,0.10697214285714285,0.180084,5
2022-04-19,Consumer,0.180084,0.07922969047619047,5
2022-04-20,Consumer,0.07922969047619047,-0.02369966666666666,5
2022-04-21,Consumer,-0.02369966666666666,0.14994066666666667,5
2022-04-22,Consumer,0.14994066666666667,0.15205190476190478,5
2022-04-25,Consumer,0.15205190476190478,0.06866196666666666,5
2022-04-26,Consumer,0.06866196666666666,0.07064,5
2022-04-27,Consumer,0.07064,0.05156588888888889,5
2022-04-28,Consumer,0.05156588888888889,0.17100166666666666,5
2022-04-29,Consumer,0.17100166666666666,0.09648975324675324,5
2022-05-02,Consumer,0.09648975324675324,0.09437404761904762,5
2022-05-03,Consumer,0.09437404761904762,0.115368,5
2022-05-04,Consumer,0.115368,0.07441014492753623,5
2022-05-05,Consumer,0.07441014492753623,-0.09383695238095235,5
2022-05-06,Consumer,-0.09383695238095235,0.035270571428571436,5
2022-05-09,Consumer,0.035270571428571436,0.13434038961038958,5
2022-05-10,Consumer,0.13434038961038958,0.09924055555555555,5
2022-05-11,Consumer,0.09924055555555555,-0.026572250000000002,5
2022-05-12,Consumer,-0.026572250000000002,0.0439500980392157,5
2022-05-13,Consumer,0.0439500980392157,0.05608619047619048,5
2022-05-16,Consumer,0.05608619047619048,0.017708583333333333,5
2022-05-17,Consumer,0.017708583333333333,0.07894549019607842,5
2022-05-18,Consumer,0.07894549019607842,0.011212419354838713,5
2022-05-19,Consumer,0.011212419354838713,0.14777214285714285,5
2022-05-20,Consumer,0.14777214285714285,0.13419742236024845,5
2022-05-23,Consumer,0.13419742236024845,0.06573109627329192,5
2022-05-24,Consumer,0.06573109627329192,0.19723491666666668,5
2022-05-25,Consumer,0.19723491666666668,0.05046838095238095,5
2022-05-26,Consumer,0.05046838095238095,0.09165325000000002,5
2022-05-27,Consumer,0.09165325000000002,0.11223100000000001,5
2022-05-31,Consumer,0.11223100000000001,0.13059444444444446,5
2022-06-01,Consumer,0.13059444444444446,-0.06503,5
2022-06-02,Consumer,-0.06503,0.17414066666666667,5
2022-06-03,Consumer,0.17414066666666667,0.1992566666666667,5
2022-06-06,Consumer,0.1992566666666667,0.08501666666666667,5
2022-06-07,Consumer,0.08501666666666667,0.19000666666666666,5
2022-06-08,Consumer,0.19000666666666666,0.13314571428571428,5
2022-06-09,Consumer,0.13314571428571428,0.004124714285714292,5
2022-06-10,Consumer,0.004124714285714292,0.06478109090909091,5
2022-06-13,Consumer,0.06478109090909091,0.10285848484848485,5
2022-06-14,Consumer,0.10285848484848485,0.09046940476190476,5
2022-06-15,Consumer,0.09046940476190476,-0.06748250000000001,5
2022-06-16,Consumer,-0.06748250000000001,0.08174111111111113,5
2022-06-17,Consumer,0.08174111111111113,0.137206,5
2022-06-21,Consumer,0.137206,0.03636007575757576,5
2022-06-22,Consumer,0.03636007575757576,0.15841818181818182,5
2022-06-23,Consumer,0.15841818181818182,0.1613515,5
2022-06-24,Consumer,0.1613515,0.022115000000000003,5
2022-06-27,Consumer,0.022115000000000003,0.12239423529411764,5
2022-06-28,Consumer,0.12239423529411764,0.1295378245614035,5
2022-06-29,Consumer,0.1295378245614035,0.021086051948051944,5
2022-06-30,Consumer,0.021086051948051944,0.11716798534798537,5
2022-07-01,Consumer,0.11716798534798537,0.0747117857142857,5
2022-07-05,Consumer,0.0747117857142857,0.06951799145299146,5
2022-07-06,Consumer,0.06951799145299146,0.11047333333333334,5
2022-07-07,Consumer,0.11047333333333334,0.010063333333333337,5
2022-07-08,Consumer,0.010063333333333337,-0.03122466666666666,5
2022-07-11,Consumer,-0.03122466666666666,0.10116133333333335,5
2022-07-12,Consumer,0.10116133333333335,0.1937422077922078,5
2022-07-13,Consumer,0.1937422077922078,0.16275714285714288,5
2022-07-14,Consumer,0.16275714285714288,0.16851,5
2022-07-15,Consumer,0.16851,0.05306621212121213,5
2022-07-18,Consumer,0.05306621212121213,0.14950528571428573,5
2022-07-19,Consumer,0.14950528571428573,0.08294471428571429,5
2022-07-20,Consumer,0.08294471428571429,-0.01321499999999999,5
2022-07-21,Consumer,-0.01321499999999999,0.04345619047619048,5
2022-07-22,Consumer,0.04345619047619048,0.16752261904761903,5
2022-07-25,Consumer,0.16752261904761903,0.10760264102564103,5
2022-07-26,Consumer,0.10760264102564103,0.005232475362318842,5
2022-07-27,Consumer,0.005232475362318842,0.0564707843137255,5
2022-07-28,Consumer,0.0564707843137255,0.020588000000000002,5
2022-07-29,Consumer,0.020588000000000002,0.12135,5
2022-08-01,Consumer,0.12135,0.12408014285714286,5
2022-08-02,Consumer,0.12408014285714286,0.07245933333333335,5
2022-08-03,Consumer,0.07245933333333335,0.060723484848484846,5
2022-08-04,Consumer,0.060723484848484846,0.06134833333333334,5
2022-08-05,Consumer,0.06134833333333334,0.029545000000000023,5
2022-08-08,Consumer,0.029545000000000023,0.11881914285714286,5
2022-08-09,Consumer,0.11881914285714286,0.07180365079365078,5
2022-08-10,Consumer,0.07180365079365078,0.10259587878787879,5
2022-08-11,Consumer,0.10259587878787879,0.06565648148148148,5
2022-08-12,Consumer,0.06565648148148148,0.23319171428571428,5
2022-08-15,Consumer,0.23319171428571428,0.019630658008658014,5
2022-08-16,Consumer,0.019630658008658014,0.11660059523809523,5
2022-08-17,Consumer,0.11660059523809523,0.037697053140096616,5
2022-08-18,Consumer,0.037697053140096616,0.03643533333333334,5
2022-08-19,Consumer,0.03643533333333334,0.03893066666666667,5
2022-08-22,Consumer,0.03893066666666667,0.13030733333333333,5
2022-08-23,Consumer,0.13030733333333333,0.07534114285714286,5
2022-08-24,Consumer,0.07534114285714286,-0.04626866666666666,5
2022-08-25,Consumer,-0.04626866666666666,0.150502,5
2022-08-26,Consumer,0.150502,0.003183809523809522,5
2022-08-29,Consumer,0.003183809523809522,0.13825961904761908,5
2022-08-30,Consumer,0.13825961904761908,0.14592999999999998,5
2022-08-31,Consumer,0.14592999999999998,0.0524675,5
2022-09-01,Consumer,0.0524675,0.167999,5
2022-09-02,Consumer,0.167999,0.039372000000000004,5
2022-09-06,Consumer,0.039372000000000004,0.18793133333333334,5
2022-09-07,Consumer,0.18793133333333334,0.16424232142857145,5
2022-09-08,Consumer,0.16424232142857145,0.07027000000000001,5
2022-09-09,Consumer,0.07027000000000001,0.23171916666666664,5
2022-09-12,Consumer,0.23171916666666664,0.1574761666666667,5
2022-09-13,Consumer,0.1574761666666667,0.18313200000000002,5
2022-09-14,Consumer,0.18313200000000002,0.19535309523809524,5
2022-09-15,Consumer,0.19535309523809524,0.15915142857142858,5
2022-09-16,Consumer,0.15915142857142858,0.05168533333333334,5
2022-09-19,Consumer,0.05168533333333334,0.31008199999999997,5
2022-09-20,Consumer,0.31008199999999997,0.027582857142857138,5
2022-09-21,Consumer,0.027582857142857138,0.07821619047619048,5
2022-09-22,Consumer,0.07821619047619048,0.17825885714285716,5
2022-09-23,Consumer,0.17825885714285716,-0.04957666666666667,5
2022-09-26,Consumer,-0.04957666666666667,0.19813166666666665,5
2022-09-27,Consumer,0.19813166666666665,0.018224999999999998,5
2022-09-28,Consumer,0.018224999999999998,0.060516190476190466,5
2022-09-29,Consumer,0.060516190476190466,0.12367428571428571,5
2022-09-30,Consumer,0.12367428571428571,0.16659712121212122,5
2022-10-03,Consumer,0.16659712121212122,0.09998257142857142,5
2022-10-04,Consumer,0.09998257142857142,-0.011166666666666668,5
2022-10-05,Consumer,-0.011166666666666668,0.05573066666666667,5
2022-10-06,Consumer,0.05573066666666667,0.17427222222222222,5
2022-10-07,Consumer,0.17427222222222222,0.01323333333333333,5
2022-10-10,Consumer,0.01323333333333333,0.1313292857142857,5
2022-10-11,Consumer,0.1313292857142857,0.2022442857142857,5
2022-10-12,Consumer,0.2022442857142857,0.1776347619047619,5
2022-10-13,Consumer,0.1776347619047619,0.022599999999999988,5
2022-10-14,Consumer,0.022599999999999988,-0.05156666666666667,5
2022-10-17,Consumer,-0.05156666666666667,0.09302980952380954,5
2022-10-18,Consumer,0.09302980952380954,0.05741047619047619,5
2022-10-19,Consumer,0.05741047619047619,0.169599,5
2022-10-20,Consumer,0.169599,0.19209266666666666,5
2022-10-21,Consumer,0.19209266666666666,0.09912333333333334,5
2022-10-24,Consumer,0.09912333333333334,0.12003399999999997,5
2022-10-25,Consumer,0.12003399999999997,0.05301,5
2022-10-26,Consumer,0.05301,0.06580916666666667,5
2022-10-27,Consumer,0.06580916666666667,0.07697916666666667,5
2022-10-28,Consumer,0.07697916666666667,0.044164,5
2022-10-31,Consumer,0.044164,0.11236016666666666,5
2022-11-01,Consumer,0.11236016666666666,0.05618500000000002,5
2022-11-02,Consumer,0.05618500000000002,0.25966233333333333,5
2022-11-03,Consumer,0.25966233333333333,-0.0028116666666666624,5
2022-11-04,Consumer,-0.0028116666666666624,-0.014082352941176468,5
2022-11-07,Consumer,-0.014082352941176468,0.090554,5
2022-11-08,Consumer,0.090554,0.02819133333333333,5
2022-11-09,Consumer,0.02819133333333333,0.07196583333333333,5
2022-11-10,Consumer,0.07196583333333333,-0.023969523809523805,5
2022-11-11,Consumer,-0.023969523809523805,0.1656473333333333,5
2022-11-14,Consumer,0.1656473333333333,0.15148017825311944,5
2022-11-15,Consumer,0.15148017825311944,0.06878066666666667,5
2022-11-16,Consumer,0.06878066666666667,0.07187133333333334,5
2022-11-17,Consumer,0.07187133333333334,0.3145645,5
2022-11-18,Consumer,0.3145645,-0.05741999999999999,5
2022-11-21,Consumer,-0.05741999999999999,0.251279037037037,5
2022-11-22,Consumer,0.251279037037037,0.04494866666666667,5
2022-11-23,Consumer,0.04494866666666667,0.2959150793650794,5
2022-11-25,Consumer,0.2959150793650794,0.1941652976190476,5
2022-11-28,Consumer,0.1941652976190476,0.10316591208791208,5
2022-11-29,Consumer,0.10316591208791208,0.06825222222222223,5
2022-11-30,Consumer,0.06825222222222223,0.047473999999999995,5
2022-12-01,Consumer,0.047473999999999995,0.16009666666666666,5
2022-12-02,Consumer,0.16009666666666666,0.1547509090909091,5
2022-12-05,Consumer,0.1547509090909091,0.05530076190476192,5
2022-12-06,Consumer,0.05530076190476192,0.11515,5
2022-12-07,Consumer,0.11515,0.14251833333333333,5
2022-12-08,Consumer,0.14251833333333333,0.07707800000000001,5
2022-12-09,Consumer,0.07707800000000001,0.2669816666666667,5
2022-12-12,Consumer,0.2669816666666667,0.1372908333333333,5
2022-12-13,Consumer,0.1372908333333333,0.1050370238095238,5
2022-12-14,Consumer,0.1050370238095238,0.15995583333333335,5
2022-12-15,Consumer,0.15995583333333335,0.128475,5
2022-12-16,Consumer,0.128475,0.14439666666666667,5
2022-12-19,Consumer,0.14439666666666667,0.14827978021978022,5
2022-12-20,Consumer,0.14827978021978022,0.1702574025974026,5
2022-12-21,Consumer,0.1702574025974026,-0.06390863636363638,5
2022-12-22,Consumer,-0.06390863636363638,0.05238833333333333,5
2022-12-23,Consumer,0.05238833333333333,0.15354666666666666,5
2022-12-27,Consumer,0.15354666666666666,0.22051240981240983,5
2022-12-28,Consumer,0.22051240981240983,0.10411272727272727,5
2022-12-29,Consumer,0.10411272727272727,0.15836888888888886,5
2022-12-30,Consumer,0.15836888888888886,0.11475514285714286,5
2023-01-03,Consumer,0.11475514285714286,0.09182714285714286,5
2023-01-04,Consumer,0.09182714285714286,0.07606457142857144,5
2023-01-05,Consumer,0.07606457142857144,0.23768650793650795,5
2023-01-06,Consumer,0.23768650793650795,0.19904000000000002,5
2023-01-09,Consumer,0.19904000000000002,0.2103209523809524,5
2023-01-10,Consumer,0.2103209523809524,0.10989238095238094,5
2023-01-11,Consumer,0.10989238095238094,0.05380233333333334,5
2023-01-12,Consumer,0.05380233333333334,0.0628356923076923,5
2023-01-13,Consumer,0.0628356923076923,0.19112266666666666,5
2023-01-17,Consumer,0.19112266666666666,0.23452977142857145,5
2023-01-18,Consumer,0.23452977142857145,0.16578522222222222,5
2023-01-19,Consumer,0.16578522222222222,-0.0007658571428571376,5
2023-01-20,Consumer,-0.0007658571428571376,0.0033499999999999975,5
2023-01-23,Consumer,0.0033499999999999975,0.21038928571428572,5
2023-01-24,Consumer,0.21038928571428572,0.15604383333333333,5
2023-01-25,Consumer,0.15604383333333333,0.122619,5
2023-01-26,Consumer,0.122619,0.08423333333333335,5
2023-01-27,Consumer,0.08423333333333335,0.04188190476190475,5
2023-01-30,Consumer,0.04188190476190475,0.009353333333333338,5
2023-01-31,Consumer,0.009353333333333338,0.10194280952380952,5
2023-02-01,Consumer,0.10194280952380952,0.09409151515151515,5
2023-02-02,Consumer,0.09409151515151515,0.102824,5
2023-02-03,Consumer,0.102824,0.15284314285714287,5
2023-02-06,Consumer,0.15284314285714287,0.08704,5
2023-02-07,Consumer,0.08704,0.17179166666666665,5
2023-02-08,Consumer,0.17179166666666665,0.10050971428571431,5
2023-02-09,Consumer,0.10050971428571431,0.0712151724137931,5
2023-02-10,Consumer,0.0712151724137931,0.11233599999999999,5
2023-02-13,Consumer,0.11233599999999999,0.14633246969696972,5
2023-02-14,Consumer,0.14633246969696972,0.21848339393939398,5
2023-02-15,Consumer,0.21848339393939398,0.11783466666666667,5
2023-02-16,Consumer,0.11783466666666667,0.006370666666666663,5
2023-02-17,Consumer,0.006370666666666663,0.0675152380952381,5
2023-02-21,Consumer,0.0675152380952381,0.11552544444444443,5
2023-02-22,Consumer,0.11552544444444443,0.08917590476190476,5
2023-02-23,Consumer,0.08917590476190476,0.10625,5
2023-02-24,Consumer,0.10625,0.04049000000000001,5
2023-02-27,Consumer,0.04049000000000001,0.07243122222222222,5
2023-02-28,Consumer,0.07243122222222222,0.17389866666666665,5
2023-03-01,Consumer,0.17389866666666665,0.09564033333333331,5
2023-03-02,Consumer,0.09564033333333331,0.2126358658008658,5
2023-03-03,Consumer,0.2126358658008658,0.09395571428571428,5
2023-03-06,Consumer,0.09395571428571428,-0.040311,5
2023-03-07,Consumer,-0.040311,0.18138333333333337,5
2023-03-08,Consumer,0.18138333333333337,0.25326166666666666,5
2023-03-09,Consumer,0.25326166666666666,0.10084,5
2023-03-10,Consumer,0.10084,0.125304,5
2023-03-13,Consumer,0.125304,0.04515419047619047,5
2023-03-14,Consumer,0.04515419047619047,-0.046496666666666665,5
2023-03-15,Consumer,-0.046496666666666665,0.06556166666666666,5
2023-03-16,Consumer,0.06556166666666666,0.029326666666666668,5
2023-03-17,Consumer,0.029326666666666668,-0.02581300000000001,5
2023-03-20,Consumer,-0.02581300000000001,0.042434285714285716,5
2023-03-21,Consumer,0.042434285714285716,0.16292888888888887,5
2023-03-22,Consumer,0.16292888888888887,-0.037178461538461535,5
2023-03-23,Consumer,-0.037178461538461535,0.08105333333333335,5
2023-03-24,Consumer,0.08105333333333335,0.157884,5
2023-03-27,Consumer,0.157884,0.09907666666666666,5
2023-03-28,Consumer,0.09907666666666666,0.15170785714285714,5
2023-03-29,Consumer,0.15170785714285714,0.10003333333333334,5
2023-03-30,Consumer,0.10003333333333334,0.1461078205128205,5
2023-03-31,Consumer,0.1461078205128205,0.048977142857142865,5
2023-04-03,Consumer,0.048977142857142865,0.11012406015037593,5
2023-04-04,Consumer,0.11012406015037593,0.12417666666666669,5
2023-04-05,Consumer,0.12417666666666669,0.12192,5
2023-04-06,Consumer,0.12192,0.12876044444444446,5
2023-04-10,Consumer,0.12876044444444446,0.1557003663003663,5
2023-04-11,Consumer,0.1557003663003663,0.06685066666666667,5
2023-04-12,Consumer,0.06685066666666667,0.0575652380952381,5
2023-04-13,Consumer,0.0575652380952381,-0.014880000000000008,5
2023-04-14,Consumer,-0.014880000000000008,0.124798,5
2023-04-17,Consumer,0.124798,0.0447863025210084,5
2023-04-18,Consumer,0.0447863025210084,0.0005921428571428633,5
2023-04-19,Consumer,0.0005921428571428633,0.131485,5
2023-04-20,Consumer,0.131485,0.14552822222222223,5
2023-04-21,Consumer,0.14552822222222223,0.13007619047619048,5
2023-04-24,Consumer,0.13007619047619048,0.146753,5
2023-04-25,Consumer,0.146753,0.08423833333333335,5
2023-04-26,Consumer,0.08423833333333335,0.1187457792207792,5
2023-04-27,Consumer,0.1187457792207792,0.012288333333333335,5
2023-04-28,Consumer,0.012288333333333335,0.22744999999999999,5
2023-05-01,Consumer,0.22744999999999999,0.059741095238095246,5
2023-05-02,Consumer,0.059741095238095246,0.056548,5
2023-05-03,Consumer,0.056548,0.12837300000000001,5
2023-05-04,Consumer,0.12837300000000001,-0.004016190476190474,5
2023-05-05,Consumer,-0.004016190476190474,0.07084933333333335,5
2023-05-08,Consumer,0.07084933333333335,0.017195238095238104,5
2023-05-09,Consumer,0.017195238095238104,0.14326366666666668,5
2023-05-10,Consumer,0.14326366666666668,-0.02804194871794871,5
2023-05-11,Consumer,-0.02804194871794871,0.13150999999999996,5
2023-05-12,Consumer,0.13150999999999996,0.08554777272727274,5
2023-05-15,Consumer,0.08554777272727274,0.0807376923076923,5
2023-05-16,Consumer,0.0807376923076923,0.07171818181818182,5
2023-05-17,Consumer,0.07171818181818182,0.021934848484848484,5
2023-05-18,Consumer,0.021934848484848484,0.25109972222222227,5
2023-05-19,Consumer,0.25109972222222227,0.08104469582704878,5
2023-05-22,Consumer,0.08104469582704878,0.034333914141414144,5
2023-05-23,Consumer,0.034333914141414144,-0.014593809523809523,5
2023-05-24,Consumer,-0.014593809523809523,0.03334933333333333,5
2023-05-25,Consumer,0.03334933333333333,0.061340000000000006,5
2023-05-26,Consumer,0.061340000000000006,0.06419766666666667,5
2023-05-30,Consumer,0.06419766666666667,0.0979775974025974,5
2023-05-31,Consumer,0.0979775974025974,0.09165928571428572,5
2023-06-01,Consumer,0.09165928571428572,0.15992166666666668,5
2023-06-02,Consumer,0.15992166666666668,0.026026000000000004,5
2023-06-05,Consumer,0.026026000000000004,0.02582064102564103,5
2023-06-06,Consumer,0.02582064102564103,0.1613516666666667,5
2023-06-07,Consumer,0.1613516666666667,0.11764722222222221,5
2023-06-08,Consumer,0.11764722222222221,0.10710144444444444,5
2023-06-09,Consumer,0.10710144444444444,0.06464857142857142,5
2023-06-12,Consumer,0.06464857142857142,0.09070455555555557,5
2023-06-13,Consumer,0.09070455555555557,0.13749833333333333,5
2023-06-14,Consumer,0.13749833333333333,0.028422777777777776,5
2023-06-15,Consumer,0.028422777777777776,0.07783428571428572,5
2023-06-16,Consumer,0.07783428571428572,-0.009490000000000004,5
2023-06-20,Consumer,-0.009490000000000004,0.0439277619047619,5
2023-06-21,Consumer,0.0439277619047619,0.11270314285714285,5
2023-06-22,Consumer,0.11270314285714285,0.015031428571428576,5
2023-06-23,Consumer,0.015031428571428576,0.010487428571428578,5
2023-06-26,Consumer,0.010487428571428578,0.14688738095238096,5
2023-06-27,Consumer,0.14688738095238096,0.11427333333333331,5
2023-06-28,Consumer,0.11427333333333331,0.10723866666666668,5
2023-06-29,Consumer,0.10723866666666668,-0.0013619999999999904,5
2023-06-30,Consumer,-0.0013619999999999904,0.11450107142857144,5
2023-07-03,Consumer,0.11450107142857144,0.07236828571428572,5
2023-07-05,Consumer,0.07236828571428572,0.079572,5
2023-07-06,Consumer,0.079572,0.05473309523809524,5
2023-07-07,Consumer,0.05473309523809524,0.09128266666666666,5
2023-07-10,Consumer,0.09128266666666666,0.03842547619047619,5
2023-07-11,Consumer,0.03842547619047619,0.1483045,5
2023-07-12,Consumer,0.1483045,0.08879327272727275,5
2023-07-13,Consumer,0.08879327272727275,0.18050836263736264,5
2023-07-14,Consumer,0.18050836263736264,0.16024290909090907,5
2023-07-17,Consumer,0.16024290909090907,0.045599272727272724,5
2023-07-18,Consumer,0.045599272727272724,0.049770952380952395,5
2023-07-19,Consumer,0.049770952380952395,0.168018,5
2023-07-20,Consumer,0.168018,0.08856657142857141,5
2023-07-21,Consumer,0.08856657142857141,0.024183333333333334,5
2023-07-24,Consumer,0.024183333333333334,0.06884526190476192,5
2023-07-25,Consumer,0.06884526190476192,0.10401171428571428,5
2023-07-26,Consumer,0.10401171428571428,0.1706915087719298,5
2023-07-27,Consumer,0.1706915087719298,0.22450444444444445,5
2023-07-28,Consumer,0.22450444444444445,0.14550000000000002,5
2023-07-31,Consumer,0.14550000000000002,0.11187411111111109,5
2023-08-01,Consumer,0.11187411111111109,0.09423099999999998,5
2023-08-02,Consumer,0.09423099999999998,-0.008530059523809527,5
2023-08-03,Consumer,-0.008530059523809527,-0.0007236666666666697,5
2023-08-04,Consumer,-0.0007236666666666697,0.07977000000000001,5
2023-08-07,Consumer,0.07977000000000001,0.055476999999999985,5
2023-08-08,Consumer,0.055476999999999985,0.11675619047619049,5
2023-08-09,Consumer,0.11675619047619049,0.0457461052631579,5
2023-08-10,Consumer,0.0457461052631579,0.06942833333333334,5
2023-08-11,Consumer,0.06942833333333334,0.0952111452991453,5
2023-08-14,Consumer,0.0952111452991453,0.05420119047619047,5
2023-08-15,Consumer,0.05420119047619047,0.06022467171717172,5
2023-08-16,Consumer,0.06022467171717172,0.11619657142857143,5
2023-08-17,Consumer,0.11619657142857143,0.031220909090909087,5
2023-08-18,Consumer,0.031220909090909087,0.0007726666666666639,5
2023-08-21,Consumer,0.0007726666666666639,0.06894466666666668,5
2023-08-22,Consumer,0.06894466666666668,0.04551059523809523,5
2023-08-23,Consumer,0.04551059523809523,0.15126488095238097,5
2023-08-24,Consumer,0.15126488095238097,0.0441638181818182,5
2023-08-25,Consumer,0.0441638181818182,0.09993466666666667,5
2023-08-28,Consumer,0.09993466666666667,0.06975638095238096,5
2023-08-29,Consumer,0.06975638095238096,0.20864030303030306,5
2023-08-30,Consumer,0.20864030303030306,0.10278400000000001,5
2023-08-31,Consumer,0.10278400000000001,0.24146171428571428,5
2023-09-01,Consumer,0.24146171428571428,0.17697666666666664,5
2023-09-05,Consumer,0.17697666666666664,0.09994464646464647,5
2023-09-06,Consumer,0.09994464646464647,0.05658,5
2023-09-07,Consumer,0.05658,0.029047777777777777,5
2023-09-08,Consumer,0.029047777777777777,0.17325027777777777,5
2023-09-11,Consumer,0.17325027777777777,0.09497111111111112,5
2023-09-12,Consumer,0.09497111111111112,0.053890357142857136,5
2023-09-13,Consumer,0.053890357142857136,0.09568777777777779,5
2023-09-14,Consumer,0.09568777777777779,0.031052380952380953,5
2023-09-15,Consumer,0.031052380952380953,0.2730741666666667,5
2023-09-18,Consumer,0.2730741666666667,0.09738324675324675,5
2023-09-19,Consumer,0.09738324675324675,0.11061783333333335,5
2023-09-20,Consumer,0.11061783333333335,-0.082029,5
2023-09-21,Consumer,-0.082029,0.05147047619047619,5
2023-09-22,Consumer,0.05147047619047619,0.16078433333333336,5
2023-09-25,Consumer,0.16078433333333336,0.053592011904761906,5
2023-09-26,Consumer,0.053592011904761906,0.151518,5
2023-09-27,Consumer,0.151518,-0.050449999999999995,5
2023-09-28,Consumer,-0.050449999999999995,0.07703942857142858,5
2023-09-29,Consumer,0.07703942857142858,0.15594224561403508,5
2023-10-02,Consumer,0.15594224561403508,0.13213088311688312,5
2023-10-03,Consumer,0.13213088311688312,0.36854200000000004,5
2023-10-04,Consumer,0.36854200000000004,0.11607416666666667,5
2023-10-05,Consumer,0.11607416666666667,0.18921916666666666,5
2023-10-06,Consumer,0.18921916666666666,0.18926954545454547,5
2023-10-09,Consumer,0.18926954545454547,0.05441735714285715,5
2023-10-10,Consumer,0.05441735714285715,0.20790936507936508,5
2023-10-11,Consumer,0.20790936507936508,0.06624150000000002,5
2023-10-12,Consumer,0.06624150000000002,0.08903190476190476,5
2023-10-13,Consumer,0.08903190476190476,0.05699309523809524,5
2023-10-16,Consumer,0.05699309523809524,0.14300877777777782,5
2023-10-17,Consumer,0.14300877777777782,0.0683311111111111,5
2023-10-18,Consumer,0.0683311111111111,0.08837939393939394,5
2023-10-19,Consumer,0.08837939393939394,0.04422249206349206,5
2023-10-20,Consumer,0.04422249206349206,0.08850166666666666,5
2023-10-23,Consumer,0.08850166666666666,0.1530108653846154,5
2023-10-24,Consumer,0.1530108653846154,0.0812835,5
2023-10-25,Consumer,0.0812835,-0.018668333333333318,5
2023-10-26,Consumer,-0.018668333333333318,0.05937633333333333,5
2023-10-27,Consumer,0.05937633333333333,0.09749571428571428,5
2023-10-30,Consumer,0.09749571428571428,0.10860700854700855,5
2023-10-31,Consumer,0.10860700854700855,0.14563566666666666,5
2023-11-01,Consumer,0.14563566666666666,0.15182860317460317,5
2023-11-02,Consumer,0.15182860317460317,0.11107411111111112,5
2023-11-03,Consumer,0.11107411111111112,0.09095019047619049,5
2023-11-06,Consumer,0.09095019047619049,0.041532412698412714,5
2023-11-07,Consumer,0.041532412698412714,0.22784744444444444,5
2023-11-08,Consumer,0.22784744444444444,0.01963564102564102,5
2023-11-09,Consumer,0.01963564102564102,0.11406127192982456,5
2023-11-10,Consumer,0.11406127192982456,0.1301966515151515,5
2023-11-13,Consumer,0.1301966515151515,0.13362304347826087,5
2023-11-14,Consumer,0.13362304347826087,0.08768266666666666,5
2023-11-15,Consumer,0.08768266666666666,0.14326871794871793,5
2023-11-16,Consumer,0.14326871794871793,0.02141885714285714,5
2023-11-17,Consumer,0.02141885714285714,0.08490333333333333,5
2023-11-20,Consumer,0.08490333333333333,0.0602736103896104,5
2023-11-21,Consumer,0.0602736103896104,0.07989491666666668,5
2023-11-22,Consumer,0.07989491666666668,0.006063636363636366,5
2023-11-24,Consumer,0.006063636363636366,-0.07000755555555556,5
2023-11-27,Consumer,-0.07000755555555556,0.13043235714285717,5
2023-11-28,Consumer,0.13043235714285717,0.12293950000000001,5
2023-11-29,Consumer,0.12293950000000001,0.07983321428571429,5
2023-11-30,Consumer,0.07983321428571429,0.020902777777777784,5
2023-12-01,Consumer,0.020902777777777784,0.16299761904761906,5
2023-12-04,Consumer,0.16299761904761906,0.08154409090909091,5
2023-12-05,Consumer,0.08154409090909091,0.13501333333333335,5
2023-12-06,Consumer,0.13501333333333335,0.06956511111111112,5
2023-12-07,Consumer,0.06956511111111112,0.27937333333333336,5
2023-12-08,Consumer,0.27937333333333336,-0.015177000000000001,5
2023-12-11,Consumer,-0.015177000000000001,0.1575404256854257,5
2023-12-12,Consumer,0.1575404256854257,-0.061203333333333346,5
2023-12-13,Consumer,-0.061203333333333346,0.07708600000000002,5
2023-12-14,Consumer,0.07708600000000002,0.06245533333333333,5
2023-12-15,Consumer,0.06245533333333333,0.10772166666666667,5
2023-12-18,Consumer,0.10772166666666667,0.06994533333333333,5
2023-12-19,Consumer,0.06994533333333333,0.06994533333333333,5
2023-12-20,Consumer,0.06994533333333333,0.06994533333333333,5
2023-12-21,Consumer,0.06994533333333333,0.06994533333333333,5
2023-12-22,Consumer,0.06994533333333333,0.06994533333333333,5
2023-12-26,Consumer,0.06994533333333333,0.06994533333333333,5
2023-12-27,Consumer,0.06994533333333333,0.06994533333333333,5
2023-12-28,Consumer,0.06994533333333333,0.06994533333333333,5
2023-12-29,Consumer,0.06994533333333333,0.06994533333333333,5
2020-01-02,Energy,0.0,0.19246166666666667,5
2020-01-03,Energy,0.19246166666666667,-0.044061727272727266,5
2020-01-06,Energy,-0.044061727272727266,0.08373787878787879,5
2020-01-07,Energy,0.08373787878787879,0.06610333333333333,5
2020-01-08,Energy,0.06610333333333333,0.05054166666666667,5
2020-01-09,Energy,0.05054166666666667,0.08153300000000001,5
2020-01-10,Energy,0.08153300000000001,0.07396200000000001,5
2020-01-13,Energy,0.07396200000000001,0.14677350000000003,5
2020-01-14,Energy,0.14677350000000003,0.2138183333333333,5
2020-01-15,Energy,0.2138183333333333,0.15491666666666667,5
2020-01-16,Energy,0.15491666666666667,0.19186095238095238,5
2020-01-17,Energy,0.19186095238095238,0.1613491111111111,5
2020-01-21,Energy,0.1613491111111111,0.17905157142857145,5
2020-01-22,Energy,0.17905157142857145,0.17051333333333335,5
2020-01-23,Energy,0.17051333333333335,-0.0026586666666666785,5
2020-01-24,Energy,-0.0026586666666666785,0.18136166666666664,5
2020-01-27,Energy,0.18136166666666664,-0.04346500000000001,5
2020-01-28,Energy,-0.04346500000000001,0.08318333333333333,5
2020-01-29,Energy,0.08318333333333333,-0.038893333333333335,5
2020-01-30,Energy,-0.038893333333333335,0.0066342857142857314,5
2020-01-31,Energy,0.0066342857142857314,0.0668647619047619,5
2020-02-03,Energy,0.0668647619047619,0.03222089743589743,5
2020-02-04,Energy,0.03222089743589743,0.10838555555555555,5
2020-02-05,Energy,0.10838555555555555,0.504522857142857,5
2020-02-06,Energy,0.504522857142857,0.3560966666666667,5
2020-02-07,Energy,0.3560966666666667,0.22275299999999998,5
2020-02-10,Energy,0.22275299999999998,0.05099333333333335,5
2020-02-11,Energy,0.05099333333333335,0.09527314285714285,5
2020-02-12,Energy,0.09527314285714285,-0.016032500000000012,5
2020-02-13,Energy,-0.016032500000000012,-0.03680749999999999,5
2020-02-14,Energy,-0.03680749999999999,-0.0436,5
2020-02-18,Energy,-0.0436,0.126445,5
2020-02-19,Energy,0.126445,0.20549666666666666,5
2020-02-20,Energy,0.20549666666666666,0.23329500000000003,5
2020-02-21,Energy,0.23329500000000003,-0.025515,5
2020-02-24,Energy,-0.025515,-0.19513535714285715,5
2020-02-25,Energy,-0.19513535714285715,-0.044151666666666665,5
2020-02-26,Energy,-0.044151666666666665,0.14103742857142856,5
2020-02-27,Energy,0.14103742857142856,0.076867,5
2020-02-28,Energy,0.076867,0.09251638888888888,5
2020-03-02,Energy,0.09251638888888888,0.039005,5
2020-03-03,Energy,0.039005,0.018840888888888886,5
2020-03-04,Energy,0.018840888888888886,0.22001666666666667,5
2020-03-05,Energy,0.22001666666666667,0.06623000000000001,5
2020-03-06,Energy,0.06623000000000001,-0.011262380952380954,5
2020-03-09,Energy,-0.011262380952380954,-0.1567273799884326,5
2020-03-10,Energy,-0.1567273799884326,0.018823468599033815,5
2020-03-11,Energy,0.018823468599033815,0.03261601190476191,5
2020-03-12,Energy,0.03261601190476191,0.057588157894736834,5
2020-03-13,Energy,0.057588157894736834,0.2647254341736695,5
2020-03-16,Energy,0.2647254341736695,-0.01818901960784313,5
2020-03-17,Energy,-0.01818901960784313,0.02599600000000001,5
2020-03-18,Energy,0.02599600000000001,-0.050822857142857135,5
2020-03-19,Energy,-0.050822857142857135,0.0031740000000000045,5
2020-03-20,Energy,0.0031740000000000045,-0.10074687179487181,5
2020-03-23,Energy,-0.10074687179487181,-0.17135777777777778,5
2020-03-24,Energy,-0.17135777777777778,0.1061171111111111,5
2020-03-25,Energy,0.1061171111111111,0.20896033333333336,5
2020-03-26,Energy,0.20896033333333336,0.15232600000000002,5
2020-03-27,Energy,0.15232600000000002,0.23420566666666667,5
2020-03-30,Energy,0.23420566666666667,-0.038722666666666676,5
2020-03-31,Energy,-0.038722666666666676,0.006620833333333331,5
2020-04-01,Energy,0.006620833333333331,-0.06116333333333333,5
2020-04-02,Energy,-0.06116333333333333,-0.049479512820512814,5
2020-04-03,Energy,-0.049479512820512814,-0.055453333333333334,5
2020-04-06,Energy,-0.055453333333333334,0.13091722222222224,5
2020-04-07,Energy,0.13091722222222224,0.3033242857142857,5
2020-04-08,Energy,0.3033242857142857,0.301839619047619,5
2020-04-09,Energy,0.301839619047619,0.1310592380952381,5
2020-04-13,Energy,0.1310592380952381,0.07641720329670329,5
2020-04-14,Energy,0.07641720329670329,0.07479250000000001,5
2020-04-15,Energy,0.07479250000000001,0.028739358974358975,5
2020-04-16,Energy,0.028739358974358975,-0.01728035064935064,5
2020-04-17,Energy,-0.01728035064935064,-0.09678385185185186,5
2020-04-20,Energy,-0.09678385185185186,-0.1435638316080055,5
2020-04-21,Energy,-0.1435638316080055,-0.23927619047619048,5
2020-04-22,Energy,-0.23927619047619048,-0.02613499999999999,5
2020-04-23,Energy,-0.02613499999999999,0.16398072727272728,5
2020-04-24,Energy,0.16398072727272728,0.07427607142857143,5
2020-04-27,Energy,0.07427607142857143,-0.03228583333333333,5
2020-04-28,Energy,-0.03228583333333333,-0.03468222222222222,5
2020-04-29,Energy,-0.03468222222222222,0.16292325396825397,5
2020-04-30,Energy,0.16292325396825397,0.01882639538239539,5
2020-05-01,Energy,0.01882639538239539,-0.1544444761904762,5
2020-05-04,Energy,-0.1544444761904762,-0.02376483682983683,5
2020-05-05,Energy,-0.02376483682983683,0.113459797979798,5
2020-05-06,Energy,0.113459797979798,0.14814828571428568,5
2020-05-07,Energy,0.14814828571428568,0.22783785714285715,5
2020-05-08,Energy,0.22783785714285715,0.19863333333333333,5
2020-05-11,Energy,0.19863333333333333,-0.05607011111111111,5
2020-05-12,Energy,-0.05607011111111111,0.15184466666666666,5
2020-05-13,Energy,0.15184466666666666,-0.053962857142857146,5
2020-05-14,Energy,-0.053962857142857146,-0.07579,5
2020-05-15,Energy,-0.07579,0.12735166666666667,5
2020-05-18,Energy,0.12735166666666667,0.1319543650793651,5
2020-05-19,Energy,0.1319543650793651,0.18089266666666665,5
2020-05-20,Energy,0.18089266666666665,-0.005288095238095236,5
2020-05-21,Energy,-0.005288095238095236,-0.02015999999999999,5
2020-05-22,Energy,-0.02015999999999999,-0.044225333333333346,5
2020-05-26,Energy,-0.044225333333333346,0.11518999999999999,5
2020-05-27,Energy,0.11518999999999999,0.072814,5
2020-05-28,Energy,0.072814,0.14303,5
2020-05-29,Energy,0.14303,0.19266999999999998,5
2020-06-01,Energy,0.19266999999999998,0.05697469696969697,5
2020-06-02,Energy,0.05697469696969697,0.15595142857142857,5
2020-06-03,Energy,0.15595142857142857,0.33963,5
2020-06-04,Energy,0.33963,0.08162266666666665,5
2020-06-05,Energy,0.08162266666666665,0.10364575757575759,5
2020-06-08,Energy,0.10364575757575759,0.3262435714285714,5
2020-06-09,Energy,0.3262435714285714,0.168495,5
2020-06-10,Energy,0.168495,0.3819821666666666,5
2020-06-11,Energy,0.3819821666666666,-0.06721499999999998,5
2020-06-12,Energy,-0.06721499999999998,-0.042966999999999964,5
2020-06-15,Energy,-0.042966999999999964,-0.15659288888888886,5
2020-06-16,Energy,-0.15659288888888886,0.1422275,5
2020-06-17,Energy,0.1422275,0.06712399999999999,5
2020-06-18,Energy,0.06712399999999999,0.04320266666666666,5
2020-06-19,Energy,0.04320266666666666,0.2169090476190476,5
2020-06-22,Energy,0.2169090476190476,0.18894571428571427,5
2020-06-23,Energy,0.18894571428571427,0.19058999999999998,5
2020-06-24,Energy,0.19058999999999998,-0.24976071428571425,5
2020-06-25,Energy,-0.24976071428571425,0.11410380952380952,5
2020-06-26,Energy,0.11410380952380952,0.07093333333333333,5
2020-06-29,Energy,0.07093333333333333,0.02758000000000001,5
2020-06-30,Energy,0.02758000000000001,0.10152466666666667,5
2020-07-01,Energy,0.10152466666666667,0.10210333333333332,5
2020-07-02,Energy,0.10210333333333332,0.17867757575757576,5
2020-07-06,Energy,0.17867757575757576,0.12836380952380952,5
2020-07-07,Energy,0.12836380952380952,0.022263571428571417,5
2020-07-08,Energy,0.022263571428571417,0.12094857142857143,5
2020-07-09,Energy,0.12094857142857143,0.14581000000000002,5
2020-07-10,Energy,0.14581000000000002,0.17794666666666664,5
2020-07-13,Energy,0.17794666666666664,0.2873133333333333,5
2020-07-14,Energy,0.2873133333333333,0.26393999999999995,5
2020-07-15,Energy,0.26393999999999995,-0.049015,5
2020-07-16,Energy,-0.049015,0.14286500000000002,5
2020-07-17,Energy,0.14286500000000002,0.018699999999999998,5
2020-07-20,Energy,0.018699999999999998,0.08834388888888892,5
2020-07-21,Energy,0.08834388888888892,0.24793843711843713,5
2020-07-22,Energy,0.24793843711843713,0.158025,5
2020-07-23,Energy,0.158025,0.017550000000000003,5
2020-07-24,Energy,0.017550000000000003,0.13683923076923077,5
2020-07-27,Energy,0.13683923076923077,0.026238,5
2020-07-28,Energy,0.026238,0.07622999999999999,5
2020-07-29,Energy,0.07622999999999999,0.24017,5
2020-07-30,Energy,0.24017,0.058042666666666666,5
2020-07-31,Energy,0.058042666666666666,-0.0059559999999999995,5
2020-08-03,Energy,-0.0059559999999999995,0.10191750000000002,5
2020-08-04,Energy,0.10191750000000002,0.11695499999999999,5
2020-08-05,Energy,0.11695499999999999,0.20764833333333335,5
2020-08-06,Energy,0.20764833333333335,0.19407833333333335,5
2020-08-07,Energy,0.19407833333333335,0.029141333333333335,5
2020-08-10,Energy,0.029141333333333335,0.19048533333333334,5
2020-08-11,Energy,0.19048533333333334,0.17973357142857144,5
2020-08-12,Energy,0.17973357142857144,0.16271333333333332,5
2020-08-13,Energy,0.16271333333333332,0.1587633333333333,5
2020-08-14,Energy,0.1587633333333333,0.177065,5
2020-08-17,Energy,0.177065,-0.061919999999999996,5
2020-08-18,Energy,-0.061919999999999996,0.01127333333333333,5
2020-08-19,Energy,0.01127333333333333,0.053013333333333336,5
2020-08-20,Energy,0.053013333333333336,0.047895999999999994,5
2020-08-21,Energy,0.047895999999999994,0.045533333333333335,5
2020-08-24,Energy,0.045533333333333335,0.1001028888888889,5
2020-08-25,Energy,0.1001028888888889,0.07238,5
2020-08-26,Energy,0.07238,0.11475142857142857,5
2020-08-27,Energy,0.11475142857142857,-0.016749714285714284,5
2020-08-28,Energy,-0.016749714285714284,0.08272499999999999,5
2020-08-31,Energy,0.08272499999999999,-0.007902857142857137,5
2020-09-01,Energy,-0.007902857142857137,0.05311499999999999,5
2020-09-02,Energy,0.05311499999999999,0.019004999999999987,5
2020-09-03,Energy,0.019004999999999987,0.07716,5
2020-09-04,Energy,0.07716,0.015275,5
2020-09-08,Energy,0.015275,-0.1019097142857143,5
2020-09-09,Energy,-0.1019097142857143,-0.124304,5
2020-09-10,Energy,-0.124304,-0.03435999999999999,5
2020-09-11,Energy,-0.03435999999999999,0.14622,5
2020-09-14,Energy,0.14622,0.09167499999999999,5
2020-09-15,Energy,0.09167499999999999,0.006593333333333321,5
2020-09-16,Energy,0.006593333333333321,0.18460166666666666,5
2020-09-17,Energy,0.18460166666666666,0.24977,5
2020-09-18,Energy,0.24977,0.20443666666666668,5
2020-09-21,Energy,0.20443666666666668,0.04212666666666666,5
2020-09-22,Energy,0.04212666666666666,0.20084,5
2020-09-23,Energy,0.20084,0.19655499999999998,5
2020-09-24,Energy,0.19655499999999998,0.2200766666666667,5
2020-09-25,Energy,0.2200766666666667,-0.02044,5
2020-09-28,Energy,-0.02044,0.045770000000000005,5
2020-09-29,Energy,0.045770000000000005,0.25221,5
2020-09-30,Energy,0.25221,0.01869666666666667,5
2020-10-01,Energy,0.01869666666666667,0.05873111111111111,5
2020-10-02,Energy,0.05873111111111111,0.2222254761904762,5
2020-10-05,Energy,0.2222254761904762,0.12442483333333335,5
2020-10-06,Energy,0.12442483333333335,0.011911666666666666,5
2020-10-07,Energy,0.011911666666666666,0.054475666666666665,5
2020-10-08,Energy,0.054475666666666665,0.17959238095238095,5
2020-10-09,Energy,0.17959238095238095,0.17959238095238095,5
2020-10-12,Energy,0.17959238095238095,0.1787275,5
2020-10-13,Energy,0.1787275,-0.09545999999999999,5
2020-10-14,Energy,-0.09545999999999999,0.02732,5
2020-10-15,Energy,0.02732,0.32416999999999996,5
2020-10-16,Energy,0.32416999999999996,0.12183125000000002,5
2020-10-19,Energy,0.12183125000000002,0.0239189696969697,5
2020-10-20,Energy,0.0239189696969697,0.06860533333333334,5
2020-10-21,Energy,0.06860533333333334,-0.030614999999999983,5
2020-10-22,Energy,-0.030614999999999983,-0.009681666666666654,5
2020-10-23,Energy,-0.009681666666666654,0.025655000000000004,5
2020-10-26,Energy,0.025655000000000004,0.06980433333333333,5
2020-10-27,Energy,0.06980433333333333,0.009468333333333334,5
2020-10-28,Energy,0.009468333333333334,0.058988571428571425,5
2020-10-29,Energy,0.058988571428571425,-0.10341857142857143,5
2020-10-30,Energy,-0.10341857142857143,-0.0013335000000000027,5
2020-11-02,Energy,-0.0013335000000000027,-0.08184083333333333,5
2020-11-03,Energy,-0.08184083333333333,-0.0017549999999999955,5
2020-11-04,Energy,-0.0017549999999999955,0.146974,5
2020-11-05,Energy,0.146974,0.04858666666666666,5
2020-11-06,Energy,0.04858666666666666,0.051188333333333336,5
2020-11-09,Energy,0.051188333333333336,0.16904728205128206,5
2020-11-10,Energy,0.16904728205128206,0.026431000000000017,5
2020-11-11,Energy,0.026431000000000017,0.09073000000000002,5
2020-11-12,Energy,0.09073000000000002,0.3424666666666667,5
2020-11-13,Energy,0.3424666666666667,0.29847333333333337,5
2020-11-16,Energy,0.29847333333333337,0.3368525,5
2020-11-17,Energy,0.3368525,0.26647,5
2020-11-18,Energy,0.26647,0.23636833333333335,5
2020-11-19,Energy,0.23636833333333335,0.22990500000000003,5
2020-11-20,Energy,0.22990500000000003,0.176915,5
2020-11-23,Energy,0.176915,-0.02423785714285715,5
2020-11-24,Energy,-0.02423785714285715,-0.14315,5
2020-11-25,Energy,-0.14315,0.12261249999999999,5
2020-11-27,Energy,0.12261249999999999,0.18031250000000001,5
2020-11-30,Energy,0.18031250000000001,0.21517904761904766,5
2020-12-01,Energy,0.21517904761904766,0.08983666666666668,5
2020-12-02,Energy,0.08983666666666668,0.14893133333333333,5
2020-12-03,Energy,0.14893133333333333,0.012890000000000007,5
2020-12-04,Energy,0.012890000000000007,-0.016293795093795103,5
2020-12-07,Energy,-0.016293795093795103,0.046324888888888895,5
2020-12-08,Energy,0.046324888888888895,0.048455,5
2020-12-09,Energy,0.048455,0.033248,5
2020-12-10,Energy,0.033248,0.243084,5
2020-12-11,Energy,0.243084,-0.233304,5
2020-12-14,Energy,-0.233304,0.07815000000000001,5
2020-12-15,Energy,0.07815000000000001,0.20113333333333333,5
2020-12-16,Energy,0.20113333333333333,0.06356666666666667,5
2020-12-17,Energy,0.06356666666666667,0.11717999999999999,5
2020-12-18,Energy,0.11717999999999999,0.036699999999999997,5
2020-12-21,Energy,0.036699999999999997,0.13405733333333333,5
2020-12-22,Energy,0.13405733333333333,-0.018831999999999995,5
2020-12-23,Energy,-0.018831999999999995,0.13622,5
2020-12-24,Energy,0.13622,0.18150666666666665,5
2020-12-28,Energy,0.18150666666666665,0.09058,5
2020-12-29,Energy,0.09058,0.09786999999999998,5
2020-12-30,Energy,0.09786999999999998,0.06642,5
2020-12-31,Energy,0.06642,0.08731333333333335,5
2021-01-04,Energy,0.08731333333333335,0.06635833333333332,5
2021-01-05,Energy,0.06635833333333332,0.12317666666666667,5
2021-01-06,Energy,0.12317666666666667,-0.019253333333333334,5
2021-01-07,Energy,-0.019253333333333334,0.05487333333333333,5
2021-01-08,Energy,0.05487333333333333,0.0934207142857143,5
2021-01-11,Energy,0.0934207142857143,0.12099,5
2021-01-12,Energy,0.12099,-0.008301333333333327,5
2021-01-13,Energy,-0.008301333333333327,0.08661166666666667,5
2021-01-14,Energy,0.08661166666666667,0.07271166666666666,5
2021-01-15,Energy,0.07271166666666666,0.1922497435897436,5
2021-01-19,Energy,0.1922497435897436,0.21166666666666661,5
2021-01-20,Energy,0.21166666666666661,0.16994666666666666,5
2021-01-21,Energy,0.16994666666666666,-0.23058499999999998,5
2021-01-22,Energy,-0.23058499999999998,0.0399575,5
2021-01-25,Energy,0.0399575,0.14127499999999998,5
2021-01-26,Energy,0.14127499999999998,0.37006,5
2021-01-27,Energy,0.37006,0.3212533333333333,5
2021-01-28,Energy,0.3212533333333333,0.17101833333333333,5
2021-01-29,Energy,0.17101833333333333,-0.11156999999999999,5
2021-02-01,Energy,-0.11156999999999999,0.16262848484848486,5
2021-02-02,Energy,0.16262848484848486,0.03962929824561403,5
2021-02-03,Energy,0.03962929824561403,0.030882999999999994,5
2021-02-04,Energy,0.030882999999999994,0.12944,5
2021-02-05,Energy,0.12944,0.036961333333333325,5
2021-02-08,Energy,0.036961333333333325,0.11955750000000002,5
2021-02-09,Energy,0.11955750000000002,0.14195000000000002,5
2021-02-10,Energy,0.14195000000000002,-0.018936666666666668,5
2021-02-11,Energy,-0.018936666666666668,0.070035,5
2021-02-12,Energy,0.070035,-0.053090000000000005,5
2021-02-16,Energy,-0.053090000000000005,0.0994925,5
2021-02-17,Energy,0.0994925,0.004281181818181812,5
2021-02-18,Energy,0.004281181818181812,0.15594166666666665,5
2021-02-19,Energy,0.15594166666666665,0.30261499999999997,5
2021-02-22,Energy,0.30261499999999997,0.18816888888888889,5
2021-02-23,Energy,0.18816888888888889,0.28763333333333335,5
2021-02-24,Energy,0.28763333333333335,-0.025846333333333332,5
2021-02-25,Energy,-0.025846333333333332,0.10586999999999999,5
2021-02-26,Energy,0.10586999999999999,0.10174000000000001,5
2021-03-01,Energy,0.10174000000000001,0.2517376666666667,5
2021-03-02,Energy,0.2517376666666667,0.08687933333333334,5
2021-03-03,Energy,0.08687933333333334,0.16213636363636363,5
2021-03-04,Energy,0.16213636363636363,0.10244500000000001,5
2021-03-05,Energy,0.10244500000000001,0.10816916666666668,5
2021-03-08,Energy,0.10816916666666668,0.10406866666666667,5
2021-03-09,Energy,0.10406866666666667,-0.0672257142857143,5
2021-03-10,Energy,-0.0672257142857143,0.11134999999999999,5
2021-03-11,Energy,0.11134999999999999,0.25180333333333327,5
2021-03-12,Energy,0.25180333333333327,0.29296999999999995,5
2021-03-15,Energy,0.29296999999999995,0.1456633333333333,5
2021-03-16,Energy,0.1456633333333333,0.015209999999999996,5
2021-03-17,Energy,0.015209999999999996,0.08198,5
2021-03-18,Energy,0.08198,0.01838666666666664,5
2021-03-19,Energy,0.01838666666666664,0.2608666666666667,5
2021-03-22,Energy,0.2608666666666667,0.0432,5
2021-03-23,Energy,0.0432,-0.1627663888888889,5
2021-03-24,Energy,-0.1627663888888889,-0.04711066666666667,5
2021-03-25,Energy,-0.04711066666666667,0.14115333333333333,5
2021-03-26,Energy,0.14115333333333333,0.2526423333333333,5
2021-03-29,Energy,0.2526423333333333,0.1914,5
2021-03-30,Energy,0.1914,0.2677733333333333,5
2021-03-31,Energy,0.2677733333333333,0.15150000000000002,5
2021-04-01,Energy,0.15150000000000002,-0.2929,5
2021-04-05,Energy,-0.2929,-0.0076959999999999945,5
2021-04-06,Energy,-0.0076959999999999945,0.026503999999999993,5
2021-04-07,Energy,0.026503999999999993,-0.07508000000000001,5
2021-04-08,Energy,-0.07508000000000001,0.07392,5
2021-04-09,Energy,0.07392,-0.15111,5
2021-04-12,Energy,-0.15111,0.01261000000000001,5
2021-04-13,Energy,0.01261000000000001,0.24666666666666667,5
2021-04-14,Energy,0.24666666666666667,0.11983333333333332,5
2021-04-15,Energy,0.11983333333333332,0.0017399999999999972,5
2021-04-16,Energy,0.0017399999999999972,0.08471333333333333,5
2021-04-19,Energy,0.08471333333333333,0.0023583333333333347,5
2021-04-20,Energy,0.0023583333333333347,0.11605333333333334,5
2021-04-21,Energy,0.11605333333333334,0.028654999999999996,5
2021-04-22,Energy,0.028654999999999996,0.011080000000000001,5
2021-04-23,Energy,0.011080000000000001,-0.047299999999999995,5
2021-04-26,Energy,-0.047299999999999995,-0.015539999999999993,5
2021-04-27,Energy,-0.015539999999999993,0.03794666666666666,5
2021-04-28,Energy,0.03794666666666666,0.24722600000000003,5
2021-04-29,Energy,0.24722600000000003,0.27493333333333336,5
2021-04-30,Energy,0.27493333333333336,0.21420178571428572,5
2021-05-03,Energy,0.21420178571428572,0.09553500000000001,5
2021-05-04,Energy,0.09553500000000001,0.035858714285714285,5
2021-05-05,Energy,0.035858714285714285,0.09920999999999999,5
2021-05-06,Energy,0.09920999999999999,0.25497000000000003,5
2021-05-07,Energy,0.25497000000000003,0.09751499999999999,5
2021-05-10,Energy,0.09751499999999999,0.11994799999999999,5
2021-05-11,Energy,0.11994799999999999,-0.015452000000000004,5
2021-05-12,Energy,-0.015452000000000004,0.11560666666666668,5
2021-05-13,Energy,0.11560666666666668,0.08052000000000001,5
2021-05-14,Energy,0.08052000000000001,0.010286666666666666,5
2021-05-17,Energy,0.010286666666666666,0.21077533333333331,5
2021-05-18,Energy,0.21077533333333331,0.09750500000000001,5
2021-05-19,Energy,0.09750500000000001,0.061595,5
2021-05-20,Energy,0.061595,0.12242000000000001,5
2021-05-21,Energy,0.12242000000000001,0.05721,5
2021-05-24,Energy,0.05721,0.11589333333333332,5
2021-05-25,Energy,0.11589333333333332,0.22863277777777777,5
2021-05-26,Energy,0.22863277777777777,0.309022,5
2021-05-27,Energy,0.309022,0.24360133333333334,5
2021-05-28,Energy,0.24360133333333334,0.028807999999999993,5
2021-06-01,Energy,0.028807999999999993,0.08505438095238095,5
2021-06-02,Energy,0.08505438095238095,0.13728400000000002,5
2021-06-03,Energy,0.13728400000000002,0.22660999999999998,5
2021-06-04,Energy,0.22660999999999998,0.06751,5
2021-06-07,Energy,0.06751,-0.22979999999999995,5
2021-06-08,Energy,-0.22979999999999995,0.08360999999999999,5
2021-06-09,Energy,0.08360999999999999,0.005316000000000003,5
2021-06-10,Energy,0.005316000000000003,0.12267000000000002,5
2021-06-11,Energy,0.12267000000000002,0.101855,5
2021-06-14,Energy,0.101855,0.20434799999999997,5
2021-06-15,Energy,0.20434799999999997,0.23552933333333334,5
2021-06-16,Energy,0.23552933333333334,0.229142,5
2021-06-17,Energy,0.229142,0.03200666666666667,5
2021-06-18,Energy,0.03200666666666667,0.12274,5
2021-06-21,Energy,0.12274,0.159903,5
2021-06-22,Energy,0.159903,0.118838,5
2021-06-23,Energy,0.118838,0.13546,5
2021-06-24,Energy,0.13546,0.14267166666666667,5
2021-06-25,Energy,0.14267166666666667,0.21838333333333332,5
2021-06-28,Energy,0.21838333333333332,-0.057014999999999996,5
2021-06-29,Energy,-0.057014999999999996,0.509124,5
2021-06-30,Energy,0.509124,0.24012333333333333,5
2021-07-01,Energy,0.24012333333333333,0.09316,5
2021-07-02,Energy,0.09316,0.286435,5
2021-07-06,Energy,0.286435,0.04414666666666667,5
2021-07-07,Energy,0.04414666666666667,0.013188333333333333,5
2021-07-08,Energy,0.013188333333333333,0.15350533333333333,5
2021-07-09,Energy,0.15350533333333333,0.305556,5
2021-07-12,Energy,0.305556,0.2679683333333333,5
2021-07-13,Energy,0.2679683333333333,0.10300000000000001,5
2021-07-14,Energy,0.10300000000000001,0.1445,5
2021-07-15,Energy,0.1445,0.17322133333333334,5
2021-07-16,Energy,0.17322133333333334,0.09062533333333334,5
2021-07-19,Energy,0.09062533333333334,-0.13666166666666663,5
2021-07-20,Energy,-0.13666166666666663,0.31367999999999996,5
2021-07-21,Energy,0.31367999999999996,0.29711333333333334,5
2021-07-22,Energy,0.29711333333333334,0.09316333333333333,5
2021-07-23,Energy,0.09316333333333333,0.238368,5
2021-07-26,Energy,0.238368,0.15395266666666668,5
2021-07-27,Energy,0.15395266666666668,0.11397666666666668,5
2021-07-28,Energy,0.11397666666666668,0.18828833333333334,5
2021-07-29,Energy,0.18828833333333334,0.12434133333333335,5
2021-07-30,Energy,0.12434133333333335,0.2095515909090909,5
2021-08-02,Energy,0.2095515909090909,0.040445666666666664,5
2021-08-03,Energy,0.040445666666666664,0.26275666666666664,5
2021-08-04,Energy,0.26275666666666664,0.17738,5
2021-08-05,Energy,0.17738,0.08380000000000001,5
2021-08-06,Energy,0.08380000000000001,0.024866666666666683,5
2021-08-09,Energy,0.024866666666666683,-0.022996666666666648,5
2021-08-10,Energy,-0.022996666666666648,-0.11564714285714287,5
2021-08-11,Energy,-0.11564714285714287,0.11838666666666667,5
2021-08-12,Energy,0.11838666666666667,-0.08771999999999999,5
2021-08-13,Energy,-0.08771999999999999,-0.025390000000000003,5
2021-08-16,Energy,-0.025390000000000003,0.05001428571428572,5
2021-08-17,Energy,0.05001428571428572,-0.153445,5
2021-08-18,Energy,-0.153445,0.017855,5
2021-08-19,Energy,0.017855,0.03970404761904761,5
2021-08-20,Energy,0.03970404761904761,-0.172215,5
2021-08-23,Energy,-0.172215,0.1538509090909091,5
2021-08-24,Energy,0.1538509090909091,0.042791666666666665,5
2021-08-25,Energy,0.042791666666666665,0.07503833333333333,5
2021-08-26,Energy,0.07503833333333333,0.055644000000000006,5
2021-08-27,Energy,0.055644000000000006,0.002534999999999998,5
2021-08-30,Energy,0.002534999999999998,-0.1371757142857143,5
2021-08-31,Energy,-0.1371757142857143,0.08014733333333332,5
2021-09-01,Energy,0.08014733333333332,-0.09198904761904761,5
2021-09-02,Energy,-0.09198904761904761,0.21887264102564102,5
2021-09-03,Energy,0.21887264102564102,0.14354178571428572,5
2021-09-07,Energy,0.14354178571428572,0.20011433333333334,5
2021-09-08,Energy,0.20011433333333334,0.1853114285714286,5
2021-09-09,Energy,0.1853114285714286,0.30797942857142857,5
2021-09-10,Energy,0.30797942857142857,0.050124999999999996,5
2021-09-13,Energy,0.050124999999999996,0.06427607142857143,5
2021-09-14,Energy,0.06427607142857143,0.02529,5
2021-09-15,Energy,0.02529,-0.03437066666666667,5
2021-09-16,Energy,-0.03437066666666667,-0.021932,5
2021-09-17,Energy,-0.021932,0.008574666666666664,5
2021-09-20,Energy,0.008574666666666664,0.053949000000000004,5
2021-09-21,Energy,0.053949000000000004,0.12421,5
2021-09-22,Energy,0.12421,0.09969333333333334,5
2021-09-23,Energy,0.09969333333333334,0.17425166666666664,5
2021-09-24,Energy,0.17425166666666664,0.025457142857142855,5
2021-09-27,Energy,0.025457142857142855,0.003622222222222221,5
2021-09-28,Energy,0.003622222222222221,0.0075466666666666685,5
2021-09-29,Energy,0.0075466666666666685,0.09265333333333332,5
2021-09-30,Energy,0.09265333333333332,0.09925333333333333,5
2021-10-01,Energy,0.09925333333333333,0.16495333333333334,5
2021-10-04,Energy,0.16495333333333334,0.2005583333333333,5
2021-10-05,Energy,0.2005583333333333,0.21605999999999997,5
2021-10-06,Energy,0.21605999999999997,0.28916,5
2021-10-07,Energy,0.28916,0.11381857142857141,5
2021-10-08,Energy,0.11381857142857141,0.12681650793650795,5
2021-10-11,Energy,0.12681650793650795,0.11508666666666667,5
2021-10-12,Energy,0.11508666666666667,0.1286,5
2021-10-13,Energy,0.1286,0.17314666666666664,5
2021-10-14,Energy,0.17314666666666664,0.11113500000000001,5
2021-10-15,Energy,0.11113500000000001,0.173063,5
2021-10-18,Energy,0.173063,0.09307999999999997,5
2021-10-19,Energy,0.09307999999999997,0.23352599999999998,5
2021-10-20,Energy,0.23352599999999998,0.22690166666666664,5
2021-10-21,Energy,0.22690166666666664,0.13354166666666667,5
2021-10-22,Energy,0.13354166666666667,0.1351022857142857,5
2021-10-25,Energy,0.1351022857142857,0.17395373015873014,5
2021-10-26,Energy,0.17395373015873014,0.20035333333333333,5
2021-10-27,Energy,0.20035333333333333,0.021904285714285716,5
2021-10-28,Energy,0.021904285714285716,0.08302833333333333,5
2021-10-29,Energy,0.08302833333333333,0.3419472222222223,5
2021-11-01,Energy,0.3419472222222223,0.2030866666666667,5
2021-11-02,Energy,0.2030866666666667,0.16088666666666668,5
2021-11-03,Energy,0.16088666666666668,0.20010000000000003,5
2021-11-04,Energy,0.20010000000000003,0.20731833333333335,5
2021-11-05,Energy,0.20731833333333335,0.21077833333333335,5
2021-11-08,Energy,0.21077833333333335,0.14157866666666669,5
2021-11-09,Energy,0.14157866666666669,0.058188,5
2021-11-10,Energy,0.058188,0.013239999999999993,5
2021-11-11,Energy,0.013239999999999993,0.045579999999999996,5
2021-11-12,Energy,0.045579999999999996,0.045579999999999996,5
2021-11-15,Energy,0.045579999999999996,0.017591666666666672,5
2021-11-16,Energy,0.017591666666666672,-0.032016,5
2021-11-17,Energy,-0.032016,-0.009854285714285715,5
2021-11-18,Energy,-0.009854285714285715,-0.049906666666666676,5
2021-11-19,Energy,-0.049906666666666676,-0.15599809523809527,5
2021-11-22,Energy,-0.15599809523809527,-0.15437,5
2021-11-23,Energy,-0.15437,0.18117166666666665,5
2021-11-24,Energy,0.18117166666666665,0.09429333333333333,5
2021-11-26,Energy,0.09429333333333333,-0.03554,5
2021-11-29,Energy,-0.03554,0.0037500000000000033,5
2021-11-30,Energy,0.0037500000000000033,0.03344499999999998,5
2021-12-01,Energy,0.03344499999999998,0.2569133333333333,5
2021-12-02,Energy,0.2569133333333333,0.11395873015873015,5
2021-12-03,Energy,0.11395873015873015,0.07136166666666668,5
2021-12-06,Energy,0.07136166666666668,0.041829880952380945,5
2021-12-07,Energy,0.041829880952380945,0.10275233333333333,5
2021-12-08,Energy,0.10275233333333333,0.16829666666666665,5
2021-12-09,Energy,0.16829666666666665,0.046975,5
2021-12-10,Energy,0.046975,0.19405200000000003,5
2021-12-13,Energy,0.19405200000000003,0.09875380952380954,5
2021-12-14,Energy,0.09875380952380954,0.23407,5
2021-12-15,Energy,0.23407,0.1956,5
2021-12-16,Energy,0.1956,0.09286999999999998,5
2021-12-17,Energy,0.09286999999999998,0.250992,5
2021-12-20,Energy,0.250992,0.10825333333333334,5
2021-12-21,Energy,0.10825333333333334,0.08093333333333333,5
2021-12-22,Energy,0.08093333333333333,0.12057,5
2021-12-23,Energy,0.12057,-0.015326666666666669,5
2021-12-27,Energy,-0.015326666666666669,0.18410833333333335,5
2021-12-28,Energy,0.18410833333333335,-0.03384666666666667,5
2021-12-29,Energy,-0.03384666666666667,0.16665333333333332,5
2021-12-30,Energy,0.16665333333333332,4.500000000000059e-05,5
2021-12-31,Energy,4.500000000000059e-05,0.22142,5
2022-01-03,Energy,0.22142,0.07005714285714286,5
2022-01-04,Energy,0.07005714285714286,0.06787333333333333,5
2022-01-05,Energy,0.06787333333333333,0.14951333333333333,5
2022-01-06,Energy,0.14951333333333333,-0.03813999999999999,5
2022-01-07,Energy,-0.03813999999999999,0.19564,5
2022-01-10,Energy,0.19564,0.10631114285714285,5
2022-01-11,Energy,0.10631114285714285,0.16945380952380948,5
2022-01-12,Energy,0.16945380952380948,0.26003458333333335,5
2022-01-13,Energy,0.26003458333333335,0.16893433333333335,5
2022-01-14,Energy,0.16893433333333335,0.12130200000000002,5
2022-01-18,Energy,0.12130200000000002,0.21999,5
2022-01-19,Energy,0.21999,0.13234666666666667,5
2022-01-20,Energy,0.13234666666666667,0.14776416666666667,5
2022-01-21,Energy,0.14776416666666667,0.115761,5
2022-01-24,Energy,0.115761,0.042173333333333354,5
2022-01-25,Energy,0.042173333333333354,0.21794466666666668,5
2022-01-26,Energy,0.21794466666666668,0.14894333333333334,5
2022-01-27,Energy,0.14894333333333334,0.08993615384615386,5
2022-01-28,Energy,0.08993615384615386,0.1115561111111111,5
2022-01-31,Energy,0.1115561111111111,0.145155,5
2022-02-01,Energy,0.145155,0.10453165217391307,5
2022-02-02,Energy,0.10453165217391307,0.08589,5
2022-02-03,Energy,0.08589,0.028541666666666667,5
2022-02-04,Energy,0.028541666666666667,0.10103499999999999,5
2022-02-07,Energy,0.10103499999999999,0.10936261904761904,5
2022-02-08,Energy,0.10936261904761904,0.230052,5
2022-02-09,Energy,0.230052,0.21999,5
2022-02-10,Energy,0.21999,-0.048225000000000004,5
2022-02-11,Energy,-0.048225000000000004,0.18247699999999997,5
2022-02-14,Energy,0.18247699999999997,0.10128142857142856,5
2022-02-15,Energy,0.10128142857142856,0.08583,5
2022-02-16,Energy,0.08583,0.21152,5
2022-02-17,Energy,0.21152,0.09064399999999999,5
2022-02-18,Energy,0.09064399999999999,0.12062733333333334,5
2022-02-22,Energy,0.12062733333333334,0.0433325,5
2022-02-23,Energy,0.0433325,0.11069633333333333,5
2022-02-24,Energy,0.11069633333333333,-0.07705133333333333,5
2022-02-25,Energy,-0.07705133333333333,0.057767435897435895,5
2022-02-28,Energy,0.057767435897435895,0.06555333333333332,5
2022-03-01,Energy,0.06555333333333332,0.03681318922305764,5
2022-03-02,Energy,0.03681318922305764,0.1673359523809524,5
2022-03-03,Energy,0.1673359523809524,0.08531604395604395,5
2022-03-04,Energy,0.08531604395604395,-0.016020333333333327,5
2022-03-07,Energy,-0.016020333333333327,0.06008146886446887,5
2022-03-08,Energy,0.06008146886446887,0.12523977777777778,5
2022-03-09,Energy,0.12523977777777778,0.09804900000000001,5
2022-03-10,Energy,0.09804900000000001,0.09440976190476191,5
2022-03-11,Energy,0.09440976190476191,0.13999055555555556,5
2022-03-14,Energy,0.13999055555555556,0.18504433333333334,5
2022-03-15,Energy,0.18504433333333334,0.18263992857142858,5
2022-03-16,Energy,0.18263992857142858,0.18090438311688312,5
2022-03-17,Energy,0.18090438311688312,0.13675818181818183,5
2022-03-18,Energy,0.13675818181818183,0.07074333333333334,5
2022-03-21,Energy,0.07074333333333334,0.1082701948051948,5
2022-03-22,Energy,0.1082701948051948,0.1474319393939394,5
2022-03-23,Energy,0.1474319393939394,0.04383416666666667,5
2022-03-24,Energy,0.04383416666666667,0.10229438461538462,5
2022-03-25,Energy,0.10229438461538462,0.30355533333333334,5
2022-03-28,Energy,0.30355533333333334,0.2789433333333334,5
2022-03-29,Energy,0.2789433333333334,0.07669745454545454,5
2022-03-30,Energy,0.07669745454545454,0.29473333333333335,5
2022-03-31,Energy,0.29473333333333335,0.01515666666666667,5
2022-04-01,Energy,0.01515666666666667,0.17353800000000003,5
2022-04-04,Energy,0.17353800000000003,0.046625666666666676,5
2022-04-05,Energy,0.046625666666666676,0.06270399999999998,5
2022-04-06,Energy,0.06270399999999998,0.23173499999999997,5
2022-04-07,Energy,0.23173499999999997,0.122206,5
2022-04-08,Energy,0.122206,0.22139214285714287,5
2022-04-11,Energy,0.22139214285714287,0.3137158333333333,5
2022-04-12,Energy,0.3137158333333333,0.18135844444444443,5
2022-04-13,Energy,0.18135844444444443,0.25183994444444446,5
2022-04-14,Energy,0.25183994444444446,0.28400333333333333,5
2022-04-18,Energy,0.28400333333333333,0.31963444444444444,5
2022-04-19,Energy,0.31963444444444444,0.21925600000000003,5
2022-04-20,Energy,0.21925600000000003,0.16924,5
2022-04-21,Energy,0.16924,0.23556266666666667,5
2022-04-22,Energy,0.23556266666666667,0.10320833333333335,5
2022-04-25,Energy,0.10320833333333335,0.09101435497835497,5
2022-04-26,Energy,0.09101435497835497,0.10484014069264072,5
2022-04-27,Energy,0.10484014069264072,0.2364057777777778,5
2022-04-28,Energy,0.2364057777777778,0.2515092857142857,5
2022-04-29,Energy,0.2515092857142857,-0.09172451851851852,5
2022-05-02,Energy,-0.09172451851851852,0.12396533333333333,5
2022-05-03,Energy,0.12396533333333333,0.18052033333333334,5
2022-05-04,Energy,0.18052033333333334,0.03285466666666667,5
2022-05-05,Energy,0.03285466666666667,0.31819240476190475,5
2022-05-06,Energy,0.31819240476190475,0.16832407142857142,5
2022-05-09,Energy,0.16832407142857142,0.0873622683982684,5
2022-05-10,Energy,0.0873622683982684,0.17755142857142853,5
2022-05-11,Energy,0.17755142857142853,0.2774572222222222,5
2022-05-12,Energy,0.2774572222222222,0.08286976190476189,5
2022-05-13,Energy,0.08286976190476189,0.08345266666666665,5
2022-05-16,Energy,0.08345266666666665,0.04194357264957266,5
2022-05-17,Energy,0.04194357264957266,-0.0026649090909090845,5
2022-05-18,Energy,-0.0026649090909090845,0.07116274358974359,5
2022-05-19,Energy,0.07116274358974359,0.10115657142857144,5
2022-05-20,Energy,0.10115657142857144,0.21657,5
2022-05-23,Energy,0.21657,0.10954800000000002,5
2022-05-24,Energy,0.10954800000000002,0.17849844444444446,5
2022-05-25,Energy,0.17849844444444446,0.16752000000000003,5
2022-05-26,Energy,0.16752000000000003,0.16509849999999998,5
2022-05-27,Energy,0.16509849999999998,0.25107380952380953,5
2022-05-31,Energy,0.25107380952380953,0.22741289377289373,5
2022-06-01,Energy,0.22741289377289373,0.1909164285714286,5
2022-06-02,Energy,0.1909164285714286,0.341154,5
2022-06-03,Energy,0.341154,0.1983666666666667,5
2022-06-06,Energy,0.1983666666666667,0.15685150183150184,5
2022-06-07,Energy,0.15685150183150184,0.1265325,5
2022-06-08,Energy,0.1265325,0.18043984126984128,5
2022-06-09,Energy,0.18043984126984128,0.19186,5
2022-06-10,Energy,0.19186,0.11023333333333334,5
2022-06-13,Energy,0.11023333333333334,0.1252779292929293,5
2022-06-14,Energy,0.1252779292929293,0.1712075,5
2022-06-15,Energy,0.1712075,0.2154575,5
2022-06-16,Energy,0.2154575,0.06751,5
2022-06-17,Energy,0.06751,0.19288333333333335,5
2022-06-21,Energy,0.19288333333333335,0.10539926470588235,5
2022-06-22,Energy,0.10539926470588235,0.050172777777777774,5
2022-06-23,Energy,0.050172777777777774,0.12362305555555556,5
2022-06-24,Energy,0.12362305555555556,-0.08981416666666667,5
2022-06-27,Energy,-0.08981416666666667,0.10657933333333333,5
2022-06-28,Energy,0.10657933333333333,0.26798014005602244,5
2022-06-29,Energy,0.26798014005602244,0.2408731428571429,5
2022-06-30,Energy,0.2408731428571429,-0.04983449999999999,5
2022-07-01,Energy,-0.04983449999999999,0.22599,5
2022-07-05,Energy,0.22599,0.07907858682983684,5
2022-07-06,Energy,0.07907858682983684,0.32230792857142854,5
2022-07-07,Energy,0.32230792857142854,0.2622766666666667,5
2022-07-08,Energy,0.2622766666666667,0.16988,5
2022-07-11,Energy,0.16988,0.1698817435897436,5
2022-07-12,Energy,0.1698817435897436,0.23591047619047617,5
2022-07-13,Energy,0.23591047619047617,0.18125833333333335,5
2022-07-14,Energy,0.18125833333333335,0.18075333333333332,5
2022-07-15,Energy,0.18075333333333332,0.27465833333333334,5
2022-07-18,Energy,0.27465833333333334,0.2695073809523809,5
2022-07-19,Energy,0.2695073809523809,0.32101999999999997,5
2022-07-20,Energy,0.32101999999999997,0.17309214285714286,5
2022-07-21,Energy,0.17309214285714286,0.112725,5
2022-07-22,Energy,0.112725,0.18882181818181817,5
2022-07-25,Energy,0.18882181818181817,0.33997331601731606,5
2022-07-26,Energy,0.33997331601731606,0.061658333333333336,5
2022-07-27,Energy,0.061658333333333336,0.11778666666666666,5
2022-07-28,Energy,0.11778666666666666,0.13992918181818184,5
2022-07-29,Energy,0.13992918181818184,0.28815634615384617,5
2022-08-01,Energy,0.28815634615384617,0.057070222222222224,5
2022-08-02,Energy,0.057070222222222224,0.09443392857142859,5
2022-08-03,Energy,0.09443392857142859,0.25675920855614975,5
2022-08-04,Energy,0.25675920855614975,0.19266285714285716,5
2022-08-05,Energy,0.19266285714285716,0.254068,5
2022-08-08,Energy,0.254068,0.24514909523809525,5
2022-08-09,Energy,0.24514909523809525,0.16886165079365076,5
2022-08-10,Energy,0.16886165079365076,0.1734518095238095,5
2022-08-11,Energy,0.1734518095238095,0.163892,5
2022-08-12,Energy,0.163892,0.23702199999999998,5
2022-08-15,Energy,0.23702199999999998,0.12283438383838385,5
2022-08-16,Energy,0.12283438383838385,0.20379866666666668,5
2022-08-17,Energy,0.20379866666666668,0.2943836666666667,5
2022-08-18,Energy,0.2943836666666667,-0.03893566666666665,5
2022-08-19,Energy,-0.03893566666666665,0.11224366666666667,5
2022-08-22,Energy,0.11224366666666667,0.21170044444444444,5
2022-08-23,Energy,0.21170044444444444,0.1240711111111111,5
2022-08-24,Energy,0.1240711111111111,0.012638,5
2022-08-25,Energy,0.012638,0.1050217857142857,5
2022-08-26,Energy,0.1050217857142857,0.09218333333333334,5
2022-08-29,Energy,0.09218333333333334,0.18382174603174603,5
2022-08-30,Energy,0.18382174603174603,0.09114714285714286,5
2022-08-31,Energy,0.09114714285714286,0.18320554545454548,5
2022-09-01,Energy,0.18320554545454548,0.164953,5
2022-09-02,Energy,0.164953,0.1971154761904762,5
2022-09-06,Energy,0.1971154761904762,0.100911,5
2022-09-07,Energy,0.100911,0.17912999999999998,5
2022-09-08,Energy,0.17912999999999998,0.27589,5
2022-09-09,Energy,0.27589,0.048162666666666666,5
2022-09-12,Energy,0.048162666666666666,0.1512875,5
2022-09-13,Energy,0.1512875,0.26301147619047616,5
2022-09-14,Energy,0.26301147619047616,0.15459083333333332,5
2022-09-15,Energy,0.15459083333333332,0.2232044444444444,5
2022-09-16,Energy,0.2232044444444444,0.4848,5
2022-09-19,Energy,0.4848,0.09387814285714287,5
2022-09-20,Energy,0.09387814285714287,0.22261999999999998,5
2022-09-21,Energy,0.22261999999999998,0.24372500000000002,5
2022-09-22,Energy,0.24372500000000002,0.11057333333333333,5
2022-09-23,Energy,0.11057333333333333,-0.05615450000000001,5
2022-09-26,Energy,-0.05615450000000001,0.07940833333333334,5
2022-09-27,Energy,0.07940833333333334,-0.013984285714285716,5
2022-09-28,Energy,-0.013984285714285716,0.18127833333333335,5
2022-09-29,Energy,0.18127833333333335,0.16323466666666667,5
2022-09-30,Energy,0.16323466666666667,0.21196904761904758,5
2022-10-03,Energy,0.21196904761904758,0.09041141025641025,5
2022-10-04,Energy,0.09041141025641025,0.12321333333333336,5
2022-10-05,Energy,0.12321333333333336,0.2191266666666667,5
2022-10-06,Energy,0.2191266666666667,0.13749499999999998,5
2022-10-07,Energy,0.13749499999999998,0.26992971428571433,5
2022-10-10,Energy,0.26992971428571433,0.13325833333333334,5
2022-10-11,Energy,0.13325833333333334,0.12273800000000001,5
2022-10-12,Energy,0.12273800000000001,0.24595146153846156,5
2022-10-13,Energy,0.24595146153846156,0.10111555555555556,5
2022-10-14,Energy,0.10111555555555556,0.11390866666666669,5
2022-10-17,Energy,0.11390866666666669,0.07120083333333334,5
2022-10-18,Energy,0.07120083333333334,-0.013294999999999998,5
2022-10-19,Energy,-0.013294999999999998,0.13700733333333331,5
2022-10-20,Energy,0.13700733333333331,0.130947,5
2022-10-21,Energy,0.130947,0.09009577777777777,5
2022-10-24,Energy,0.09009577777777777,0.08828255555555556,5
2022-10-25,Energy,0.08828255555555556,0.13362933333333335,5
2022-10-26,Energy,0.13362933333333335,0.14850533333333332,5
2022-10-27,Energy,0.14850533333333332,0.0902359393939394,5
2022-10-28,Energy,0.0902359393939394,0.11795766666666666,5
2022-10-31,Energy,0.11795766666666666,0.10344316666666667,5
2022-11-01,Energy,0.10344316666666667,0.07625497835497837,5
2022-11-02,Energy,0.07625497835497837,0.270484619047619,5
2022-11-03,Energy,0.270484619047619,0.30889,5
2022-11-04,Energy,0.30889,0.057296666666666676,5
2022-11-07,Energy,0.057296666666666676,0.07273981818181818,5
2022-11-08,Energy,0.07273981818181818,0.10050583333333334,5
2022-11-09,Energy,0.10050583333333334,-0.050116666666666664,5
2022-11-10,Energy,-0.050116666666666664,0.09074266666666667,5
2022-11-11,Energy,0.09074266666666667,0.06073057142857141,5
2022-11-14,Energy,0.06073057142857141,0.12069488344988347,5
2022-11-15,Energy,0.12069488344988347,0.3191528571428571,5
2022-11-16,Energy,0.3191528571428571,0.20551,5
2022-11-17,Energy,0.20551,0.04165033333333333,5
2022-11-18,Energy,0.04165033333333333,0.06643600000000001,5
2022-11-21,Energy,0.06643600000000001,0.1497365,5
2022-11-22,Energy,0.1497365,-0.07602533333333332,5
2022-11-23,Energy,-0.07602533333333332,0.24129490476190477,5
2022-11-25,Energy,0.24129490476190477,0.30612200000000006,5
2022-11-28,Energy,0.30612200000000006,0.014149750000000006,5
2022-11-29,Energy,0.014149750000000006,0.04276863636363637,5
2022-11-30,Energy,0.04276863636363637,0.1906335238095238,5
2022-12-01,Energy,0.1906335238095238,0.20941666666666667,5
2022-12-02,Energy,0.20941666666666667,0.3963233333333333,5
2022-12-05,Energy,0.3963233333333333,0.2028145238095238,5
2022-12-06,Energy,0.2028145238095238,0.2873276666666667,5
2022-12-07,Energy,0.2873276666666667,0.08345619047619049,5
2022-12-08,Energy,0.08345619047619049,0.22983543589743588,5
2022-12-09,Energy,0.22983543589743588,0.08636095238095239,5
2022-12-12,Energy,0.08636095238095239,0.24535738095238097,5
2022-12-13,Energy,0.24535738095238097,0.17402166666666669,5
2022-12-14,Energy,0.17402166666666669,-0.048950666666666656,5
2022-12-15,Energy,-0.048950666666666656,0.03632,5
2022-12-16,Energy,0.03632,0.11407199999999999,5
2022-12-19,Energy,0.11407199999999999,0.07206955555555555,5
2022-12-20,Energy,0.07206955555555555,0.26068749999999996,5
2022-12-21,Energy,0.26068749999999996,0.06837666666666667,5
2022-12-22,Energy,0.06837666666666667,0.378585,5
2022-12-23,Energy,0.378585,0.020424000000000005,5
2022-12-27,Energy,0.020424000000000005,0.19149595604395606,5
2022-12-28,Energy,0.19149595604395606,0.16865333333333335,5
2022-12-29,Energy,0.16865333333333335,0.03945785714285715,5
2022-12-30,Energy,0.03945785714285715,0.16362000000000002,5
2023-01-03,Energy,0.16362000000000002,0.28271022222222225,5
2023-01-04,Energy,0.28271022222222225,0.2622373333333333,5
2023-01-05,Energy,0.2622373333333333,0.24221202380952384,5
2023-01-06,Energy,0.24221202380952384,0.15449438095238097,5
2023-01-09,Energy,0.15449438095238097,0.2865790476190476,5
2023-01-10,Energy,0.2865790476190476,0.04492685714285714,5
2023-01-11,Energy,0.04492685714285714,0.11611,5
2023-01-12,Energy,0.11611,0.06955964285714286,5
2023-01-13,Energy,0.06955964285714286,0.1925342857142857,5
2023-01-17,Energy,0.1925342857142857,0.06981882352941177,5
2023-01-18,Energy,0.06981882352941177,0.24106333333333335,5
2023-01-19,Energy,0.24106333333333335,0.18392,5
2023-01-20,Energy,0.18392,0.18452342307692307,5
2023-01-23,Energy,0.18452342307692307,0.03881306818181818,5
2023-01-24,Energy,0.03881306818181818,0.22335976190476195,5
2023-01-25,Energy,0.22335976190476195,0.19050666666666666,5
2023-01-26,Energy,0.19050666666666666,0.21562301282051283,5
2023-01-27,Energy,0.21562301282051283,0.08714085714285716,5
2023-01-30,Energy,0.08714085714285716,0.13952787878787878,5
2023-01-31,Energy,0.13952787878787878,0.12339420512820513,5
2023-02-01,Energy,0.12339420512820513,-0.1267617777777778,5
2023-02-02,Energy,-0.1267617777777778,0.16082238095238094,5
2023-02-03,Energy,0.16082238095238094,-0.004061666666666658,5
2023-02-06,Energy,-0.004061666666666658,0.08993111111111111,5
2023-02-07,Energy,0.08993111111111111,0.046614285714285705,5
2023-02-08,Energy,0.046614285714285705,0.08533444444444445,5
2023-02-09,Energy,0.08533444444444445,0.09613657142857143,5
2023-02-10,Energy,0.09613657142857143,0.1475476666666667,5
2023-02-13,Energy,0.1475476666666667,0.2797594444444444,5
2023-02-14,Energy,0.2797594444444444,-0.06863,5
2023-02-15,Energy,-0.06863,0.03642666666666666,5
2023-02-16,Energy,0.03642666666666666,0.13395955555555555,5
2023-02-17,Energy,0.13395955555555555,0.12348595238095236,5
2023-02-21,Energy,0.12348595238095236,0.1530630303030303,5
2023-02-22,Energy,0.1530630303030303,0.083754,5
2023-02-23,Energy,0.083754,0.15099809523809524,5
2023-02-24,Energy,0.15099809523809524,0.056115000000000005,5
2023-02-27,Energy,0.056115000000000005,-0.03648914285714285,5
2023-02-28,Energy,-0.03648914285714285,0.0909488888888889,5
2023-03-01,Energy,0.0909488888888889,0.08016166666666666,5
2023-03-02,Energy,0.08016166666666666,0.27628833333333336,5
2023-03-03,Energy,0.27628833333333336,0.21369833333333332,5
2023-03-06,Energy,0.21369833333333332,0.031543777777777775,5
2023-03-07,Energy,0.031543777777777775,0.12144666666666666,5
2023-03-08,Energy,0.12144666666666666,0.14941619047619045,5
2023-03-09,Energy,0.14941619047619045,0.2568286666666667,5
2023-03-10,Energy,0.2568286666666667,0.17908933333333338,5
2023-03-13,Energy,0.17908933333333338,0.15785444444444446,5
2023-03-14,Energy,0.15785444444444446,0.21197166666666667,5
2023-03-15,Energy,0.21197166666666667,0.1294664285714286,5
2023-03-16,Energy,0.1294664285714286,-0.04001199999999999,5
2023-03-17,Energy,-0.04001199999999999,0.029581333333333338,5
2023-03-20,Energy,0.029581333333333338,0.26259466666666664,5
2023-03-21,Energy,0.26259466666666664,0.05917466666666667,5
2023-03-22,Energy,0.05917466666666667,0.13186916666666665,5
2023-03-23,Energy,0.13186916666666665,0.16982166666666668,5
2023-03-24,Energy,0.16982166666666668,0.194102,5
2023-03-27,Energy,0.194102,0.07193000000000001,5
2023-03-28,Energy,0.07193000000000001,0.11946000000000001,5
2023-03-29,Energy,0.11946000000000001,0.03454388888888889,5
2023-03-30,Energy,0.03454388888888889,0.07989666666666666,5
2023-03-31,Energy,0.07989666666666666,0.140608,5
2023-04-03,Energy,0.140608,-0.06100625,5
2023-04-04,Energy,-0.06100625,0.25499920634920636,5
2023-04-05,Energy,0.25499920634920636,0.0752356277056277,5
2023-04-06,Energy,0.0752356277056277,0.14200302564102563,5
2023-04-10,Energy,0.14200302564102563,0.10547577357425184,5
2023-04-11,Energy,0.10547577357425184,0.12029555555555556,5
2023-04-12,Energy,0.12029555555555556,0.04597833333333333,5
2023-04-13,Energy,0.04597833333333333,0.10289200000000001,5
2023-04-14,Energy,0.10289200000000001,0.20298000000000002,5
2023-04-17,Energy,0.20298000000000002,0.011495666666666663,5
2023-04-18,Energy,0.011495666666666663,0.011318838383838386,5
2023-04-19,Energy,0.011318838383838386,0.2102475,5
2023-04-20,Energy,0.2102475,0.10873916666666665,5
2023-04-21,Energy,0.10873916666666665,0.177390021978022,5
2023-04-24,Energy,0.177390021978022,0.10986303030303031,5
2023-04-25,Energy,0.10986303030303031,0.14578571428571432,5
2023-04-26,Energy,0.14578571428571432,0.20992771428571427,5
2023-04-27,Energy,0.20992771428571427,0.07141216666666665,5
2023-04-28,Energy,0.07141216666666665,0.17555423264907136,5
2023-05-01,Energy,0.17555423264907136,0.04680368421052632,5
2023-05-02,Energy,0.04680368421052632,0.02617019047619048,5
2023-05-03,Energy,0.02617019047619048,0.06689628571428571,5
2023-05-04,Energy,0.06689628571428571,0.15258104761904762,5
2023-05-05,Energy,0.15258104761904762,0.076906,5
2023-05-08,Energy,0.076906,0.13892006162464984,5
2023-05-09,Energy,0.13892006162464984,0.30029,5
2023-05-10,Energy,0.30029,0.18701366666666666,5
2023-05-11,Energy,0.18701366666666666,0.2907571428571429,5
2023-05-12,Energy,0.2907571428571429,0.09245866666666666,5
2023-05-15,Energy,0.09245866666666666,0.09718464646464646,5
2023-05-16,Energy,0.09718464646464646,0.09084,5
2023-05-17,Energy,0.09084,-0.08143933333333334,5
2023-05-18,Energy,-0.08143933333333334,-0.06409833333333334,5
2023-05-19,Energy,-0.06409833333333334,0.05865833333333335,5
2023-05-22,Energy,0.05865833333333335,0.14290833333333336,5
2023-05-23,Energy,0.14290833333333336,-0.03854042857142857,5
2023-05-24,Energy,-0.03854042857142857,-0.021166428571428576,5
2023-05-25,Energy,-0.021166428571428576,0.021213222222222224,5
2023-05-26,Energy,0.021213222222222224,0.20208666666666666,5
2023-05-30,Energy,0.20208666666666666,0.15828587301587302,5
2023-05-31,Energy,0.15828587301587302,0.20947,5
2023-06-01,Energy,0.20947,0.20489666666666667,5
2023-06-02,Energy,0.20489666666666667,0.004056363636363634,5
2023-06-05,Energy,0.004056363636363634,0.082553,5
2023-06-06,Energy,0.082553,0.011694222222222217,5
2023-06-07,Energy,0.011694222222222217,0.08770333333333333,5
2023-06-08,Energy,0.08770333333333333,0.03468952380952381,5
2023-06-09,Energy,0.03468952380952381,0.06901657142857143,5
2023-06-12,Energy,0.06901657142857143,0.055564999999999996,5
2023-06-13,Energy,0.055564999999999996,0.09669333333333334,5
2023-06-14,Energy,0.09669333333333334,0.03523666666666667,5
2023-06-15,Energy,0.03523666666666667,0.07012933333333334,5
2023-06-16,Energy,0.07012933333333334,0.09272,5
2023-06-20,Energy,0.09272,0.068672,5
2023-06-21,Energy,0.068672,0.013140000000000002,5
2023-06-22,Energy,0.013140000000000002,0.03054459595959596,5
2023-06-23,Energy,0.03054459595959596,0.08087,5
2023-06-26,Energy,0.08087,0.05300933333333333,5
2023-06-27,Energy,0.05300933333333333,0.10251777777777778,5
2023-06-28,Energy,0.10251777777777778,0.11212,5
2023-06-29,Energy,0.11212,0.06587136363636363,5
2023-06-30,Energy,0.06587136363636363,0.017703000000000003,5
2023-07-03,Energy,0.017703000000000003,0.10649000000000002,5
2023-07-05,Energy,0.10649000000000002,0.045479120879120885,5
2023-07-06,Energy,0.045479120879120885,0.15594380952380954,5
2023-07-07,Energy,0.15594380952380954,-0.005559047619047611,5
2023-07-10,Energy,-0.005559047619047611,0.07794799999999999,5
2023-07-11,Energy,0.07794799999999999,-0.04340309523809523,5
2023-07-12,Energy,-0.04340309523809523,0.06690533333333334,5
2023-07-13,Energy,0.06690533333333334,0.17455619047619048,5
2023-07-14,Energy,0.17455619047619048,0.10779676923076922,5
2023-07-17,Energy,0.10779676923076922,0.17288583333333332,5
2023-07-18,Energy,0.17288583333333332,-0.02450933333333333,5
2023-07-19,Energy,-0.02450933333333333,0.0264,5
2023-07-20,Energy,0.0264,0.10256666666666667,5
2023-07-21,Energy,0.10256666666666667,-0.0031472028985507217,5
2023-07-24,Energy,-0.0031472028985507217,0.186986,5
2023-07-25,Energy,0.186986,0.05407333333333334,5
2023-07-26,Energy,0.05407333333333334,0.03756600000000001,5
2023-07-27,Energy,0.03756600000000001,-0.024406222222222225,5
2023-07-28,Energy,-0.024406222222222225,0.19931066666666666,5
2023-07-31,Energy,0.19931066666666666,0.29540176190476186,5
2023-08-01,Energy,0.29540176190476186,0.18639599999999998,5
2023-08-02,Energy,0.18639599999999998,0.034609999999999995,5
2023-08-03,Energy,0.034609999999999995,0.048377142857142855,5
2023-08-04,Energy,0.048377142857142855,-0.07923952380952382,5
2023-08-07,Energy,-0.07923952380952382,0.10547083333333332,5
2023-08-08,Energy,0.10547083333333332,0.20627833333333334,5
2023-08-09,Energy,0.20627833333333334,-0.019293333333333336,5
2023-08-10,Energy,-0.019293333333333336,0.1538466666666667,5
2023-08-11,Energy,0.1538466666666667,0.141589978021978,5
2023-08-14,Energy,0.141589978021978,0.2041611111111111,5
2023-08-15,Energy,0.2041611111111111,0.026050714285714288,5
2023-08-16,Energy,0.026050714285714288,0.14551,5
2023-08-17,Energy,0.14551,0.08750859340659341,5
2023-08-18,Energy,0.08750859340659341,0.15357714285714286,5
2023-08-21,Energy,0.15357714285714286,0.164967,5
2023-08-22,Energy,0.164967,0.022640285714285717,5
2023-08-23,Energy,0.022640285714285717,0.17321793650793654,5
2023-08-24,Energy,0.17321793650793654,0.07053066666666666,5
2023-08-25,Energy,0.07053066666666666,0.053882499999999986,5
2023-08-28,Energy,0.053882499999999986,0.2174136363636364,5
2023-08-29,Energy,0.2174136363636364,-0.03445227272727273,5
2023-08-30,Energy,-0.03445227272727273,0.06802626984126985,5
2023-08-31,Energy,0.06802626984126985,0.01907000000000001,5
2023-09-01,Energy,0.01907000000000001,0.21212333333333336,5
2023-09-05,Energy,0.21212333333333336,-0.03826315476190476,5
2023-09-06,Energy,-0.03826315476190476,0.2502890476190476,5
2023-09-07,Energy,0.2502890476190476,0.25571683333333334,5
2023-09-08,Energy,0.25571683333333334,0.1417114285714286,5
2023-09-11,Energy,0.1417114285714286,0.12684055555555557,5
2023-09-12,Energy,0.12684055555555557,0.12014266666666669,5
2023-09-13,Energy,0.12014266666666669,0.09829861111111111,5
2023-09-14,Energy,0.09829861111111111,0.12299133333333334,5
2023-09-15,Energy,0.12299133333333334,-0.009407999999999994,5
2023-09-18,Energy,-0.009407999999999994,0.05408311111111112,5
2023-09-19,Energy,0.05408311111111112,0.03900657692307692,5
2023-09-20,Energy,0.03900657692307692,0.03902207792207792,5
2023-09-21,Energy,0.03902207792207792,0.14153083333333333,5
2023-09-22,Energy,0.14153083333333333,0.2148235,5
2023-09-25,Energy,0.2148235,0.19427607142857145,5
2023-09-26,Energy,0.19427607142857145,0.13890047619047619,5
2023-09-27,Energy,0.13890047619047619,0.12195466666666668,5
2023-09-28,Energy,0.12195466666666668,0.13140333333333332,5
2023-09-29,Energy,0.13140333333333332,0.21495066666666665,5
2023-10-02,Energy,0.21495066666666665,0.2295061904761905,5
2023-10-03,Energy,0.2295061904761905,0.235757,5
2023-10-04,Energy,0.235757,0.2534587272727272,5
2023-10-05,Energy,0.2534587272727272,0.20503251282051282,5
2023-10-06,Energy,0.20503251282051282,0.16894415384615386,5
2023-10-09,Energy,0.16894415384615386,-0.1456618831168831,5
2023-10-10,Energy,-0.1456618831168831,0.10087688888888888,5
2023-10-11,Energy,0.10087688888888888,0.140238115942029,5
2023-10-12,Energy,0.140238115942029,0.27064999999999995,5
2023-10-13,Energy,0.27064999999999995,-0.05535133333333335,5
2023-10-16,Energy,-0.05535133333333335,0.14259533333333335,5
2023-10-17,Energy,0.14259533333333335,0.23474628571428574,5
2023-10-18,Energy,0.23474628571428574,-0.055729136752136754,5
2023-10-19,Energy,-0.055729136752136754,0.18488886363636364,5
2023-10-20,Energy,0.18488886363636364,0.09046486215538847,5
2023-10-23,Energy,0.09046486215538847,0.013170909090909094,5
2023-10-24,Energy,0.013170909090909094,0.172961,5
2023-10-25,Energy,0.172961,0.17904454545454548,5
2023-10-26,Energy,0.17904454545454548,0.08239148717948716,5
2023-10-27,Energy,0.08239148717948716,0.08171793103448274,5
2023-10-30,Energy,0.08171793103448274,0.0487968686868687,5
2023-10-31,Energy,0.0487968686868687,0.10854921428571429,5
2023-11-01,Energy,0.10854921428571429,0.18084055555555556,5
2023-11-02,Energy,0.18084055555555556,0.16666023529411764,5
2023-11-03,Energy,0.16666023529411764,0.137735,5
2023-11-06,Energy,0.137735,0.1553427619047619,5
2023-11-07,Energy,0.1553427619047619,0.18816583333333334,5
2023-11-08,Energy,0.18816583333333334,0.1846005,5
2023-11-09,Energy,0.1846005,0.08266612121212122,5
2023-11-10,Energy,0.08266612121212122,0.09194380952380951,5
2023-11-13,Energy,0.09194380952380951,0.18756133333333333,5
2023-11-14,Energy,0.18756133333333333,0.2560173333333334,5
2023-11-15,Energy,0.2560173333333334,0.09982333333333335,5
2023-11-16,Energy,0.09982333333333335,-0.06841416666666665,5
2023-11-17,Energy,-0.06841416666666665,0.06330190476190475,5
2023-11-20,Energy,0.06330190476190475,0.014805000000000002,5
2023-11-21,Energy,0.014805000000000002,0.14326642857142854,5
2023-11-22,Energy,0.14326642857142854,0.12720285714285715,5
2023-11-24,Energy,0.12720285714285715,0.1504,5
2023-11-27,Energy,0.1504,0.1678624761904762,5
2023-11-28,Energy,0.1678624761904762,-0.025393,5
2023-11-29,Energy,-0.025393,0.05553583333333334,5
2023-11-30,Energy,0.05553583333333334,0.10778266666666665,5
2023-12-01,Energy,0.10778266666666665,0.02309333333333333,5
2023-12-04,Energy,0.02309333333333333,0.005543333333333333,5
2023-12-05,Energy,0.005543333333333333,-0.0012753333333333353,5
2023-12-06,Energy,-0.0012753333333333353,0.23260824175824174,5
2023-12-07,Energy,0.23260824175824174,-0.030406666666666672,5
2023-12-08,Energy,-0.030406666666666672,0.11883714285714286,5
2023-12-11,Energy,0.11883714285714286,0.12343270256410255,5
2023-12-12,Energy,0.12343270256410255,0.07502884615384615,5
2023-12-13,Energy,0.07502884615384615,0.13693999999999998,5
2023-12-14,Energy,0.13693999999999998,0.09545666666666666,5
2023-12-15,Energy,0.09545666666666666,0.003450769230769235,5
2023-12-18,Energy,0.003450769230769235,0.10588714285714287,5
2023-12-19,Energy,0.10588714285714287,0.10588714285714287,5
2023-12-20,Energy,0.10588714285714287,0.10588714285714287,5
2023-12-21,Energy,0.10588714285714287,0.10588714285714287,5
2023-12-22,Energy,0.10588714285714287,0.10588714285714287,5
2023-12-26,Energy,0.10588714285714287,0.10588714285714287,5
2023-12-27,Energy,0.10588714285714287,0.10588714285714287,5
2023-12-28,Energy,0.10588714285714287,0.10588714285714287,5
2023-12-29,Energy,0.10588714285714287,0.10588714285714287,5
2020-01-02,Financials,0.0,0.08718533333333334,5
2020-01-03,Financials,0.08718533333333334,0.05045500000000001,5
2020-01-06,Financials,0.05045500000000001,0.10386199999999998,5
2020-01-07,Financials,0.10386199999999998,0.054611999999999994,5
2020-01-08,Financials,0.054611999999999994,0.23530199999999998,5
2020-01-09,Financials,0.23530199999999998,0.2812093333333333,5
2020-01-10,Financials,0.2812093333333333,0.31458833333333336,5
2020-01-13,Financials,0.31458833333333336,0.18195285714285717,5
2020-01-14,Financials,0.18195285714285717,0.019182857142857147,5
2020-01-15,Financials,0.019182857142857147,0.04254676190476191,5
2020-01-16,Financials,0.04254676190476191,0.11256184615384615,5
2020-01-17,Financials,0.11256184615384615,0.10800399999999999,5
2020-01-21,Financials,0.10800399999999999,0.1618666666666667,5
2020-01-22,Financials,0.1618666666666667,0.056633333333333334,5
2020-01-23,Financials,0.056633333333333334,0.032470000000000006,5
2020-01-24,Financials,0.032470000000000006,-0.05525,5
2020-01-27,Financials,-0.05525,-0.03340999999999998,5
2020-01-28,Financials,-0.03340999999999998,0.07064285714285715,5
2020-01-29,Financials,0.07064285714285715,0.152345,5
2020-01-30,Financials,0.152345,0.1730816666666667,5
2020-01-31,Financials,0.1730816666666667,0.02257809523809524,5
2020-02-03,Financials,0.02257809523809524,0.09653666666666666,5
2020-02-04,Financials,0.09653666666666666,0.31092,5
2020-02-05,Financials,0.31092,0.03251999999999998,5
2020-02-06,Financials,0.03251999999999998,0.2713986666666667,5
2020-02-07,Financials,0.2713986666666667,0.15102200000000002,5
2020-02-10,Financials,0.15102200000000002,0.19224666666666665,5
2020-02-11,Financials,0.19224666666666665,0.29606714285714286,5
2020-02-12,Financials,0.29606714285714286,0.15255333333333332,5
2020-02-13,Financials,0.15255333333333332,0.08528,5
2020-02-14,Financials,0.08528,0.18730666666666665,5
2020-02-18,Financials,0.18730666666666665,-0.027918571428571425,5
2020-02-19,Financials,-0.027918571428571425,0.028644999999999997,5
2020-02-20,Financials,0.028644999999999997,0.21442333333333333,5
2020-02-21,Financials,0.21442333333333333,0.24438350000000003,5
2020-02-24,Financials,0.24438350000000003,0.06803066666666668,5
2020-02-25,Financials,0.06803066666666668,0.2772293333333334,5
2020-02-26,Financials,0.2772293333333334,0.16362933333333335,5
2020-02-27,Financials,0.16362933333333335,0.07106000000000001,5
2020-02-28,Financials,0.07106000000000001,0.056347499999999995,5
2020-03-02,Financials,0.056347499999999995,0.21810333333333332,5
2020-03-03,Financials,0.21810333333333332,-0.08367833333333333,5
2020-03-04,Financials,-0.08367833333333333,0.15347633333333335,5
2020-03-05,Financials,0.15347633333333335,-0.025691666666666668,5
2020-03-06,Financials,-0.025691666666666668,-0.0609885,5
2020-03-09,Financials,-0.0609885,0.16841755555555554,5
2020-03-10,Financials,0.16841755555555554,0.1272961111111111,5
2020-03-11,Financials,0.1272961111111111,0.04143,5
2020-03-12,Financials,0.04143,-0.06392285714285714,5
2020-03-13,Financials,-0.06392285714285714,-0.09131500000000001,5
2020-03-16,Financials,-0.09131500000000001,-0.05933083333333333,5
2020-03-17,Financials,-0.05933083333333333,-0.07993000000000001,5
2020-03-18,Financials,-0.07993000000000001,0.033416666666666664,5
2020-03-19,Financials,0.033416666666666664,-0.19148499999999996,5
2020-03-20,Financials,-0.19148499999999996,-0.07321333333333332,5
2020-03-23,Financials,-0.07321333333333332,0.028259999999999997,5
2020-03-24,Financials,0.028259999999999997,0.39868000000000003,5
2020-03-25,Financials,0.39868000000000003,0.19510500000000003,5
2020-03-26,Financials,0.19510500000000003,0.19342299999999998,5
2020-03-27,Financials,0.19342299999999998,0.12304233333333334,5
2020-03-30,Financials,0.12304233333333334,-0.20302133333333333,5
2020-03-31,Financials,-0.20302133333333333,-0.007381333333333328,5
2020-04-01,Financials,-0.007381333333333328,0.07812114285714285,5
2020-04-02,Financials,0.07812114285714285,0.05728133333333333,5
2020-04-03,Financials,0.05728133333333333,0.04515214285714285,5
2020-04-06,Financials,0.04515214285714285,0.14677208754208754,5
2020-04-07,Financials,0.14677208754208754,0.13909166666666667,5
2020-04-08,Financials,0.13909166666666667,0.09422012987012987,5
2020-04-09,Financials,0.09422012987012987,0.16941866666666666,5
2020-04-13,Financials,0.16941866666666666,0.06469942424242424,5
2020-04-14,Financials,0.06469942424242424,0.13813294172494173,5
2020-04-15,Financials,0.13813294172494173,0.09928349358974359,5
2020-04-16,Financials,0.09928349358974359,0.0588155,5
2020-04-17,Financials,0.0588155,0.06642413636363637,5
2020-04-20,Financials,0.06642413636363637,0.18399761904761908,5
2020-04-21,Financials,0.18399761904761908,-0.10992333333333333,5
2020-04-22,Financials,-0.10992333333333333,0.067676,5
2020-04-23,Financials,0.067676,0.14585,5
2020-04-24,Financials,0.14585,-0.06557833333333335,5
2020-04-27,Financials,-0.06557833333333335,0.09725249999999999,5
2020-04-28,Financials,0.09725249999999999,0.18642499999999998,5
2020-04-29,Financials,0.18642499999999998,0.11755166666666668,5
2020-04-30,Financials,0.11755166666666668,0.07254076190476191,5
2020-05-01,Financials,0.07254076190476191,-0.06349833333333332,5
2020-05-04,Financials,-0.06349833333333332,0.10235599999999997,5
2020-05-05,Financials,0.10235599999999997,0.022564666666666674,5
2020-05-06,Financials,0.022564666666666674,0.04762500000000001,5
2020-05-07,Financials,0.04762500000000001,-0.09306333333333336,5
2020-05-08,Financials,-0.09306333333333336,0.06470066666666667,5
2020-05-11,Financials,0.06470066666666667,0.080769,5
2020-05-12,Financials,0.080769,-0.1683725714285714,5
2020-05-13,Financials,-0.1683725714285714,0.1557120649350649,5
2020-05-14,Financials,0.1557120649350649,0.09728111111111111,5
2020-05-15,Financials,0.09728111111111111,0.19764214285714285,5
2020-05-18,Financials,0.19764214285714285,0.07014379365079365,5
2020-05-19,Financials,0.07014379365079365,0.1173115714285714,5
2020-05-20,Financials,0.1173115714285714,0.38064583333333335,5
2020-05-21,Financials,0.38064583333333335,0.098645,5
2020-05-22,Financials,0.098645,0.18372166666666667,5
2020-05-26,Financials,0.18372166666666667,0.1617402380952381,5
2020-05-27,Financials,0.1617402380952381,0.27748271428571425,5
2020-05-28,Financials,0.27748271428571425,0.0135845,5
2020-05-29,Financials,0.0135845,-0.020429999999999997,5
2020-06-01,Financials,-0.020429999999999997,0.052431000000000005,5
2020-06-02,Financials,0.052431000000000005,0.09582820202020201,5
2020-06-03,Financials,0.09582820202020201,0.18443928571428572,5
2020-06-04,Financials,0.18443928571428572,0.2507583333333333,5
2020-06-05,Financials,0.2507583333333333,0.20428000000000002,5
2020-06-08,Financials,0.20428000000000002,0.41777571428571425,5
2020-06-09,Financials,0.41777571428571425,0.039587333333333335,5
2020-06-10,Financials,0.039587333333333335,0.09668977777777779,5
2020-06-11,Financials,0.09668977777777779,0.09436166666666668,5
2020-06-12,Financials,0.09436166666666668,0.06608857142857143,5
2020-06-15,Financials,0.06608857142857143,0.03563499999999999,5
2020-06-16,Financials,0.03563499999999999,0.04443333333333333,5
2020-06-17,Financials,0.04443333333333333,-0.025888,5
2020-06-18,Financials,-0.025888,-0.07896,5
2020-06-19,Financials,-0.07896,-0.14238,5
2020-06-22,Financials,-0.14238,-0.11089999999999997,5
2020-06-23,Financials,-0.11089999999999997,0.03487,5
2020-06-24,Financials,0.03487,0.058322000000000006,5
2020-06-25,Financials,0.058322000000000006,-0.01028685714285715,5
2020-06-26,Financials,-0.01028685714285715,0.010400476190476205,5
2020-06-29,Financials,0.010400476190476205,0.12914133333333333,5
2020-06-30,Financials,0.12914133333333333,0.023552619047619055,5
2020-07-01,Financials,0.023552619047619055,-0.14882499999999999,5
2020-07-02,Financials,-0.14882499999999999,0.07885,5
2020-07-06,Financials,0.07885,0.040134,5
2020-07-07,Financials,0.040134,0.013000000000000012,5
2020-07-08,Financials,0.013000000000000012,0.20814,5
2020-07-09,Financials,0.20814,0.14452166666666666,5
2020-07-10,Financials,0.14452166666666666,0.03515111111111111,5
2020-07-13,Financials,0.03515111111111111,0.03127666666666666,5
2020-07-14,Financials,0.03127666666666666,0.007057347222222218,5
2020-07-15,Financials,0.007057347222222218,0.3257436521739131,5
2020-07-16,Financials,0.3257436521739131,0.1508108484848485,5
2020-07-17,Financials,0.1508108484848485,-0.0007163809523809516,5
2020-07-20,Financials,-0.0007163809523809516,0.09565599999999999,5
2020-07-21,Financials,0.09565599999999999,0.1515055238095238,5
2020-07-22,Financials,0.1515055238095238,0.05301433333333333,5
2020-07-23,Financials,0.05301433333333333,0.010518333333333334,5
2020-07-24,Financials,0.010518333333333334,-0.010969999999999997,5
2020-07-27,Financials,-0.010969999999999997,0.13596166666666668,5
2020-07-28,Financials,0.13596166666666668,0.04396,5
2020-07-29,Financials,0.04396,0.06744380952380953,5
2020-07-30,Financials,0.06744380952380953,0.164128,5
2020-07-31,Financials,0.164128,0.10895999999999999,5
2020-08-03,Financials,0.10895999999999999,0.05421,5
2020-08-04,Financials,0.05421,0.028711666666666656,5
2020-08-05,Financials,0.028711666666666656,0.070348,5
2020-08-06,Financials,0.070348,0.002500000000000005,5
2020-08-07,Financials,0.002500000000000005,-0.061325000000000005,5
2020-08-10,Financials,-0.061325000000000005,0.26968333333333333,5
2020-08-11,Financials,0.26968333333333333,0.17205,5
2020-08-12,Financials,0.17205,0.09184111111111111,5
2020-08-13,Financials,0.09184111111111111,-0.09380333333333335,5
2020-08-14,Financials,-0.09380333333333335,0.02203333333333332,5
2020-08-17,Financials,0.02203333333333332,0.12029333333333334,5
2020-08-18,Financials,0.12029333333333334,0.12776166666666666,5
2020-08-19,Financials,0.12776166666666666,0.089782,5
2020-08-20,Financials,0.089782,0.1723692857142857,5
2020-08-21,Financials,0.1723692857142857,0.17352333333333333,5
2020-08-24,Financials,0.17352333333333333,0.36158666666666667,5
2020-08-25,Financials,0.36158666666666667,0.30066000000000004,5
2020-08-26,Financials,0.30066000000000004,0.18224,5
2020-08-27,Financials,0.18224,0.07358,5
2020-08-28,Financials,0.07358,-0.16841666666666666,5
2020-08-31,Financials,-0.16841666666666666,0.08676999999999999,5
2020-09-01,Financials,0.08676999999999999,0.13754666666666665,5
2020-09-02,Financials,0.13754666666666665,0.18320133333333333,5
2020-09-03,Financials,0.18320133333333333,0.08491333333333333,5
2020-09-04,Financials,0.08491333333333333,-0.06926,5
2020-09-08,Financials,-0.06926,0.09639499999999998,5
2020-09-09,Financials,0.09639499999999998,-0.10632000000000001,5
2020-09-10,Financials,-0.10632000000000001,0.0035333333333333328,5
2020-09-11,Financials,0.0035333333333333328,-0.05328000000000001,5
2020-09-14,Financials,-0.05328000000000001,-0.01570999999999999,5
2020-09-15,Financials,-0.01570999999999999,0.13044333333333333,5
2020-09-16,Financials,0.13044333333333333,-0.019539999999999995,5
2020-09-17,Financials,-0.019539999999999995,0.07329,5
2020-09-18,Financials,0.07329,0.08238000000000001,5
2020-09-21,Financials,0.08238000000000001,-0.041182,5
2020-09-22,Financials,-0.041182,0.09676000000000003,5
2020-09-23,Financials,0.09676000000000003,0.134876,5
2020-09-24,Financials,0.134876,0.14262249999999999,5
2020-09-25,Financials,0.14262249999999999,0.11752,5
2020-09-28,Financials,0.11752,0.22749333333333333,5
2020-09-29,Financials,0.22749333333333333,-0.05424,5
2020-09-30,Financials,-0.05424,-0.0040694285714285685,5
2020-10-01,Financials,-0.0040694285714285685,0.177948,5
2020-10-02,Financials,0.177948,0.2820222222222222,5
2020-10-05,Financials,0.2820222222222222,0.18571866666666664,5
2020-10-06,Financials,0.18571866666666664,0.2608566666666667,5
2020-10-07,Financials,0.2608566666666667,0.18901066666666666,5
2020-10-08,Financials,0.18901066666666666,0.19073041666666665,5
2020-10-09,Financials,0.19073041666666665,0.26195,5
2020-10-12,Financials,0.26195,0.22559824175824178,5
2020-10-13,Financials,0.22559824175824178,0.06127583333333333,5
2020-10-14,Financials,0.06127583333333333,0.13101478260869565,5
2020-10-15,Financials,0.13101478260869565,0.17435966666666666,5
2020-10-16,Financials,0.17435966666666666,0.56552,5
2020-10-19,Financials,0.56552,0.17970666666666668,5
2020-10-20,Financials,0.17970666666666668,0.2647316666666667,5
2020-10-21,Financials,0.2647316666666667,0.13103800000000002,5
2020-10-22,Financials,0.13103800000000002,0.22907333333333332,5
2020-10-23,Financials,0.22907333333333332,0.42074,5
2020-10-26,Financials,0.42074,0.12901600000000002,5
2020-10-27,Financials,0.12901600000000002,0.0037400000000000046,5
2020-10-28,Financials,0.0037400000000000046,0.03187761904761905,5
2020-10-29,Financials,0.03187761904761905,0.10489000000000001,5
2020-10-30,Financials,0.10489000000000001,0.08553200000000001,5
2020-11-02,Financials,0.08553200000000001,0.10742666666666667,5
2020-11-03,Financials,0.10742666666666667,0.09538976190476192,5
2020-11-04,Financials,0.09538976190476192,0.17268,5
2020-11-05,Financials,0.17268,0.12442,5
2020-11-06,Financials,0.12442,0.1398,5
2020-11-09,Financials,0.1398,0.04666642857142857,5
2020-11-10,Financials,0.04666642857142857,0.1362,5
2020-11-11,Financials,0.1362,0.1478335238095238,5
2020-11-12,Financials,0.1478335238095238,0.1692842564102564,5
2020-11-13,Financials,0.1692842564102564,0.11451333333333333,5
2020-11-16,Financials,0.11451333333333333,0.12498400000000001,5
2020-11-17,Financials,0.12498400000000001,-0.013095999999999997,5
2020-11-18,Financials,-0.013095999999999997,0.09036833333333331,5
2020-11-19,Financials,0.09036833333333331,0.19852933333333334,5
2020-11-20,Financials,0.19852933333333334,0.10572,5
2020-11-23,Financials,0.10572,0.028933999999999998,5
2020-11-24,Financials,0.028933999999999998,0.138985,5
2020-11-25,Financials,0.138985,0.0005153333333333343,5
2020-11-27,Financials,0.0005153333333333343,0.25315666666666664,5
2020-11-30,Financials,0.25315666666666664,0.022825,5
2020-12-01,Financials,0.022825,0.333355,5
2020-12-02,Financials,0.333355,0.11765,5
2020-12-03,Financials,0.11765,0.11369000000000003,5
2020-12-04,Financials,0.11369000000000003,-0.02116,5
2020-12-07,Financials,-0.02116,0.04854066666666666,5
2020-12-08,Financials,0.04854066666666666,0.047122,5
2020-12-09,Financials,0.047122,0.08054333333333333,5
2020-12-10,Financials,0.08054333333333333,0.140775,5
2020-12-11,Financials,0.140775,0.08324999999999999,5
2020-12-14,Financials,0.08324999999999999,0.16589,5
2020-12-15,Financials,0.16589,0.261165,5
2020-12-16,Financials,0.261165,0.30798666666666663,5
2020-12-17,Financials,0.30798666666666663,0.36555933333333335,5
2020-12-18,Financials,0.36555933333333335,0.13206,5
2020-12-21,Financials,0.13206,-0.029942657894736845,5
2020-12-22,Financials,-0.029942657894736845,0.09145800000000001,5
2020-12-23,Financials,0.09145800000000001,0.19798,5
2020-12-24,Financials,0.19798,0.32642,5
2020-12-28,Financials,0.32642,0.10080111111111112,5
2020-12-29,Financials,0.10080111111111112,-0.33083999999999997,5
2020-12-30,Financials,-0.33083999999999997,0.03512,5
2020-12-31,Financials,0.03512,0.30639066666666664,5
2021-01-04,Financials,0.30639066666666664,0.22679166666666664,5
2021-01-05,Financials,0.22679166666666664,0.24083666666666667,5
2021-01-06,Financials,0.24083666666666667,0.27233583333333333,5
2021-01-07,Financials,0.27233583333333333,0.13870380952380953,5
2021-01-08,Financials,0.13870380952380953,0.18456666666666668,5
2021-01-11,Financials,0.18456666666666668,0.15950884057971015,5
2021-01-12,Financials,0.15950884057971015,0.038448833333333335,5
2021-01-13,Financials,0.038448833333333335,0.08364833333333334,5
2021-01-14,Financials,0.08364833333333334,-0.008137142857142853,5
2021-01-15,Financials,-0.008137142857142853,0.1892048701298701,5
2021-01-19,Financials,0.1892048701298701,0.15694255555555553,5
2021-01-20,Financials,0.15694255555555553,0.07347033613445378,5
2021-01-21,Financials,0.07347033613445378,0.075905,5
2021-01-22,Financials,0.075905,0.0018759999999999998,5
2021-01-25,Financials,0.0018759999999999998,0.18912833333333331,5
2021-01-26,Financials,0.18912833333333331,0.20503944444444447,5
2021-01-27,Financials,0.20503944444444447,0.0007266666666666643,5
2021-01-28,Financials,0.0007266666666666643,0.08810722222222223,5
2021-01-29,Financials,0.08810722222222223,0.098247,5
2021-02-01,Financials,0.098247,0.072459,5
2021-02-02,Financials,0.072459,0.24018333333333333,5
2021-02-03,Financials,0.24018333333333333,0.20355600000000001,5
2021-02-04,Financials,0.20355600000000001,-0.037832,5
2021-02-05,Financials,-0.037832,0.05772666666666667,5
2021-02-08,Financials,0.05772666666666667,-0.013122095238095235,5
2021-02-09,Financials,-0.013122095238095235,0.010079999999999995,5
2021-02-10,Financials,0.010079999999999995,-0.001833333333333334,5
2021-02-11,Financials,-0.001833333333333334,0.15843833333333335,5
2021-02-12,Financials,0.15843833333333335,0.053059999999999996,5
2021-02-16,Financials,0.053059999999999996,0.09265350000000001,5
2021-02-17,Financials,0.09265350000000001,0.22331457142857145,5
2021-02-18,Financials,0.22331457142857145,0.17298,5
2021-02-19,Financials,0.17298,0.16882000000000003,5
2021-02-22,Financials,0.16882000000000003,0.013000000000000001,5
2021-02-23,Financials,0.013000000000000001,0.009557777777777776,5
2021-02-24,Financials,0.009557777777777776,0.10136500000000001,5
2021-02-25,Financials,0.10136500000000001,0.20924133333333333,5
2021-02-26,Financials,0.20924133333333333,0.11745333333333334,5
2021-03-01,Financials,0.11745333333333334,0.001716000000000001,5
2021-03-02,Financials,0.001716000000000001,0.280456,5
2021-03-03,Financials,0.280456,0.02703952380952381,5
2021-03-04,Financials,0.02703952380952381,0.13841199999999998,5
2021-03-05,Financials,0.13841199999999998,0.128544,5
2021-03-08,Financials,0.128544,0.125455,5
2021-03-09,Financials,0.125455,-0.013512000000000001,5
2021-03-10,Financials,-0.013512000000000001,0.19598333333333334,5
2021-03-11,Financials,0.19598333333333334,0.17150666666666667,5
2021-03-12,Financials,0.17150666666666667,0.07102333333333333,5
2021-03-15,Financials,0.07102333333333333,0.17318499999999998,5
2021-03-16,Financials,0.17318499999999998,0.07153499999999999,5
2021-03-17,Financials,0.07153499999999999,0.15256999999999998,5
2021-03-18,Financials,0.15256999999999998,0.161465,5
2021-03-19,Financials,0.161465,0.038096000000000005,5
2021-03-22,Financials,0.038096000000000005,0.26280499999999996,5
2021-03-23,Financials,0.26280499999999996,0.279235,5
2021-03-24,Financials,0.279235,0.18847999999999998,5
2021-03-25,Financials,0.18847999999999998,0.074788,5
2021-03-26,Financials,0.074788,0.210324,5
2021-03-29,Financials,0.210324,-0.12519250793650794,5
2021-03-30,Financials,-0.12519250793650794,0.02265807692307693,5
2021-03-31,Financials,0.02265807692307693,0.063425,5
2021-04-01,Financials,0.063425,0.15350199999999997,5
2021-04-05,Financials,0.15350199999999997,0.1638126406926407,5
2021-04-06,Financials,0.1638126406926407,-0.03264800000000001,5
2021-04-07,Financials,-0.03264800000000001,0.118085,5
2021-04-08,Financials,0.118085,0.013633333333333334,5
2021-04-09,Financials,0.013633333333333334,0.03758190476190476,5
2021-04-12,Financials,0.03758190476190476,0.199456126984127,5
2021-04-13,Financials,0.199456126984127,0.2411633333333333,5
2021-04-14,Financials,0.2411633333333333,0.12094141935483874,5
2021-04-15,Financials,0.12094141935483874,0.085336,5
2021-04-16,Financials,0.085336,0.19841619047619047,5
2021-04-19,Financials,0.19841619047619047,0.17565535714285713,5
2021-04-20,Financials,0.17565535714285713,0.26226000000000005,5
2021-04-21,Financials,0.26226000000000005,0.16226333333333331,5
2021-04-22,Financials,0.16226333333333331,0.17380333333333337,5
2021-04-23,Financials,0.17380333333333337,0.23498333333333338,5
2021-04-26,Financials,0.23498333333333338,0.22928833333333332,5
2021-04-27,Financials,0.22928833333333332,0.23048085714285715,5
2021-04-28,Financials,0.23048085714285715,0.05402999999999998,5
2021-04-29,Financials,0.05402999999999998,0.1488,5
2021-04-30,Financials,0.1488,0.150719,5
2021-05-03,Financials,0.150719,0.22597499999999995,5
2021-05-04,Financials,0.22597499999999995,0.14647642857142856,5
2021-05-05,Financials,0.14647642857142856,0.05547799999999999,5
2021-05-06,Financials,0.05547799999999999,0.083508,5
2021-05-07,Financials,0.083508,0.03286333333333333,5
2021-05-10,Financials,0.03286333333333333,0.043842000000000006,5
2021-05-11,Financials,0.043842000000000006,-0.013030000000000003,5
2021-05-12,Financials,-0.013030000000000003,0.06290333333333334,5
2021-05-13,Financials,0.06290333333333334,0.12655333333333332,5
2021-05-14,Financials,0.12655333333333332,0.15668833333333335,5
2021-05-17,Financials,0.15668833333333335,0.29199571428571425,5
2021-05-18,Financials,0.29199571428571425,0.3380666666666666,5
2021-05-19,Financials,0.3380666666666666,0.3572433333333333,5
2021-05-20,Financials,0.3572433333333333,0.2645666666666667,5
2021-05-21,Financials,0.2645666666666667,0.01351,5
2021-05-24,Financials,0.01351,0.00976,5
2021-05-25,Financials,0.00976,0.11788666666666665,5
2021-05-26,Financials,0.11788666666666665,0.06780499999999998,5
2021-05-27,Financials,0.06780499999999998,0.009452499999999997,5
2021-05-28,Financials,0.009452499999999997,0.20167666666666667,5
2021-06-01,Financials,0.20167666666666667,0.17109955555555553,5
2021-06-02,Financials,0.17109955555555553,0.165604,5
2021-06-03,Financials,0.165604,-0.005325000000000002,5
2021-06-04,Financials,-0.005325000000000002,0.27615,5
2021-06-07,Financials,0.27615,0.21601809523809523,5
2021-06-08,Financials,0.21601809523809523,0.23598666666666665,5
2021-06-09,Financials,0.23598666666666665,0.30442366666666665,5
2021-06-10,Financials,0.30442366666666665,0.10602833333333335,5
2021-06-11,Financials,0.10602833333333335,0.22365166666666667,5
2021-06-14,Financials,0.22365166666666667,0.026103333333333333,5
2021-06-15,Financials,0.026103333333333333,0.1686,5
2021-06-16,Financials,0.1686,0.01782333333333333,5
2021-06-17,Financials,0.01782333333333333,0.06799433333333334,5
2021-06-18,Financials,0.06799433333333334,0.10187833333333333,5
2021-06-21,Financials,0.10187833333333333,0.05007333333333334,5
2021-06-22,Financials,0.05007333333333334,-0.103095,5
2021-06-23,Financials,-0.103095,0.11712,5
2021-06-24,Financials,0.11712,0.16315452380952383,5
2021-06-25,Financials,0.16315452380952383,-0.05095404761904763,5
2021-06-28,Financials,-0.05095404761904763,0.019595666666666674,5
2021-06-29,Financials,0.019595666666666674,0.09911,5
2021-06-30,Financials,0.09911,0.07983844444444445,5
2021-07-01,Financials,0.07983844444444445,0.14309581818181819,5
2021-07-02,Financials,0.14309581818181819,0.05182333333333333,5
2021-07-06,Financials,0.05182333333333333,-0.0910065,5
2021-07-07,Financials,-0.0910065,-0.08735142857142855,5
2021-07-08,Financials,-0.08735142857142855,0.10945111111111112,5
2021-07-09,Financials,0.10945111111111112,0.22767904761904764,5
2021-07-12,Financials,0.22767904761904764,0.14670380952380951,5
2021-07-13,Financials,0.14670380952380951,0.13565589743589745,5
2021-07-14,Financials,0.13565589743589745,0.13544615384615386,5
2021-07-15,Financials,0.13544615384615386,0.050095,5
2021-07-16,Financials,0.050095,0.1601466666666667,5
2021-07-19,Financials,0.1601466666666667,0.17062275324675324,5
2021-07-20,Financials,0.17062275324675324,0.1936893939393939,5
2021-07-21,Financials,0.1936893939393939,0.22480809523809525,5
2021-07-22,Financials,0.22480809523809525,0.24904,5
2021-07-23,Financials,0.24904,0.10754999999999999,5
2021-07-26,Financials,0.10754999999999999,0.023042857142857136,5
2021-07-27,Financials,0.023042857142857136,0.16570619047619048,5
2021-07-28,Financials,0.16570619047619048,0.07306316666666667,5
2021-07-29,Financials,0.07306316666666667,0.26792,5
2021-07-30,Financials,0.26792,0.152,5
2021-08-02,Financials,0.152,0.32739666666666667,5
2021-08-03,Financials,0.32739666666666667,0.213888,5
2021-08-04,Financials,0.213888,0.073868,5
2021-08-05,Financials,0.073868,-0.033406000000000005,5
2021-08-06,Financials,-0.033406000000000005,-0.04407833333333333,5
2021-08-09,Financials,-0.04407833333333333,0.15651416666666668,5
2021-08-10,Financials,0.15651416666666668,0.10916833333333335,5
2021-08-11,Financials,0.10916833333333335,0.14228666666666667,5
2021-08-12,Financials,0.14228666666666667,0.17793285714285717,5
2021-08-13,Financials,0.17793285714285717,0.07516833333333332,5
2021-08-16,Financials,0.07516833333333332,0.06406333333333333,5
2021-08-17,Financials,0.06406333333333333,0.03732557142857142,5
2021-08-18,Financials,0.03732557142857142,0.13399499999999998,5
2021-08-19,Financials,0.13399499999999998,0.25477,5
2021-08-20,Financials,0.25477,0.02708,5
2021-08-23,Financials,0.02708,0.17447999999999997,5
2021-08-24,Financials,0.17447999999999997,0.13621,5
2021-08-25,Financials,0.13621,0.22293333333333334,5
2021-08-26,Financials,0.22293333333333334,-0.078712,5
2021-08-27,Financials,-0.078712,0.07887999999999999,5
2021-08-30,Financials,0.07887999999999999,0.08292000000000001,5
2021-08-31,Financials,0.08292000000000001,0.19993285714285713,5
2021-09-01,Financials,0.19993285714285713,0.081215,5
2021-09-02,Financials,0.081215,0.18454955555555555,5
2021-09-03,Financials,0.18454955555555555,0.07333333333333333,5
2021-09-07,Financials,0.07333333333333333,-0.05928500000000001,5
2021-09-08,Financials,-0.05928500000000001,0.16177000000000002,5
2021-09-09,Financials,0.16177000000000002,-0.038935000000000004,5
2021-09-10,Financials,-0.038935000000000004,-0.10399666666666665,5
2021-09-13,Financials,-0.10399666666666665,0.047966666666666664,5
2021-09-14,Financials,0.047966666666666664,0.13352499999999998,5
2021-09-15,Financials,0.13352499999999998,0.2223633333333333,5
2021-09-16,Financials,0.2223633333333333,0.1476,5
2021-09-17,Financials,0.1476,0.13742666666666667,5
2021-09-20,Financials,0.13742666666666667,-0.0891647619047619,5
2021-09-21,Financials,-0.0891647619047619,-0.020776999999999997,5
2021-09-22,Financials,-0.020776999999999997,0.10247904761904762,5
2021-09-23,Financials,0.10247904761904762,0.07460800000000001,5
2021-09-24,Financials,0.07460800000000001,0.1464,5
2021-09-27,Financials,0.1464,0.150233,5
2021-09-28,Financials,0.150233,0.2136547619047619,5
2021-09-29,Financials,0.2136547619047619,0.14954,5
2021-09-30,Financials,0.14954,0.07618133333333332,5
2021-10-01,Financials,0.07618133333333332,0.14603666666666665,5
2021-10-04,Financials,0.14603666666666665,0.036401,5
2021-10-05,Financials,0.036401,0.047200000000000006,5
2021-10-06,Financials,0.047200000000000006,0.12173333333333333,5
2021-10-07,Financials,0.12173333333333333,0.062368,5
2021-10-08,Financials,0.062368,0.14272,5
2021-10-11,Financials,0.14272,0.15549336996337,5
2021-10-12,Financials,0.15549336996337,0.08390500000000001,5
2021-10-13,Financials,0.08390500000000001,0.136771,5
2021-10-14,Financials,0.136771,0.2989546428571429,5
2021-10-15,Financials,0.2989546428571429,0.3237549206349207,5
2021-10-18,Financials,0.3237549206349207,0.03196966666666666,5
2021-10-19,Financials,0.03196966666666666,-0.09130666666666667,5
2021-10-20,Financials,-0.09130666666666667,-0.030470000000000004,5
2021-10-21,Financials,-0.030470000000000004,0.024579285714285713,5
2021-10-22,Financials,0.024579285714285713,-0.09915333333333334,5
2021-10-25,Financials,-0.09915333333333334,0.008700833333333335,5
2021-10-26,Financials,0.008700833333333335,0.15556333333333333,5
2021-10-27,Financials,0.15556333333333333,0.05774761904761905,5
2021-10-28,Financials,0.05774761904761905,0.13113928571428574,5
2021-10-29,Financials,0.13113928571428574,0.19227733333333333,5
2021-11-01,Financials,0.19227733333333333,0.20181899999999997,5
2021-11-02,Financials,0.20181899999999997,0.03994642857142857,5
2021-11-03,Financials,0.03994642857142857,0.10988,5
2021-11-04,Financials,0.10988,0.22290000000000001,5
2021-11-05,Financials,0.22290000000000001,0.10618000000000001,5
2021-11-08,Financials,0.10618000000000001,0.01573,5
2021-11-09,Financials,0.01573,0.04347333333333333,5
2021-11-10,Financials,0.04347333333333333,0.049413,5
2021-11-11,Financials,0.049413,0.06565499999999999,5
2021-11-12,Financials,0.06565499999999999,0.03352,5
2021-11-15,Financials,0.03352,0.21119428571428572,5
2021-11-16,Financials,0.21119428571428572,0.144544,5
2021-11-17,Financials,0.144544,0.0038921804511278164,5
2021-11-18,Financials,0.0038921804511278164,0.3096542857142857,5
2021-11-19,Financials,0.3096542857142857,0.18468266666666666,5
2021-11-22,Financials,0.18468266666666666,0.28179999999999994,5
2021-11-23,Financials,0.28179999999999994,0.064789,5
2021-11-24,Financials,0.064789,0.10678000000000001,5
2021-11-26,Financials,0.10678000000000001,-0.08853566666666667,5
2021-11-29,Financials,-0.08853566666666667,0.05996433333333333,5
2021-11-30,Financials,0.05996433333333333,0.19243466666666667,5
2021-12-01,Financials,0.19243466666666667,0.021405,5
2021-12-02,Financials,0.021405,0.006125833333333342,5
2021-12-03,Financials,0.006125833333333342,-0.073128,5
2021-12-06,Financials,-0.073128,0.03404933333333334,5
2021-12-07,Financials,0.03404933333333334,0.03992444444444445,5
2021-12-08,Financials,0.03992444444444445,-0.06929199999999998,5
2021-12-09,Financials,-0.06929199999999998,0.1855,5
2021-12-10,Financials,0.1855,0.055742,5
2021-12-13,Financials,0.055742,0.300797,5
2021-12-14,Financials,0.300797,0.10726666666666666,5
2021-12-15,Financials,0.10726666666666666,0.10769599999999999,5
2021-12-16,Financials,0.10769599999999999,0.0021969999999999932,5
2021-12-17,Financials,0.0021969999999999932,0.11059133333333335,5
2021-12-20,Financials,0.11059133333333335,0.022780606060606074,5
2021-12-21,Financials,0.022780606060606074,0.061040000000000004,5
2021-12-22,Financials,0.061040000000000004,0.162,5
2021-12-23,Financials,0.162,0.09492999999999999,5
2021-12-27,Financials,0.09492999999999999,0.18182333333333334,5
2021-12-28,Financials,0.18182333333333334,0.14391666666666664,5
2021-12-29,Financials,0.14391666666666664,-0.05865666666666667,5
2021-12-30,Financials,-0.05865666666666667,0.25858,5
2021-12-31,Financials,0.25858,0.08067300000000001,5
2022-01-03,Financials,0.08067300000000001,0.06696171428571428,5
2022-01-04,Financials,0.06696171428571428,0.09597133333333333,5
2022-01-05,Financials,0.09597133333333333,0.10989266666666668,5
2022-01-06,Financials,0.10989266666666668,0.07243,5
2022-01-07,Financials,0.07243,0.06870333333333334,5
2022-01-10,Financials,0.06870333333333334,0.20340024999999998,5
2022-01-11,Financials,0.20340024999999998,0.09834333333333332,5
2022-01-12,Financials,0.09834333333333332,0.19774939393939395,5
2022-01-13,Financials,0.19774939393939395,0.1073584761904762,5
2022-01-14,Financials,0.1073584761904762,0.0704145238095238,5
2022-01-18,Financials,0.0704145238095238,0.12232993810444874,5
2022-01-19,Financials,0.12232993810444874,0.11571637448825685,5
2022-01-20,Financials,0.11571637448825685,0.14029880952380952,5
2022-01-21,Financials,0.14029880952380952,0.2109495238095238,5
2022-01-24,Financials,0.2109495238095238,0.22203533333333336,5
2022-01-25,Financials,0.22203533333333336,0.21020628571428573,5
2022-01-26,Financials,0.21020628571428573,0.08993333333333334,5
2022-01-27,Financials,0.08993333333333334,0.22565949999999999,5
2022-01-28,Financials,0.22565949999999999,0.0869370695970696,5
2022-01-31,Financials,0.0869370695970696,0.20091333333333333,5
2022-02-01,Financials,0.20091333333333333,0.028881333333333335,5
2022-02-02,Financials,0.028881333333333335,0.2828860000000001,5
2022-02-03,Financials,0.2828860000000001,0.1748533333333333,5
2022-02-04,Financials,0.1748533333333333,0.11635714285714287,5
2022-02-07,Financials,0.11635714285714287,0.031987999999999996,5
2022-02-08,Financials,0.031987999999999996,0.15966466666666665,5
2022-02-09,Financials,0.15966466666666665,0.1535966666666667,5
2022-02-10,Financials,0.1535966666666667,-0.0023333333333333296,5
2022-02-11,Financials,-0.0023333333333333296,0.05312133333333333,5
2022-02-14,Financials,0.05312133333333333,-0.03953460317460318,5
2022-02-15,Financials,-0.03953460317460318,0.15445266666666665,5
2022-02-16,Financials,0.15445266666666665,0.15429999999999996,5
2022-02-17,Financials,0.15429999999999996,-0.0423050909090909,5
2022-02-18,Financials,-0.0423050909090909,0.07300999999999999,5
2022-02-22,Financials,0.07300999999999999,0.06881285714285715,5
2022-02-23,Financials,0.06881285714285715,0.025341666666666672,5
2022-02-24,Financials,0.025341666666666672,0.025797142857142852,5
2022-02-25,Financials,0.025797142857142852,0.009335999999999994,5
2022-02-28,Financials,0.009335999999999994,-0.02641660714285714,5
2022-03-01,Financials,-0.02641660714285714,-0.0969582380952381,5
2022-03-02,Financials,-0.0969582380952381,0.08833047619047618,5
2022-03-03,Financials,0.08833047619047618,0.21699000000000002,5
2022-03-04,Financials,0.21699000000000002,0.08475666666666666,5
2022-03-07,Financials,0.08475666666666666,-0.008317230769230771,5
2022-03-08,Financials,-0.008317230769230771,0.0681,5
2022-03-09,Financials,0.0681,0.11169633333333333,5
2022-03-10,Financials,0.11169633333333333,-0.019381428571428567,5
2022-03-11,Financials,-0.019381428571428567,0.01792428571428571,5
2022-03-14,Financials,0.01792428571428571,0.17995714285714287,5
2022-03-15,Financials,0.17995714285714287,0.004542666666666672,5
2022-03-16,Financials,0.004542666666666672,0.1659182857142857,5
2022-03-17,Financials,0.1659182857142857,0.2077064285714286,5
2022-03-18,Financials,0.2077064285714286,0.13341333333333333,5
2022-03-21,Financials,0.13341333333333333,0.03793966666666667,5
2022-03-22,Financials,0.03793966666666667,0.11040666666666665,5
2022-03-23,Financials,0.11040666666666665,0.34558333333333335,5
2022-03-24,Financials,0.34558333333333335,0.07588304761904763,5
2022-03-25,Financials,0.07588304761904763,0.20247200000000004,5
2022-03-28,Financials,0.20247200000000004,0.021341428571428574,5
2022-03-29,Financials,0.021341428571428574,-0.049535,5
2022-03-30,Financials,-0.049535,-0.08072333333333333,5
2022-03-31,Financials,-0.08072333333333333,0.009513333333333329,5
2022-04-01,Financials,0.009513333333333329,0.13109044444444445,5
2022-04-04,Financials,0.13109044444444445,0.013336615384615388,5
2022-04-05,Financials,0.013336615384615388,0.189116,5
2022-04-06,Financials,0.189116,0.098917,5
2022-04-07,Financials,0.098917,0.058391000000000005,5
2022-04-08,Financials,0.058391000000000005,0.010975686274509799,5
2022-04-11,Financials,0.010975686274509799,0.004413142857142854,5
2022-04-12,Financials,0.004413142857142854,0.07644481818181818,5
2022-04-13,Financials,0.07644481818181818,0.12684944444444443,5
2022-04-14,Financials,0.12684944444444443,0.16074067142857143,5
2022-04-18,Financials,0.16074067142857143,0.24753025974025972,5
2022-04-19,Financials,0.24753025974025972,0.1773222857142857,5
2022-04-20,Financials,0.1773222857142857,-0.0251,5
2022-04-21,Financials,-0.0251,-0.12791333333333335,5
2022-04-22,Financials,-0.12791333333333335,0.13793966666666665,5
2022-04-25,Financials,0.13793966666666665,0.15076633333333334,5
2022-04-26,Financials,0.15076633333333334,0.15944444444444444,5
2022-04-27,Financials,0.15944444444444444,0.15549022222222222,5
2022-04-28,Financials,0.15549022222222222,-0.01419095238095237,5
2022-04-29,Financials,-0.01419095238095237,0.13811,5
2022-05-02,Financials,0.13811,0.08237000000000001,5
2022-05-03,Financials,0.08237000000000001,0.21465666666666663,5
2022-05-04,Financials,0.21465666666666663,0.09532,5
2022-05-05,Financials,0.09532,0.12716199999999997,5
2022-05-06,Financials,0.12716199999999997,-0.13598333333333334,5
2022-05-09,Financials,-0.13598333333333334,0.025053333333333334,5
2022-05-10,Financials,0.025053333333333334,0.23456083333333333,5
2022-05-11,Financials,0.23456083333333333,0.05941333333333333,5
2022-05-12,Financials,0.05941333333333333,0.09586833333333333,5
2022-05-13,Financials,0.09586833333333333,0.091776,5
2022-05-16,Financials,0.091776,0.01339380952380952,5
2022-05-17,Financials,0.01339380952380952,0.029818333333333343,5
2022-05-18,Financials,0.029818333333333343,0.10264333333333335,5
2022-05-19,Financials,0.10264333333333335,0.14355400000000001,5
2022-05-20,Financials,0.14355400000000001,0.22629666666666667,5
2022-05-23,Financials,0.22629666666666667,-0.038497666666666666,5
2022-05-24,Financials,-0.038497666666666666,0.34167,5
2022-05-25,Financials,0.34167,0.15884666666666666,5
2022-05-26,Financials,0.15884666666666666,0.23271999999999998,5
2022-05-27,Financials,0.23271999999999998,0.19347,5
2022-05-31,Financials,0.19347,0.04531333333333333,5
2022-06-01,Financials,0.04531333333333333,0.10417999999999998,5
2022-06-02,Financials,0.10417999999999998,0.06271999999999998,5
2022-06-03,Financials,0.06271999999999998,-0.03326,5
2022-06-06,Financials,-0.03326,0.25938833333333333,5
2022-06-07,Financials,0.25938833333333333,0.13640666666666668,5
2022-06-08,Financials,0.13640666666666668,0.054714285714285715,5
2022-06-09,Financials,0.054714285714285715,-0.00770666666666667,5
2022-06-10,Financials,-0.00770666666666667,0.07261866666666666,5
2022-06-13,Financials,0.07261866666666666,0.12708233333333332,5
2022-06-14,Financials,0.12708233333333332,-0.09208476190476192,5
2022-06-15,Financials,-0.09208476190476192,0.058606666666666675,5
2022-06-16,Financials,0.058606666666666675,-0.008701666666666672,5
2022-06-17,Financials,-0.008701666666666672,0.08931000000000003,5
2022-06-21,Financials,0.08931000000000003,-0.010810222222222226,5
2022-06-22,Financials,-0.010810222222222226,0.12378,5
2022-06-23,Financials,0.12378,-0.025942166666666676,5
2022-06-24,Financials,-0.025942166666666676,0.2864478333333333,5
2022-06-27,Financials,0.2864478333333333,0.030147333333333342,5
2022-06-28,Financials,0.030147333333333342,0.12781059523809524,5
2022-06-29,Financials,0.12781059523809524,0.088095,5
2022-06-30,Financials,0.088095,0.15550071428571427,5
2022-07-01,Financials,0.15550071428571427,0.06918333333333333,5
2022-07-05,Financials,0.06918333333333333,0.18268066666666666,5
2022-07-06,Financials,0.18268066666666666,0.001961999999999997,5
2022-07-07,Financials,0.001961999999999997,0.16034466666666666,5
2022-07-08,Financials,0.16034466666666666,0.005171333333333328,5
2022-07-11,Financials,0.005171333333333328,0.16163091575091576,5
2022-07-12,Financials,0.16163091575091576,0.12979409523809524,5
2022-07-13,Financials,0.12979409523809524,-0.020761923076923077,5
2022-07-14,Financials,-0.020761923076923077,-0.047835857142857145,5
2022-07-15,Financials,-0.047835857142857145,0.033921999999999994,5
2022-07-18,Financials,0.033921999999999994,0.13870795798319327,5
2022-07-19,Financials,0.13870795798319327,0.08478533333333332,5
2022-07-20,Financials,0.08478533333333332,0.056830000000000006,5
2022-07-21,Financials,0.056830000000000006,0.159005,5
2022-07-22,Financials,0.159005,-0.03217833333333332,5
2022-07-25,Financials,-0.03217833333333332,0.128082,5
2022-07-26,Financials,0.128082,-0.046189999999999995,5
2022-07-27,Financials,-0.046189999999999995,0.25680500000000006,5
2022-07-28,Financials,0.25680500000000006,-0.0063960000000000015,5
2022-07-29,Financials,-0.0063960000000000015,0.05444,5
2022-08-01,Financials,0.05444,0.18658000000000002,5
2022-08-02,Financials,0.18658000000000002,0.19557600000000003,5
2022-08-03,Financials,0.19557600000000003,0.183295,5
2022-08-04,Financials,0.183295,0.149669,5
2022-08-05,Financials,0.149669,0.15424066666666664,5
2022-08-08,Financials,0.15424066666666664,0.12589142857142857,5
2022-08-09,Financials,0.12589142857142857,0.12110000000000003,5
2022-08-10,Financials,0.12110000000000003,0.2238425,5
2022-08-11,Financials,0.2238425,-0.04968499999999999,5
2022-08-12,Financials,-0.04968499999999999,0.242618,5
2022-08-15,Financials,0.242618,0.09562333333333332,5
2022-08-16,Financials,0.09562333333333332,0.06856,5
2022-08-17,Financials,0.06856,0.05176666666666667,5
2022-08-18,Financials,0.05176666666666667,0.20482266666666665,5
2022-08-19,Financials,0.20482266666666665,0.09653333333333333,5
2022-08-22,Financials,0.09653333333333333,0.044505,5
2022-08-23,Financials,0.044505,0.248447,5
2022-08-24,Financials,0.248447,0.054753333333333334,5
2022-08-25,Financials,0.054753333333333334,0.017446,5
2022-08-26,Financials,0.017446,0.09835166666666666,5
2022-08-29,Financials,0.09835166666666666,0.218335,5
2022-08-30,Financials,0.218335,0.06485,5
2022-08-31,Financials,0.06485,0.019216666666666677,5
2022-09-01,Financials,0.019216666666666677,0.288617,5
2022-09-02,Financials,0.288617,0.11016466666666666,5
2022-09-06,Financials,0.11016466666666666,0.05008833333333333,5
2022-09-07,Financials,0.05008833333333333,0.00998,5
2022-09-08,Financials,0.00998,0.154652,5
2022-09-09,Financials,0.154652,0.216123,5
2022-09-12,Financials,0.216123,0.082844,5
2022-09-13,Financials,0.082844,0.17144714285714285,5
2022-09-14,Financials,0.17144714285714285,-0.008446666666666658,5
2022-09-15,Financials,-0.008446666666666658,0.21970642857142858,5
2022-09-16,Financials,0.21970642857142858,0.095468,5
2022-09-19,Financials,0.095468,0.06296333333333333,5
2022-09-20,Financials,0.06296333333333333,0.06292633333333333,5
2022-09-21,Financials,0.06292633333333333,0.028435,5
2022-09-22,Financials,0.028435,-0.043146666666666667,5
2022-09-23,Financials,-0.043146666666666667,0.06648166666666666,5
2022-09-26,Financials,0.06648166666666666,0.18393866666666664,5
2022-09-27,Financials,0.18393866666666664,0.06997411111111111,5
2022-09-28,Financials,0.06997411111111111,0.14922222222222223,5
2022-09-29,Financials,0.14922222222222223,0.10194055555555555,5
2022-09-30,Financials,0.10194055555555555,0.2542522222222222,5
2022-10-03,Financials,0.2542522222222222,0.265568,5
2022-10-04,Financials,0.265568,0.28057547619047624,5
2022-10-05,Financials,0.28057547619047624,0.12919333333333333,5
2022-10-06,Financials,0.12919333333333333,0.09732723809523809,5
2022-10-07,Financials,0.09732723809523809,0.010710000000000008,5
2022-10-10,Financials,0.010710000000000008,0.086921,5
2022-10-11,Financials,0.086921,-0.283775,5
2022-10-12,Financials,-0.283775,-0.10776266666666667,5
2022-10-13,Financials,-0.10776266666666667,0.048717333333333335,5
2022-10-14,Financials,0.048717333333333335,0.09067934032983507,5
2022-10-17,Financials,0.09067934032983507,0.12281533333333335,5
2022-10-18,Financials,0.12281533333333335,0.04678,5
2022-10-19,Financials,0.04678,0.06447083333333334,5
2022-10-20,Financials,0.06447083333333334,0.07098,5
2022-10-21,Financials,0.07098,0.014503333333333323,5
2022-10-24,Financials,0.014503333333333323,-0.02624111111111112,5
2022-10-25,Financials,-0.02624111111111112,0.17434983333333334,5
2022-10-26,Financials,0.17434983333333334,0.15274490909090907,5
2022-10-27,Financials,0.15274490909090907,0.19666066666666668,5
2022-10-28,Financials,0.19666066666666668,0.029960000000000004,5
2022-10-31,Financials,0.029960000000000004,0.21303999999999998,5
2022-11-01,Financials,0.21303999999999998,0.06302333333333333,5
2022-11-02,Financials,0.06302333333333333,0.16016666666666668,5
2022-11-03,Financials,0.16016666666666668,-0.13965999999999998,5
2022-11-04,Financials,-0.13965999999999998,0.10698666666666665,5
2022-11-07,Financials,0.10698666666666665,-0.02329333333333334,5
2022-11-08,Financials,-0.02329333333333334,0.003986666666666671,5
2022-11-09,Financials,0.003986666666666671,0.12582,5
2022-11-10,Financials,0.12582,0.0256,5
2022-11-11,Financials,0.0256,0.13444666666666666,5
2022-11-14,Financials,0.13444666666666666,0.15925166666666665,5
2022-11-15,Financials,0.15925166666666665,0.097495,5
2022-11-16,Financials,0.097495,-0.0038600000000000023,5
2022-11-17,Financials,-0.0038600000000000023,0.213385,5
2022-11-18,Financials,0.213385,0.25372,5
2022-11-21,Financials,0.25372,0.15359685714285715,5
2022-11-22,Financials,0.15359685714285715,0.278966,5
2022-11-23,Financials,0.278966,0.20916,5
2022-11-25,Financials,0.20916,0.14007733333333333,5
2022-11-28,Financials,0.14007733333333333,0.12988666666666668,5
2022-11-29,Financials,0.12988666666666668,0.34099,5
2022-11-30,Financials,0.34099,0.16699666666666668,5
2022-12-01,Financials,0.16699666666666668,-0.07454566666666666,5
2022-12-02,Financials,-0.07454566666666666,0.1409753333333333,5
2022-12-05,Financials,0.1409753333333333,0.20560666666666666,5
2022-12-06,Financials,0.20560666666666666,-0.020333454545454543,5
2022-12-07,Financials,-0.020333454545454543,-0.031062222222222213,5
2022-12-08,Financials,-0.031062222222222213,0.11402799999999998,5
2022-12-09,Financials,0.11402799999999998,0.0,5
2022-12-12,Financials,0.0,0.09432611111111112,5
2022-12-13,Financials,0.09432611111111112,0.1520516666666667,5
2022-12-14,Financials,0.1520516666666667,0.012729333333333325,5
2022-12-15,Financials,0.012729333333333325,0.3178533333333334,5
2022-12-16,Financials,0.3178533333333334,-0.06164999999999998,5
2022-12-19,Financials,-0.06164999999999998,0.03446495238095238,5
2022-12-20,Financials,0.03446495238095238,0.25217757575757577,5
2022-12-21,Financials,0.25217757575757577,0.0925992857142857,5
2022-12-22,Financials,0.0925992857142857,0.293308,5
2022-12-23,Financials,0.293308,0.180484,5
2022-12-27,Financials,0.180484,0.14616,5
2022-12-28,Financials,0.14616,0.13469,5
2022-12-29,Financials,0.13469,0.05306999999999999,5
2022-12-30,Financials,0.05306999999999999,0.12387999999999999,5
2023-01-03,Financials,0.12387999999999999,0.10186999999999999,5
2023-01-04,Financials,0.10186999999999999,0.23570733333333332,5
2023-01-05,Financials,0.23570733333333332,0.05521666666666666,5
2023-01-06,Financials,0.05521666666666666,0.13070583333333335,5
2023-01-09,Financials,0.13070583333333335,0.06769607142857142,5
2023-01-10,Financials,0.06769607142857142,0.0649077380952381,5
2023-01-11,Financials,0.0649077380952381,0.053605396825396834,5
2023-01-12,Financials,0.053605396825396834,0.10104057142857144,5
2023-01-13,Financials,0.10104057142857144,0.0583015417915418,5
2023-01-17,Financials,0.0583015417915418,0.1475396128224797,5
2023-01-18,Financials,0.1475396128224797,0.1870106349206349,5
2023-01-19,Financials,0.1870106349206349,0.0353555,5
2023-01-20,Financials,0.0353555,0.07399733333333333,5
2023-01-23,Financials,0.07399733333333333,-0.054972,5
2023-01-24,Financials,-0.054972,0.10409500000000001,5
2023-01-25,Financials,0.10409500000000001,0.088367,5
2023-01-26,Financials,0.088367,0.15993377777777779,5
2023-01-27,Financials,0.15993377777777779,0.19740324999999997,5
2023-01-30,Financials,0.19740324999999997,0.15553333333333336,5
2023-01-31,Financials,0.15553333333333336,0.10103333333333334,5
2023-02-01,Financials,0.10103333333333334,0.05386333333333333,5
2023-02-02,Financials,0.05386333333333333,0.11927977777777779,5
2023-02-03,Financials,0.11927977777777779,0.093275,5
2023-02-06,Financials,0.093275,-0.048866666666666655,5
2023-02-07,Financials,-0.048866666666666655,0.24303333333333335,5
2023-02-08,Financials,0.24303333333333335,-0.033940000000000005,5
2023-02-09,Financials,-0.033940000000000005,-0.03315,5
2023-02-10,Financials,-0.03315,-0.055994999999999996,5
2023-02-13,Financials,-0.055994999999999996,0.06555666666666668,5
2023-02-14,Financials,0.06555666666666668,-0.02954066666666667,5
2023-02-15,Financials,-0.02954066666666667,-0.0813275,5
2023-02-16,Financials,-0.0813275,0.035826666666666666,5
2023-02-17,Financials,0.035826666666666666,0.22298999999999997,5
2023-02-21,Financials,0.22298999999999997,0.0012510000000000021,5
2023-02-22,Financials,0.0012510000000000021,0.08781900000000001,5
2023-02-23,Financials,0.08781900000000001,0.13172166666666668,5
2023-02-24,Financials,0.13172166666666668,0.10556066666666666,5
2023-02-27,Financials,0.10556066666666666,-0.011213928571428573,5
2023-02-28,Financials,-0.011213928571428573,0.0708130303030303,5
2023-03-01,Financials,0.0708130303030303,0.09284666666666666,5
2023-03-02,Financials,0.09284666666666666,0.13739400000000002,5
2023-03-03,Financials,0.13739400000000002,0.00871666666666666,5
2023-03-06,Financials,0.00871666666666666,0.10359059523809525,5
2023-03-07,Financials,0.10359059523809525,0.2264383333333333,5
2023-03-08,Financials,0.2264383333333333,0.06828730158730159,5
2023-03-09,Financials,0.06828730158730159,0.047027,5
2023-03-10,Financials,0.047027,0.007582333333333332,5
2023-03-13,Financials,0.007582333333333332,-0.0859990303030303,5
2023-03-14,Financials,-0.0859990303030303,0.18296666666666667,5
2023-03-15,Financials,0.18296666666666667,0.011017111111111116,5
2023-03-16,Financials,0.011017111111111116,-0.1286202777777778,5
2023-03-17,Financials,-0.1286202777777778,-0.04826114285714286,5
2023-03-20,Financials,-0.04826114285714286,0.17145442857142856,5
2023-03-21,Financials,0.17145442857142856,0.12551285714285715,5
2023-03-22,Financials,0.12551285714285715,0.1180292857142857,5
2023-03-23,Financials,0.1180292857142857,-0.025778333333333337,5
2023-03-24,Financials,-0.025778333333333337,-0.13744666666666666,5
2023-03-27,Financials,-0.13744666666666666,0.054620714285714266,5
2023-03-28,Financials,0.054620714285714266,0.22000999999999998,5
2023-03-29,Financials,0.22000999999999998,0.028922833333333335,5
2023-03-30,Financials,0.028922833333333335,0.22542380952380953,5
2023-03-31,Financials,0.22542380952380953,0.14908133333333332,5
2023-04-03,Financials,0.14908133333333332,0.1105602380952381,5
2023-04-04,Financials,0.1105602380952381,-0.06442299999999998,5
2023-04-05,Financials,-0.06442299999999998,-0.006242857142857142,5
2023-04-06,Financials,-0.006242857142857142,0.18461666666666665,5
2023-04-10,Financials,0.18461666666666665,0.03685639393939395,5
2023-04-11,Financials,0.03685639393939395,0.03403153846153846,5
2023-04-12,Financials,0.03403153846153846,0.11056295238095237,5
2023-04-13,Financials,0.11056295238095237,0.041114040100250625,5
2023-04-14,Financials,0.041114040100250625,0.05700509090909091,5
2023-04-17,Financials,0.05700509090909091,0.11478852865497077,5
2023-04-18,Financials,0.11478852865497077,0.12499252380952382,5
2023-04-19,Financials,0.12499252380952382,0.17201492156862747,5
2023-04-20,Financials,0.17201492156862747,0.010792619047619047,5
2023-04-21,Financials,0.010792619047619047,0.007895000000000003,5
2023-04-24,Financials,0.007895000000000003,0.09024076623376623,5
2023-04-25,Financials,0.09024076623376623,-0.007580757575757569,5
2023-04-26,Financials,-0.007580757575757569,0.16910055555555556,5
2023-04-27,Financials,0.16910055555555556,0.21821599999999997,5
2023-04-28,Financials,0.21821599999999997,0.0037038095238095202,5
2023-05-01,Financials,0.0037038095238095202,-0.10192933333333334,5
2023-05-02,Financials,-0.10192933333333334,0.06805161904761906,5
2023-05-03,Financials,0.06805161904761906,0.043492857142857146,5
2023-05-04,Financials,0.043492857142857146,0.05794333333333335,5
2023-05-05,Financials,0.05794333333333335,0.3551333333333334,5
2023-05-08,Financials,0.3551333333333334,0.04836666666666667,5
2023-05-09,Financials,0.04836666666666667,-0.14740777777777775,5
2023-05-10,Financials,-0.14740777777777775,0.02547619047619048,5
2023-05-11,Financials,0.02547619047619048,-0.07574666666666667,5
2023-05-12,Financials,-0.07574666666666667,-0.01715,5
2023-05-15,Financials,-0.01715,-0.11535638095238095,5
2023-05-16,Financials,-0.11535638095238095,0.03108590476190476,5
2023-05-17,Financials,0.03108590476190476,0.077335,5
2023-05-18,Financials,0.077335,0.057598,5
2023-05-19,Financials,0.057598,0.07376705128205127,5
2023-05-22,Financials,0.07376705128205127,0.05849142857142857,5
2023-05-23,Financials,0.05849142857142857,0.15393666666666667,5
2023-05-24,Financials,0.15393666666666667,0.04091399999999999,5
2023-05-25,Financials,0.04091399999999999,0.07018500000000001,5
2023-05-26,Financials,0.07018500000000001,0.06063500000000001,5
2023-05-30,Financials,0.06063500000000001,-0.0009953333333333342,5
2023-05-31,Financials,-0.0009953333333333342,0.0781475238095238,5
2023-06-01,Financials,0.0781475238095238,0.045123636363636366,5
2023-06-02,Financials,0.045123636363636366,-0.014975714285714287,5
2023-06-05,Financials,-0.014975714285714287,0.07647777777777778,5
2023-06-06,Financials,0.07647777777777778,0.275594,5
2023-06-07,Financials,0.275594,0.19655999999999998,5
2023-06-08,Financials,0.19655999999999998,0.08072166666666666,5
2023-06-09,Financials,0.08072166666666666,0.04393772727272728,5
2023-06-12,Financials,0.04393772727272728,0.05951555555555556,5
2023-06-13,Financials,0.05951555555555556,0.19952090909090908,5
2023-06-14,Financials,0.19952090909090908,0.08405666666666667,5
2023-06-15,Financials,0.08405666666666667,0.23430333333333336,5
2023-06-16,Financials,0.23430333333333336,0.12568380952380953,5
2023-06-20,Financials,0.12568380952380953,0.09437028787878787,5
2023-06-21,Financials,0.09437028787878787,0.094486,5
2023-06-22,Financials,0.094486,0.16674590476190473,5
2023-06-23,Financials,0.16674590476190473,-0.014856666666666666,5
2023-06-26,Financials,-0.014856666666666666,0.11246169696969696,5
2023-06-27,Financials,0.11246169696969696,0.255214,5
2023-06-28,Financials,0.255214,-0.10867057575757574,5
2023-06-29,Financials,-0.10867057575757574,0.06394684537684539,5
2023-06-30,Financials,0.06394684537684539,0.00477083333333333,5
2023-07-03,Financials,0.00477083333333333,0.06760329581529581,5
2023-07-05,Financials,0.06760329581529581,0.13471555555555556,5
2023-07-06,Financials,0.13471555555555556,0.10529666666666668,5
2023-07-07,Financials,0.10529666666666668,0.03355866666666667,5
2023-07-10,Financials,0.03355866666666667,0.010548666666666668,5
2023-07-11,Financials,0.010548666666666668,0.10332766666666666,5
2023-07-12,Financials,0.10332766666666666,0.05622866666666666,5
2023-07-13,Financials,0.05622866666666666,-0.008738055555555558,5
2023-07-14,Financials,-0.008738055555555558,0.026188555555555566,5
2023-07-17,Financials,0.026188555555555566,0.058943959899749376,5
2023-07-18,Financials,0.058943959899749376,0.15342591991341992,5
2023-07-19,Financials,0.15342591991341992,0.1325596626984127,5
2023-07-20,Financials,0.1325596626984127,0.15495772727272727,5
2023-07-21,Financials,0.15495772727272727,0.10890333333333332,5
2023-07-24,Financials,0.10890333333333332,0.09312509090909091,5
2023-07-25,Financials,0.09312509090909091,0.12218755555555556,5
2023-07-26,Financials,0.12218755555555556,0.11853333333333334,5
2023-07-27,Financials,0.11853333333333334,0.1327895238095238,5
2023-07-28,Financials,0.1327895238095238,0.04532380952380952,5
2023-07-31,Financials,0.04532380952380952,0.05730419913419914,5
2023-08-01,Financials,0.05730419913419914,0.05006666666666667,5
2023-08-02,Financials,0.05006666666666667,0.021962857142857152,5
2023-08-03,Financials,0.021962857142857152,0.10448333333333333,5
2023-08-04,Financials,0.10448333333333333,0.06369333333333334,5
2023-08-07,Financials,0.06369333333333334,-0.07611266666666665,5
2023-08-08,Financials,-0.07611266666666665,-0.152532,5
2023-08-09,Financials,-0.152532,0.08428552380952381,5
2023-08-10,Financials,0.08428552380952381,0.130885,5
2023-08-11,Financials,0.130885,0.14846666666666666,5
2023-08-14,Financials,0.14846666666666666,0.08976938461538461,5
2023-08-15,Financials,0.08976938461538461,-0.11506935897435899,5
2023-08-16,Financials,-0.11506935897435899,-0.020946666666666672,5
2023-08-17,Financials,-0.020946666666666672,0.0812525,5
2023-08-18,Financials,0.0812525,0.16297466666666666,5
2023-08-21,Financials,0.16297466666666666,0.04834809523809523,5
2023-08-22,Financials,0.04834809523809523,-0.017255,5
2023-08-23,Financials,-0.017255,0.1773108333333333,5
2023-08-24,Financials,0.1773108333333333,-0.014456666666666663,5
2023-08-25,Financials,-0.014456666666666663,0.039312,5
2023-08-28,Financials,0.039312,0.1284199696969697,5
2023-08-29,Financials,0.1284199696969697,-0.041526666666666656,5
2023-08-30,Financials,-0.041526666666666656,0.07611700000000002,5
2023-08-31,Financials,0.07611700000000002,0.11101809523809525,5
2023-09-01,Financials,0.11101809523809525,0.06003333333333333,5
2023-09-05,Financials,0.06003333333333333,0.10005848717948718,5
2023-09-06,Financials,0.10005848717948718,0.2942828571428572,5
2023-09-07,Financials,0.2942828571428572,0.2701097777777778,5
2023-09-08,Financials,0.2701097777777778,0.03965690476190475,5
2023-09-11,Financials,0.03965690476190475,0.12768051282051282,5
2023-09-12,Financials,0.12768051282051282,0.17868161904761903,5
2023-09-13,Financials,0.17868161904761903,0.08673433333333333,5
2023-09-14,Financials,0.08673433333333333,0.17238642424242426,5
2023-09-15,Financials,0.17238642424242426,0.027317619047619052,5
2023-09-18,Financials,0.027317619047619052,0.2803737777777778,5
2023-09-19,Financials,0.2803737777777778,0.11985285714285716,5
2023-09-20,Financials,0.11985285714285716,0.09172666666666666,5
2023-09-21,Financials,0.09172666666666666,0.07937,5
2023-09-22,Financials,0.07937,-0.002622000000000002,5
2023-09-25,Financials,-0.002622000000000002,0.04337466666666667,5
2023-09-26,Financials,0.04337466666666667,0.13585361904761906,5
2023-09-27,Financials,0.13585361904761906,0.09228857142857141,5
2023-09-28,Financials,0.09228857142857141,0.1556071428571429,5
2023-09-29,Financials,0.1556071428571429,0.20885166666666666,5
2023-10-02,Financials,0.20885166666666666,0.17364866666666667,5
2023-10-03,Financials,0.17364866666666667,0.20269338888888894,5
2023-10-04,Financials,0.20269338888888894,0.1745233333333333,5
2023-10-05,Financials,0.1745233333333333,0.06809685714285714,5
2023-10-06,Financials,0.06809685714285714,0.09464833333333332,5
2023-10-09,Financials,0.09464833333333332,0.18905591575091577,5
2023-10-10,Financials,0.18905591575091577,0.0438252380952381,5
2023-10-11,Financials,0.0438252380952381,-0.06347628571428571,5
2023-10-12,Financials,-0.06347628571428571,0.07636921212121213,5
2023-10-13,Financials,0.07636921212121213,-0.02399907843137255,5
2023-10-16,Financials,-0.02399907843137255,0.036331,5
2023-10-17,Financials,0.036331,0.14616555555555555,5
2023-10-18,Financials,0.14616555555555555,0.02309169564306661,5
2023-10-19,Financials,0.02309169564306661,0.1015966666666667,5
2023-10-20,Financials,0.1015966666666667,0.09746066666666667,5
2023-10-23,Financials,0.09746066666666667,0.006995476190476189,5
2023-10-24,Financials,0.006995476190476189,0.09878833333333334,5
2023-10-25,Financials,0.09878833333333334,0.10711030303030303,5
2023-10-26,Financials,0.10711030303030303,0.17953599999999997,5
2023-10-27,Financials,0.17953599999999997,0.063675,5
2023-10-30,Financials,0.063675,0.12130333333333332,5
2023-10-31,Financials,0.12130333333333332,0.06587833333333333,5
2023-11-01,Financials,0.06587833333333333,0.086815,5
2023-11-02,Financials,0.086815,0.182036,5
2023-11-03,Financials,0.182036,0.20951,5
2023-11-06,Financials,0.20951,0.033971111111111105,5
2023-11-07,Financials,0.033971111111111105,0.11808333333333332,5
2023-11-08,Financials,0.11808333333333332,0.08657976190476191,5
2023-11-09,Financials,0.08657976190476191,0.01194222222222222,5
2023-11-10,Financials,0.01194222222222222,0.12510833333333332,5
2023-11-13,Financials,0.12510833333333332,-0.13507968831168832,5
2023-11-14,Financials,-0.13507968831168832,0.09372428571428572,5
2023-11-15,Financials,0.09372428571428572,0.08538166666666666,5
2023-11-16,Financials,0.08538166666666666,0.04119166666666666,5
2023-11-17,Financials,0.04119166666666666,0.117218,5
2023-11-20,Financials,0.117218,0.009994,5
2023-11-21,Financials,0.009994,0.075168,5
2023-11-22,Financials,0.075168,-0.09383377777777778,5
2023-11-24,Financials,-0.09383377777777778,0.05628427777777778,5
2023-11-27,Financials,0.05628427777777778,0.0899925,5
2023-11-28,Financials,0.0899925,0.12230933333333334,5
2023-11-29,Financials,0.12230933333333334,0.10074466666666666,5
2023-11-30,Financials,0.10074466666666666,0.13476333333333332,5
2023-12-01,Financials,0.13476333333333332,-0.021476000000000002,5
2023-12-04,Financials,-0.021476000000000002,0.07669261111111111,5
2023-12-05,Financials,0.07669261111111111,0.11741083333333333,5
2023-12-06,Financials,0.11741083333333333,-0.015111666666666666,5
2023-12-07,Financials,-0.015111666666666666,0.05022666666666666,5
2023-12-08,Financials,0.05022666666666666,0.06434500000000001,5
2023-12-11,Financials,0.06434500000000001,0.08462792857142858,5
2023-12-12,Financials,0.08462792857142858,0.18480169696969698,5
2023-12-13,Financials,0.18480169696969698,0.14062944444444445,5
2023-12-14,Financials,0.14062944444444445,0.10580366666666667,5
2023-12-15,Financials,0.10580366666666667,0.2229675238095238,5
2023-12-18,Financials,0.2229675238095238,0.161612,5
2023-12-19,Financials,0.161612,0.161612,5
2023-12-20,Financials,0.161612,0.161612,5
2023-12-21,Financials,0.161612,0.161612,5
2023-12-22,Financials,0.161612,0.161612,5
2023-12-26,Financials,0.161612,0.161612,5
2023-12-27,Financials,0.161612,0.161612,5
2023-12-28,Financials,0.161612,0.161612,5
2023-12-29,Financials,0.161612,0.161612,5
2020-01-02,Healthcare,0.0,0.21549047619047618,5
2020-01-03,Healthcare,0.21549047619047618,0.23567714285714284,5
2020-01-06,Healthcare,0.23567714285714284,0.32717999999999997,5
2020-01-07,Healthcare,0.32717999999999997,0.10514133333333335,5
2020-01-08,Healthcare,0.10514133333333335,0.22532444444444444,5
2020-01-09,Healthcare,0.22532444444444444,0.31615333333333334,5
2020-01-10,Healthcare,0.31615333333333334,0.24778000000000003,5
2020-01-13,Healthcare,0.24778000000000003,0.13385750000000002,5
2020-01-14,Healthcare,0.13385750000000002,0.31071,5
2020-01-15,Healthcare,0.31071,0.27131,5
2020-01-16,Healthcare,0.27131,0.151955,5
2020-01-17,Healthcare,0.151955,0.2317683333333333,5
2020-01-21,Healthcare,0.2317683333333333,0.15063690476190478,5
2020-01-22,Healthcare,0.15063690476190478,0.06784916666666667,5
2020-01-23,Healthcare,0.06784916666666667,0.020309999999999998,5
2020-01-24,Healthcare,0.020309999999999998,0.2246453333333333,5
2020-01-27,Healthcare,0.2246453333333333,0.27093777777777783,5
2020-01-28,Healthcare,0.27093777777777783,0.18641166666666664,5
2020-01-29,Healthcare,0.18641166666666664,0.12322866666666668,5
2020-01-30,Healthcare,0.12322866666666668,0.17270939393939394,5
2020-01-31,Healthcare,0.17270939393939394,0.26572466666666666,5
2020-02-03,Healthcare,0.26572466666666666,0.11825192780337941,5
2020-02-04,Healthcare,0.11825192780337941,0.18413095238095237,5
2020-02-05,Healthcare,0.18413095238095237,0.1629224761904762,5
2020-02-06,Healthcare,0.1629224761904762,0.2686562307692308,5
2020-02-07,Healthcare,0.2686562307692308,0.27210303030303035,5
2020-02-10,Healthcare,0.27210303030303035,0.11869,5
2020-02-11,Healthcare,0.11869,0.06611333333333333,5
2020-02-12,Healthcare,0.06611333333333333,0.1685808333333333,5
2020-02-13,Healthcare,0.1685808333333333,0.11331333333333334,5
2020-02-14,Healthcare,0.11331333333333334,0.25894999999999996,5
2020-02-18,Healthcare,0.25894999999999996,0.1107991666666667,5
2020-02-19,Healthcare,0.1107991666666667,0.24066722222222223,5
2020-02-20,Healthcare,0.24066722222222223,0.23832399999999998,5
2020-02-21,Healthcare,0.23832399999999998,0.013755000000000007,5
2020-02-24,Healthcare,0.013755000000000007,0.1206655462184874,5
2020-02-25,Healthcare,0.1206655462184874,0.09488111111111114,5
2020-02-26,Healthcare,0.09488111111111114,0.05403990196078431,5
2020-02-27,Healthcare,0.05403990196078431,-0.004271999999999998,5
2020-02-28,Healthcare,-0.004271999999999998,0.06257000000000001,5
2020-03-02,Healthcare,0.06257000000000001,0.19403901785714284,5
2020-03-03,Healthcare,0.19403901785714284,0.37418615384615384,5
2020-03-04,Healthcare,0.37418615384615384,0.42545099999999997,5
2020-03-05,Healthcare,0.42545099999999997,0.17028394871794872,5
2020-03-06,Healthcare,0.17028394871794872,0.21960963636363634,5
2020-03-09,Healthcare,0.21960963636363634,0.11822536842105262,5
2020-03-10,Healthcare,0.11822536842105262,0.19087874999999999,5
2020-03-11,Healthcare,0.19087874999999999,0.1914908333333333,5
2020-03-12,Healthcare,0.1914908333333333,-0.18521066666666666,5
2020-03-13,Healthcare,-0.18521066666666666,0.002055000000000007,5
2020-03-16,Healthcare,0.002055000000000007,0.03607733333333333,5
2020-03-17,Healthcare,0.03607733333333333,0.32676333333333335,5
2020-03-18,Healthcare,0.32676333333333335,0.21734291666666666,5
2020-03-19,Healthcare,0.21734291666666666,0.21980366666666667,5
2020-03-20,Healthcare,0.21980366666666667,0.12784615384615386,5
2020-03-23,Healthcare,0.12784615384615386,0.001811082251082252,5
2020-03-24,Healthcare,0.001811082251082252,0.27379619047619047,5
2020-03-25,Healthcare,0.27379619047619047,0.14606809523809522,5
2020-03-26,Healthcare,0.14606809523809522,0.30404242424242434,5
2020-03-27,Healthcare,0.30404242424242434,0.33568933333333334,5
2020-03-30,Healthcare,0.33568933333333334,0.1865972380952381,5
2020-03-31,Healthcare,0.1865972380952381,0.08203857142857143,5
2020-04-01,Healthcare,0.08203857142857143,0.038323333333333355,5
2020-04-02,Healthcare,0.038323333333333355,0.10923666666666668,5
2020-04-03,Healthcare,0.10923666666666668,0.1591083333333333,5
2020-04-06,Healthcare,0.1591083333333333,0.3313931034482758,5
2020-04-07,Healthcare,0.3313931034482758,0.02867877192982456,5
2020-04-08,Healthcare,0.02867877192982456,0.12525555555555556,5
2020-04-09,Healthcare,0.12525555555555556,0.03140166666666667,5
2020-04-13,Healthcare,0.03140166666666667,-0.004051999999999989,5
2020-04-14,Healthcare,-0.004051999999999989,0.17981142857142857,5
2020-04-15,Healthcare,0.17981142857142857,-0.06711642857142858,5
2020-04-16,Healthcare,-0.06711642857142858,0.28936528822055135,5
2020-04-17,Healthcare,0.28936528822055135,0.2945358634719711,5
2020-04-20,Healthcare,0.2945358634719711,-0.03404442553191489,5
2020-04-21,Healthcare,-0.03404442553191489,-0.017922476190476176,5
2020-04-22,Healthcare,-0.017922476190476176,0.2148828205128205,5
2020-04-23,Healthcare,0.2148828205128205,0.16251458333333332,5
2020-04-24,Healthcare,0.16251458333333332,0.06236014285714284,5
2020-04-27,Healthcare,0.06236014285714284,0.005638190476190486,5
2020-04-28,Healthcare,0.005638190476190486,0.15199275384615385,5
2020-04-29,Healthcare,0.15199275384615385,0.045753632183908044,5
2020-04-30,Healthcare,0.045753632183908044,0.15098261538461538,5
2020-05-01,Healthcare,0.15098261538461538,0.03819507050645481,5
2020-05-04,Healthcare,0.03819507050645481,0.059442820512820516,5
2020-05-05,Healthcare,0.059442820512820516,0.19901843137254902,5
2020-05-06,Healthcare,0.19901843137254902,0.15950888888888887,5
2020-05-07,Healthcare,0.15950888888888887,0.17602833333333334,5
2020-05-08,Healthcare,0.17602833333333334,-0.024708472222222222,5
2020-05-11,Healthcare,-0.024708472222222222,0.034920821256038646,5
2020-05-12,Healthcare,0.034920821256038646,-0.05503019047619047,5
2020-05-13,Healthcare,-0.05503019047619047,0.1077251825951826,5
2020-05-14,Healthcare,0.1077251825951826,0.1281233333333333,5
2020-05-15,Healthcare,0.1281233333333333,-0.007057727272727276,5
2020-05-18,Healthcare,-0.007057727272727276,0.12455866666666666,5
2020-05-19,Healthcare,0.12455866666666666,0.18353166666666668,5
2020-05-20,Healthcare,0.18353166666666668,0.14987197802197802,5
2020-05-21,Healthcare,0.14987197802197802,0.19697933333333334,5
2020-05-22,Healthcare,0.19697933333333334,0.120425,5
2020-05-26,Healthcare,0.120425,0.04109171428571429,5
2020-05-27,Healthcare,0.04109171428571429,-0.002704634920634913,5
2020-05-28,Healthcare,-0.002704634920634913,-0.05551166666666667,5
2020-05-29,Healthcare,-0.05551166666666667,0.18103388888888888,5
2020-06-01,Healthcare,0.18103388888888888,0.17874777777777778,5
2020-06-02,Healthcare,0.17874777777777778,0.024638961038961037,5
2020-06-03,Healthcare,0.024638961038961037,0.2538334523809524,5
2020-06-04,Healthcare,0.2538334523809524,0.11949222222222222,5
2020-06-05,Healthcare,0.11949222222222222,0.11625722222222223,5
2020-06-08,Healthcare,0.11625722222222223,0.10098033333333334,5
2020-06-09,Healthcare,0.10098033333333334,-0.008158000000000004,5
2020-06-10,Healthcare,-0.008158000000000004,0.0953425,5
2020-06-11,Healthcare,0.0953425,0.14589,5
2020-06-12,Healthcare,0.14589,0.12127799999999997,5
2020-06-15,Healthcare,0.12127799999999997,0.17032571428571427,5
2020-06-16,Healthcare,0.17032571428571427,0.07894166666666666,5
2020-06-17,Healthcare,0.07894166666666666,-0.15136,5
2020-06-18,Healthcare,-0.15136,0.20376333333333335,5
2020-06-19,Healthcare,0.20376333333333335,0.2170433333333333,5
2020-06-22,Healthcare,0.2170433333333333,0.2720066666666667,5
2020-06-23,Healthcare,0.2720066666666667,0.1305725,5
2020-06-24,Healthcare,0.1305725,0.14314666666666667,5
2020-06-25,Healthcare,0.14314666666666667,0.09568249999999999,5
2020-06-26,Healthcare,0.09568249999999999,0.094509,5
2020-06-29,Healthcare,0.094509,0.16749375,5
2020-06-30,Healthcare,0.16749375,0.13273000000000001,5
2020-07-01,Healthcare,0.13273000000000001,0.1957788888888889,5
2020-07-02,Healthcare,0.1957788888888889,0.15533055555555558,5
2020-07-06,Healthcare,0.15533055555555558,0.09275857142857143,5
2020-07-07,Healthcare,0.09275857142857143,0.11636333333333333,5
2020-07-08,Healthcare,0.11636333333333333,0.16553619047619045,5
2020-07-09,Healthcare,0.16553619047619045,0.08916333333333334,5
2020-07-10,Healthcare,0.08916333333333334,0.22222,5
2020-07-13,Healthcare,0.22222,0.05238,5
2020-07-14,Healthcare,0.05238,0.22699000000000003,5
2020-07-15,Healthcare,0.22699000000000003,0.20084999999999997,5
2020-07-16,Healthcare,0.20084999999999997,0.14073399999999997,5
2020-07-17,Healthcare,0.14073399999999997,-0.12045333333333334,5
2020-07-20,Healthcare,-0.12045333333333334,0.07155500000000001,5
2020-07-21,Healthcare,0.07155500000000001,0.19736,5
2020-07-22,Healthcare,0.19736,0.43865,5
2020-07-23,Healthcare,0.43865,-0.06659999999999999,5
2020-07-24,Healthcare,-0.06659999999999999,0.164015,5
2020-07-27,Healthcare,0.164015,0.0016992857142857157,5
2020-07-28,Healthcare,0.0016992857142857157,0.0381,5
2020-07-29,Healthcare,0.0381,0.138288,5
2020-07-30,Healthcare,0.138288,0.0971075,5
2020-07-31,Healthcare,0.0971075,0.1631482051282051,5
2020-08-03,Healthcare,0.1631482051282051,0.05058619047619047,5
2020-08-04,Healthcare,0.05058619047619047,0.017150000000000002,5
2020-08-05,Healthcare,0.017150000000000002,-0.058089999999999996,5
2020-08-06,Healthcare,-0.058089999999999996,0.237119,5
2020-08-07,Healthcare,0.237119,0.2503357142857143,5
2020-08-10,Healthcare,0.2503357142857143,0.16553333333333334,5
2020-08-11,Healthcare,0.16553333333333334,0.10846,5
2020-08-12,Healthcare,0.10846,0.04046,5
2020-08-13,Healthcare,0.04046,-0.13394,5
2020-08-14,Healthcare,-0.13394,0.04046,5
2020-08-17,Healthcare,0.04046,0.28032999999999997,5
2020-08-18,Healthcare,0.28032999999999997,0.03578,5
2020-08-19,Healthcare,0.03578,0.22224166666666667,5
2020-08-20,Healthcare,0.22224166666666667,0.044259999999999994,5
2020-08-21,Healthcare,0.044259999999999994,0.04069,5
2020-08-24,Healthcare,0.04069,0.18137,5
2020-08-25,Healthcare,0.18137,0.20036777777777778,5
2020-08-26,Healthcare,0.20036777777777778,0.117564,5
2020-08-27,Healthcare,0.117564,0.08301866666666666,5
2020-08-28,Healthcare,0.08301866666666666,-0.014042666666666665,5
2020-08-31,Healthcare,-0.014042666666666665,0.1692377777777778,5
2020-09-01,Healthcare,0.1692377777777778,0.12101809523809523,5
2020-09-02,Healthcare,0.12101809523809523,-0.099715,5
2020-09-03,Healthcare,-0.099715,0.027005,5
2020-09-04,Healthcare,0.027005,0.02828142857142858,5
2020-09-08,Healthcare,0.02828142857142858,0.047805,5
2020-09-09,Healthcare,0.047805,0.133745,5
2020-09-10,Healthcare,0.133745,0.245695,5
2020-09-11,Healthcare,0.245695,-0.05620666666666667,5
2020-09-14,Healthcare,-0.05620666666666667,0.1184126956521739,5
2020-09-15,Healthcare,0.1184126956521739,0.16348666666666667,5
2020-09-16,Healthcare,0.16348666666666667,-0.05527,5
2020-09-17,Healthcare,-0.05527,0.081785,5
2020-09-18,Healthcare,0.081785,-0.018558999999999985,5
2020-09-21,Healthcare,-0.018558999999999985,-0.205646,5
2020-09-22,Healthcare,-0.205646,0.348794,5
2020-09-23,Healthcare,0.348794,0.2439373333333333,5
2020-09-24,Healthcare,0.2439373333333333,9.399999999999409e-05,5
2020-09-25,Healthcare,9.399999999999409e-05,0.13239733333333334,5
2020-09-28,Healthcare,0.13239733333333334,0.09614200000000002,5
2020-09-29,Healthcare,0.09614200000000002,0.1911,5
2020-09-30,Healthcare,0.1911,0.33116500000000004,5
2020-10-01,Healthcare,0.33116500000000004,0.19103166666666666,5
2020-10-02,Healthcare,0.19103166666666666,0.009844999999999993,5
2020-10-05,Healthcare,0.009844999999999993,0.08913222222222224,5
2020-10-06,Healthcare,0.08913222222222224,0.12832333333333332,5
2020-10-07,Healthcare,0.12832333333333332,0.2445897619047619,5
2020-10-08,Healthcare,0.2445897619047619,0.06906833333333333,5
2020-10-09,Healthcare,0.06906833333333333,-0.060580999999999996,5
2020-10-12,Healthcare,-0.060580999999999996,0.027217500000000006,5
2020-10-13,Healthcare,0.027217500000000006,-0.073055,5
2020-10-14,Healthcare,-0.073055,0.035856,5
2020-10-15,Healthcare,0.035856,0.14140333333333333,5
2020-10-16,Healthcare,0.14140333333333333,0.06095461538461537,5
2020-10-19,Healthcare,0.06095461538461537,0.15180833333333332,5
2020-10-20,Healthcare,0.15180833333333332,0.30983,5
2020-10-21,Healthcare,0.30983,0.216236,5
2020-10-22,Healthcare,0.216236,0.10572600000000001,5
2020-10-23,Healthcare,0.10572600000000001,-0.061314,5
2020-10-26,Healthcare,-0.061314,0.001417777777777776,5
2020-10-27,Healthcare,0.001417777777777776,0.06830571428571428,5
2020-10-28,Healthcare,0.06830571428571428,0.010753333333333337,5
2020-10-29,Healthcare,0.010753333333333337,0.20504466666666668,5
2020-10-30,Healthcare,0.20504466666666668,0.08732345454545455,5
2020-11-02,Healthcare,0.08732345454545455,0.12432555555555555,5
2020-11-03,Healthcare,0.12432555555555555,0.16307733333333335,5
2020-11-04,Healthcare,0.16307733333333335,0.18835777777777776,5
2020-11-05,Healthcare,0.18835777777777776,0.047150000000000004,5
2020-11-06,Healthcare,0.047150000000000004,0.0,5
2020-11-09,Healthcare,0.0,0.20935333333333334,5
2020-11-10,Healthcare,0.20935333333333334,0.212596,5
2020-11-11,Healthcare,0.212596,0.12934,5
2020-11-12,Healthcare,0.12934,0.018690000000000002,5
2020-11-13,Healthcare,0.018690000000000002,0.17160000000000003,5
2020-11-16,Healthcare,0.17160000000000003,0.029619000000000006,5
2020-11-17,Healthcare,0.029619000000000006,-0.028674999999999996,5
2020-11-18,Healthcare,-0.028674999999999996,0.09573333333333334,5
2020-11-19,Healthcare,0.09573333333333334,0.12472333333333334,5
2020-11-20,Healthcare,0.12472333333333334,0.018924999999999997,5
2020-11-23,Healthcare,0.018924999999999997,0.1924425238095238,5
2020-11-24,Healthcare,0.1924425238095238,0.12328466666666667,5
2020-11-25,Healthcare,0.12328466666666667,0.04019,5
2020-11-27,Healthcare,0.04019,0.0016699999999999966,5
2020-11-30,Healthcare,0.0016699999999999966,0.16828333333333334,5
2020-12-01,Healthcare,0.16828333333333334,0.04019,5
2020-12-02,Healthcare,0.04019,0.20079000000000002,5
2020-12-03,Healthcare,0.20079000000000002,0.23462999999999998,5
2020-12-04,Healthcare,0.23462999999999998,0.17962833333333333,5
2020-12-07,Healthcare,0.17962833333333333,0.010719999999999997,5
2020-12-08,Healthcare,0.010719999999999997,0.10229333333333332,5
2020-12-09,Healthcare,0.10229333333333332,0.013816666666666666,5
2020-12-10,Healthcare,0.013816666666666666,0.06313500000000001,5
2020-12-11,Healthcare,0.06313500000000001,0.30145299999999997,5
2020-12-14,Healthcare,0.30145299999999997,0.14211500000000002,5
2020-12-15,Healthcare,0.14211500000000002,0.25432166666666667,5
2020-12-16,Healthcare,0.25432166666666667,0.332135,5
2020-12-17,Healthcare,0.332135,0.05570533333333333,5
2020-12-18,Healthcare,0.05570533333333333,0.13994,5
2020-12-21,Healthcare,0.13994,0.27162,5
2020-12-22,Healthcare,0.27162,0.049061999999999995,5
2020-12-23,Healthcare,0.049061999999999995,0.1121982222222222,5
2020-12-24,Healthcare,0.1121982222222222,0.24567,5
2020-12-28,Healthcare,0.24567,0.14919,5
2020-12-29,Healthcare,0.14919,0.12786666666666666,5
2020-12-30,Healthcare,0.12786666666666666,0.13432666666666665,5
2020-12-31,Healthcare,0.13432666666666665,0.21127666666666664,5
2021-01-04,Healthcare,0.21127666666666664,0.16365999999999997,5
2021-01-05,Healthcare,0.16365999999999997,0.27824499999999996,5
2021-01-06,Healthcare,0.27824499999999996,0.04191,5
2021-01-07,Healthcare,0.04191,-0.047700000000000006,5
2021-01-08,Healthcare,-0.047700000000000006,-0.012906666666666669,5
2021-01-11,Healthcare,-0.012906666666666669,-0.10957285714285714,5
2021-01-12,Healthcare,-0.10957285714285714,0.09381500000000001,5
2021-01-13,Healthcare,0.09381500000000001,0.159065,5
2021-01-14,Healthcare,0.159065,0.1252,5
2021-01-15,Healthcare,0.1252,0.12534499999999998,5
2021-01-19,Healthcare,0.12534499999999998,0.10955,5
2021-01-20,Healthcare,0.10955,0.366,5
2021-01-21,Healthcare,0.366,0.16784,5
2021-01-22,Healthcare,0.16784,0.12738,5
2021-01-25,Healthcare,0.12738,0.16459475,5
2021-01-26,Healthcare,0.16459475,-0.003666666666666668,5
2021-01-27,Healthcare,-0.003666666666666668,0.08873714285714285,5
2021-01-28,Healthcare,0.08873714285714285,0.18121199999999998,5
2021-01-29,Healthcare,0.18121199999999998,-0.028199999999999992,5
2021-02-01,Healthcare,-0.028199999999999992,0.23296999999999998,5
2021-02-02,Healthcare,0.23296999999999998,0.19766500000000004,5
2021-02-03,Healthcare,0.19766500000000004,0.08067166666666667,5
2021-02-04,Healthcare,0.08067166666666667,0.10124318181818182,5
2021-02-05,Healthcare,0.10124318181818182,0.39763466666666664,5
2021-02-08,Healthcare,0.39763466666666664,-0.027191999999999994,5
2021-02-09,Healthcare,-0.027191999999999994,0.22650999999999993,5
2021-02-10,Healthcare,0.22650999999999993,0.19983599999999999,5
2021-02-11,Healthcare,0.19983599999999999,0.03291,5
2021-02-12,Healthcare,0.03291,0.07707,5
2021-02-16,Healthcare,0.07707,0.0019100000000000117,5
2021-02-17,Healthcare,0.0019100000000000117,0.03251333333333334,5
2021-02-18,Healthcare,0.03251333333333334,0.11442000000000001,5
2021-02-19,Healthcare,0.11442000000000001,0.13655333333333336,5
2021-02-22,Healthcare,0.13655333333333336,0.191966,5
2021-02-23,Healthcare,0.191966,-0.010640000000000005,5
2021-02-24,Healthcare,-0.010640000000000005,0.11243,5
2021-02-25,Healthcare,0.11243,0.2481325,5
2021-02-26,Healthcare,0.2481325,0.008970000000000002,5
2021-03-01,Healthcare,0.008970000000000002,0.25453000000000003,5
2021-03-02,Healthcare,0.25453000000000003,0.28883000000000003,5
2021-03-03,Healthcare,0.28883000000000003,0.32574,5
2021-03-04,Healthcare,0.32574,0.031912499999999996,5
2021-03-05,Healthcare,0.031912499999999996,-0.01999,5
2021-03-08,Healthcare,-0.01999,0.09863999999999999,5
2021-03-09,Healthcare,0.09863999999999999,0.059199999999999996,5
2021-03-10,Healthcare,0.059199999999999996,0.14432,5
2021-03-11,Healthcare,0.14432,0.028587999999999995,5
2021-03-12,Healthcare,0.028587999999999995,-0.0035800000000000025,5
2021-03-15,Healthcare,-0.0035800000000000025,0.20649314285714288,5
2021-03-16,Healthcare,0.20649314285714288,0.19187714285714286,5
2021-03-17,Healthcare,0.19187714285714286,0.15264714285714287,5
2021-03-18,Healthcare,0.15264714285714287,0.11881333333333333,5
2021-03-19,Healthcare,0.11881333333333333,0.20043333333333332,5
2021-03-22,Healthcare,0.20043333333333332,0.11120400000000004,5
2021-03-23,Healthcare,0.11120400000000004,0.12496,5
2021-03-24,Healthcare,0.12496,0.17994000000000002,5
2021-03-25,Healthcare,0.17994000000000002,0.14908000000000002,5
2021-03-26,Healthcare,0.14908000000000002,0.03299833333333333,5
2021-03-29,Healthcare,0.03299833333333333,0.28385666666666665,5
2021-03-30,Healthcare,0.28385666666666665,0.05071000000000001,5
2021-03-31,Healthcare,0.05071000000000001,0.050409999999999996,5
2021-04-01,Healthcare,0.050409999999999996,0.02037000000000001,5
2021-04-05,Healthcare,0.02037000000000001,0.16691533333333336,5
2021-04-06,Healthcare,0.16691533333333336,0.15532200000000002,5
2021-04-07,Healthcare,0.15532200000000002,0.24366,5
2021-04-08,Healthcare,0.24366,0.185678,5
2021-04-09,Healthcare,0.185678,0.16857,5
2021-04-12,Healthcare,0.16857,0.08036833333333333,5
2021-04-13,Healthcare,0.08036833333333333,-0.02839666666666667,5
2021-04-14,Healthcare,-0.02839666666666667,-0.01144666666666666,5
2021-04-15,Healthcare,-0.01144666666666666,0.10661000000000001,5
2021-04-16,Healthcare,0.10661000000000001,-0.08745999999999998,5
2021-04-19,Healthcare,-0.08745999999999998,0.044012857142857145,5
2021-04-20,Healthcare,0.044012857142857145,0.08759333333333333,5
2021-04-21,Healthcare,0.08759333333333333,0.34231,5
2021-04-22,Healthcare,0.34231,0.048555,5
2021-04-23,Healthcare,0.048555,0.04348,5
2021-04-26,Healthcare,0.04348,0.24135500000000004,5
2021-04-27,Healthcare,0.24135500000000004,0.22128166666666668,5
2021-04-28,Healthcare,0.22128166666666668,0.1388272380952381,5
2021-04-29,Healthcare,0.1388272380952381,0.10691104761904764,5
2021-04-30,Healthcare,0.10691104761904764,0.15298984615384617,5
2021-05-03,Healthcare,0.15298984615384617,0.1973076666666667,5
2021-05-04,Healthcare,0.1973076666666667,0.10430999999999999,5
2021-05-05,Healthcare,0.10430999999999999,0.22193000000000002,5
2021-05-06,Healthcare,0.22193000000000002,0.03660999999999999,5
2021-05-07,Healthcare,0.03660999999999999,0.03864,5
2021-05-10,Healthcare,0.03864,0.10888266666666668,5
2021-05-11,Healthcare,0.10888266666666668,0.14037333333333332,5
2021-05-12,Healthcare,0.14037333333333332,0.4131600000000001,5
2021-05-13,Healthcare,0.4131600000000001,0.26453333333333334,5
2021-05-14,Healthcare,0.26453333333333334,0.13678,5
2021-05-17,Healthcare,0.13678,0.12319399999999998,5
2021-05-18,Healthcare,0.12319399999999998,0.17913,5
2021-05-19,Healthcare,0.17913,0.09308,5
2021-05-20,Healthcare,0.09308,0.15234666666666669,5
2021-05-21,Healthcare,0.15234666666666669,0.24295999999999998,5
2021-05-24,Healthcare,0.24295999999999998,0.3381686666666667,5
2021-05-25,Healthcare,0.3381686666666667,0.22450666666666663,5
2021-05-26,Healthcare,0.22450666666666663,0.12940666666666667,5
2021-05-27,Healthcare,0.12940666666666667,0.19927,5
2021-05-28,Healthcare,0.19927,0.18086666666666668,5
2021-06-01,Healthcare,0.18086666666666668,0.14272566666666667,5
2021-06-02,Healthcare,0.14272566666666667,0.06787,5
2021-06-03,Healthcare,0.06787,0.14697333333333334,5
2021-06-04,Healthcare,0.14697333333333334,0.08332666666666666,5
2021-06-07,Healthcare,0.08332666666666666,0.07723333333333333,5
2021-06-08,Healthcare,0.07723333333333333,0.08334,5
2021-06-09,Healthcare,0.08334,-0.016589090909090907,5
2021-06-10,Healthcare,-0.016589090909090907,0.12728,5
2021-06-11,Healthcare,0.12728,0.09422833333333333,5
2021-06-14,Healthcare,0.09422833333333333,0.14745833333333333,5
2021-06-15,Healthcare,0.14745833333333333,0.27434333333333333,5
2021-06-16,Healthcare,0.27434333333333333,0.11725333333333335,5
2021-06-17,Healthcare,0.11725333333333335,0.11111333333333333,5
2021-06-18,Healthcare,0.11111333333333333,0.21502333333333334,5
2021-06-21,Healthcare,0.21502333333333334,0.3219826666666667,5
2021-06-22,Healthcare,0.3219826666666667,0.23020666666666667,5
2021-06-23,Healthcare,0.23020666666666667,0.22188,5
2021-06-24,Healthcare,0.22188,0.21008,5
2021-06-25,Healthcare,0.21008,0.09732600000000001,5
2021-06-28,Healthcare,0.09732600000000001,0.11354000000000002,5
2021-06-29,Healthcare,0.11354000000000002,0.1072,5
2021-06-30,Healthcare,0.1072,0.132515,5
2021-07-01,Healthcare,0.132515,0.09759999999999999,5
2021-07-02,Healthcare,0.09759999999999999,0.45386999999999994,5
2021-07-06,Healthcare,0.45386999999999994,0.23586800000000002,5
2021-07-07,Healthcare,0.23586800000000002,0.24808,5
2021-07-08,Healthcare,0.24808,0.119945,5
2021-07-09,Healthcare,0.119945,0.08457333333333332,5
2021-07-12,Healthcare,0.08457333333333332,0.07500333333333334,5
2021-07-13,Healthcare,0.07500333333333334,0.12481333333333333,5
2021-07-14,Healthcare,0.12481333333333333,0.2577333333333333,5
2021-07-15,Healthcare,0.2577333333333333,0.07990333333333333,5
2021-07-16,Healthcare,0.07990333333333333,0.17559333333333332,5
2021-07-19,Healthcare,0.17559333333333332,-0.010580000000000003,5
2021-07-20,Healthcare,-0.010580000000000003,0.00996,5
2021-07-21,Healthcare,0.00996,0.0,5
2021-07-22,Healthcare,0.0,-0.019620000000000005,5
2021-07-23,Healthcare,-0.019620000000000005,-0.018219999999999997,5
2021-07-26,Healthcare,-0.018219999999999997,0.15766,5
2021-07-27,Healthcare,0.15766,-0.03525999999999998,5
2021-07-28,Healthcare,-0.03525999999999998,0.12277666666666669,5
2021-07-29,Healthcare,0.12277666666666669,0.09557716666666667,5
2021-07-30,Healthcare,0.09557716666666667,0.13804366666666668,5
2021-08-02,Healthcare,0.13804366666666668,0.17149300000000003,5
2021-08-03,Healthcare,0.17149300000000003,0.16650133333333333,5
2021-08-04,Healthcare,0.16650133333333333,0.14198499999999997,5
2021-08-05,Healthcare,0.14198499999999997,0.19514499999999999,5
2021-08-06,Healthcare,0.19514499999999999,0.13759,5
2021-08-09,Healthcare,0.13759,0.146725,5
2021-08-10,Healthcare,0.146725,0.046906666666666666,5
2021-08-11,Healthcare,0.046906666666666666,0.13584666666666667,5
2021-08-12,Healthcare,0.13584666666666667,0.24107000000000003,5
2021-08-13,Healthcare,0.24107000000000003,0.16148,5
2021-08-16,Healthcare,0.16148,0.09712799999999999,5
2021-08-17,Healthcare,0.09712799999999999,0.25926,5
2021-08-18,Healthcare,0.25926,0.21948000000000004,5
2021-08-19,Healthcare,0.21948000000000004,0.17089000000000001,5
2021-08-20,Healthcare,0.17089000000000001,0.15946000000000002,5
2021-08-23,Healthcare,0.15946000000000002,-0.055709999999999996,5
2021-08-24,Healthcare,-0.055709999999999996,0.12849666666666665,5
2021-08-25,Healthcare,0.12849666666666665,-0.07224,5
2021-08-26,Healthcare,-0.07224,-0.037739999999999996,5
2021-08-27,Healthcare,-0.037739999999999996,0.2544433333333333,5
2021-08-30,Healthcare,0.2544433333333333,0.18035666666666667,5
2021-08-31,Healthcare,0.18035666666666667,-0.01909,5
2021-09-01,Healthcare,-0.01909,0.08737266666666668,5
2021-09-02,Healthcare,0.08737266666666668,0.13764666666666667,5
2021-09-03,Healthcare,0.13764666666666667,0.13764666666666667,5
2021-09-07,Healthcare,0.13764666666666667,0.2293216666666667,5
2021-09-08,Healthcare,0.2293216666666667,0.010350000000000002,5
2021-09-09,Healthcare,0.010350000000000002,0.021904523809523818,5
2021-09-10,Healthcare,0.021904523809523818,-0.03379547619047618,5
2021-09-13,Healthcare,-0.03379547619047618,0.26873111111111114,5
2021-09-14,Healthcare,0.26873111111111114,0.2563311111111111,5
2021-09-15,Healthcare,0.2563311111111111,0.21791666666666668,5
2021-09-16,Healthcare,0.21791666666666668,0.27022,5
2021-09-17,Healthcare,0.27022,0.034284999999999996,5
2021-09-20,Healthcare,0.034284999999999996,0.08416133333333337,5
2021-09-21,Healthcare,0.08416133333333337,0.09808800000000001,5
2021-09-22,Healthcare,0.09808800000000001,-0.1034,5
2021-09-23,Healthcare,-0.1034,0.219124,5
2021-09-24,Healthcare,0.219124,-0.020922666666666666,5
2021-09-27,Healthcare,-0.020922666666666666,0.263595,5
2021-09-28,Healthcare,0.263595,0.18062133333333336,5
2021-09-29,Healthcare,0.18062133333333336,0.27834166666666665,5
2021-09-30,Healthcare,0.27834166666666665,0.0035899999999999986,5
2021-10-01,Healthcare,0.0035899999999999986,0.018995555555555554,5
2021-10-04,Healthcare,0.018995555555555554,0.0897568,5
2021-10-05,Healthcare,0.0897568,0.040473999999999996,5
2021-10-06,Healthcare,0.040473999999999996,0.08540666666666667,5
2021-10-07,Healthcare,0.08540666666666667,0.11442266666666667,5
2021-10-08,Healthcare,0.11442266666666667,0.080992,5
2021-10-11,Healthcare,0.080992,0.041619230769230776,5
2021-10-12,Healthcare,0.041619230769230776,0.21632857142857143,5
2021-10-13,Healthcare,0.21632857142857143,-0.055432,5
2021-10-14,Healthcare,-0.055432,0.0,5
2021-10-15,Healthcare,0.0,0.07849999999999999,5
2021-10-18,Healthcare,0.07849999999999999,0.21442485714285717,5
2021-10-19,Healthcare,0.21442485714285717,0.03384714285714286,5
2021-10-20,Healthcare,0.03384714285714286,0.06966399999999999,5
2021-10-21,Healthcare,0.06966399999999999,0.24110499999999999,5
2021-10-22,Healthcare,0.24110499999999999,0.090161,5
2021-10-25,Healthcare,0.090161,0.03323,5
2021-10-26,Healthcare,0.03323,-0.08076833333333334,5
2021-10-27,Healthcare,-0.08076833333333334,0.13348642857142856,5
2021-10-28,Healthcare,0.13348642857142856,0.10892876923076922,5
2021-10-29,Healthcare,0.10892876923076922,0.08928063025210083,5
2021-11-01,Healthcare,0.08928063025210083,0.2570613333333333,5
2021-11-02,Healthcare,0.2570613333333333,0.33975333333333335,5
2021-11-03,Healthcare,0.33975333333333335,0.24605333333333332,5
2021-11-04,Healthcare,0.24605333333333332,0.15223939393939395,5
2021-11-05,Healthcare,0.15223939393939395,0.27199222222222225,5
2021-11-08,Healthcare,0.27199222222222225,0.14769092307692305,5
2021-11-09,Healthcare,0.14769092307692305,0.142475,5
2021-11-10,Healthcare,0.142475,-0.006000000000000007,5
2021-11-11,Healthcare,-0.006000000000000007,0.19598666666666664,5
2021-11-12,Healthcare,0.19598666666666664,0.117395,5
2021-11-15,Healthcare,0.117395,0.10009666666666665,5
2021-11-16,Healthcare,0.10009666666666665,0.166726,5
2021-11-17,Healthcare,0.166726,0.258895,5
2021-11-18,Healthcare,0.258895,0.03578333333333335,5
2021-11-19,Healthcare,0.03578333333333335,0.06785000000000001,5
2021-11-22,Healthcare,0.06785000000000001,-0.09375214285714287,5
2021-11-23,Healthcare,-0.09375214285714287,0.017700000000000004,5
2021-11-24,Healthcare,0.017700000000000004,-0.24781999999999998,5
2021-11-26,Healthcare,-0.24781999999999998,0.004666666666666664,5
2021-11-29,Healthcare,0.004666666666666664,0.10093717948717948,5
2021-11-30,Healthcare,0.10093717948717948,0.09838761904761906,5
2021-12-01,Healthcare,0.09838761904761906,0.038484999999999984,5
2021-12-02,Healthcare,0.038484999999999984,-0.039846666666666676,5
2021-12-03,Healthcare,-0.039846666666666676,0.21332833333333334,5
2021-12-06,Healthcare,0.21332833333333334,0.17400722222222223,5
2021-12-07,Healthcare,0.17400722222222223,0.07263833333333333,5
2021-12-08,Healthcare,0.07263833333333333,0.03953166666666667,5
2021-12-09,Healthcare,0.03953166666666667,0.046439999999999995,5
2021-12-10,Healthcare,0.046439999999999995,0.03122666666666666,5
2021-12-13,Healthcare,0.03122666666666666,0.21109166666666668,5
2021-12-14,Healthcare,0.21109166666666668,0.049760000000000006,5
2021-12-15,Healthcare,0.049760000000000006,-0.014914999999999994,5
2021-12-16,Healthcare,-0.014914999999999994,0.011853999999999998,5
2021-12-17,Healthcare,0.011853999999999998,0.191208,5
2021-12-20,Healthcare,0.191208,0.11151933333333333,5
2021-12-21,Healthcare,0.11151933333333333,0.15926285714285715,5
2021-12-22,Healthcare,0.15926285714285715,0.016012499999999995,5
2021-12-23,Healthcare,0.016012499999999995,0.21105372549019608,5
2021-12-27,Healthcare,0.21105372549019608,0.21699433333333334,5
2021-12-28,Healthcare,0.21699433333333334,0.15225999999999998,5
2021-12-29,Healthcare,0.15225999999999998,0.14785999999999996,5
2021-12-30,Healthcare,0.14785999999999996,0.1374338095238095,5
2021-12-31,Healthcare,0.1374338095238095,0.11529333333333332,5
2022-01-03,Healthcare,0.11529333333333332,0.17695504761904762,5
2022-01-04,Healthcare,0.17695504761904762,0.060274666666666664,5
2022-01-05,Healthcare,0.060274666666666664,-0.03465666666666666,5
2022-01-06,Healthcare,-0.03465666666666666,0.31234,5
2022-01-07,Healthcare,0.31234,0.26008333333333333,5
2022-01-10,Healthcare,0.26008333333333333,0.22336666666666666,5
2022-01-11,Healthcare,0.22336666666666666,0.18610333333333334,5
2022-01-12,Healthcare,0.18610333333333334,0.10244666666666666,5
2022-01-13,Healthcare,0.10244666666666666,0.11591100000000001,5
2022-01-14,Healthcare,0.11591100000000001,0.20000999999999997,5
2022-01-18,Healthcare,0.20000999999999997,0.14133233333333334,5
2022-01-19,Healthcare,0.14133233333333334,0.049434000000000006,5
2022-01-20,Healthcare,0.049434000000000006,0.03701533333333333,5
2022-01-21,Healthcare,0.03701533333333333,-0.05312533333333334,5
2022-01-24,Healthcare,-0.05312533333333334,-0.003364722222222219,5
2022-01-25,Healthcare,-0.003364722222222219,-0.07715000000000001,5
2022-01-26,Healthcare,-0.07715000000000001,0.07725607142857142,5
2022-01-27,Healthcare,0.07725607142857142,0.18564833333333336,5
2022-01-28,Healthcare,0.18564833333333336,0.10758000000000001,5
2022-01-31,Healthcare,0.10758000000000001,0.16110885714285714,5
2022-02-01,Healthcare,0.16110885714285714,0.07921658119658119,5
2022-02-02,Healthcare,0.07921658119658119,0.03357790476190477,5
2022-02-03,Healthcare,0.03357790476190477,0.10577833333333334,5
2022-02-04,Healthcare,0.10577833333333334,-0.15523333333333333,5
2022-02-07,Healthcare,-0.15523333333333333,0.17959238095238095,5
2022-02-08,Healthcare,0.17959238095238095,0.06341285714285713,5
2022-02-09,Healthcare,0.06341285714285713,0.26557333333333333,5
2022-02-10,Healthcare,0.26557333333333333,0.006826666666666664,5
2022-02-11,Healthcare,0.006826666666666664,0.24928333333333336,5
2022-02-14,Healthcare,0.24928333333333336,-0.019945238095238096,5
2022-02-15,Healthcare,-0.019945238095238096,0.023863333333333337,5
2022-02-16,Healthcare,0.023863333333333337,0.11495866666666668,5
2022-02-17,Healthcare,0.11495866666666668,0.11351771428571429,5
2022-02-18,Healthcare,0.11351771428571429,0.15359166666666665,5
2022-02-22,Healthcare,0.15359166666666665,0.12414047619047619,5
2022-02-23,Healthcare,0.12414047619047619,0.05464,5
2022-02-24,Healthcare,0.05464,0.20776500000000003,5
2022-02-25,Healthcare,0.20776500000000003,0.042643333333333325,5
2022-02-28,Healthcare,0.042643333333333325,0.130345,5
2022-03-01,Healthcare,0.130345,0.03478666666666667,5
2022-03-02,Healthcare,0.03478666666666667,-0.003720000000000001,5
2022-03-03,Healthcare,-0.003720000000000001,0.08081500000000001,5
2022-03-04,Healthcare,0.08081500000000001,0.12006999999999998,5
2022-03-07,Healthcare,0.12006999999999998,0.20492166666666672,5
2022-03-08,Healthcare,0.20492166666666672,-0.085295,5
2022-03-09,Healthcare,-0.085295,0.09908,5
2022-03-10,Healthcare,0.09908,0.053110000000000004,5
2022-03-11,Healthcare,0.053110000000000004,0.16364499999999998,5
2022-03-14,Healthcare,0.16364499999999998,0.17482666666666669,5
2022-03-15,Healthcare,0.17482666666666669,-0.07027000000000001,5
2022-03-16,Healthcare,-0.07027000000000001,0.09095785714285716,5
2022-03-17,Healthcare,0.09095785714285716,0.13521133333333335,5
2022-03-18,Healthcare,0.13521133333333335,0.20897333333333337,5
2022-03-21,Healthcare,0.20897333333333337,0.18445333333333336,5
2022-03-22,Healthcare,0.18445333333333336,-0.060538333333333305,5
2022-03-23,Healthcare,-0.060538333333333305,0.05826000000000001,5
2022-03-24,Healthcare,0.05826000000000001,0.15157,5
2022-03-25,Healthcare,0.15157,0.155665,5
2022-03-28,Healthcare,0.155665,0.017685,5
2022-03-29,Healthcare,0.017685,0.040900000000000006,5
2022-03-30,Healthcare,0.040900000000000006,0.11191333333333334,5
2022-03-31,Healthcare,0.11191333333333334,0.11594000000000002,5
2022-04-01,Healthcare,0.11594000000000002,0.29203,5
2022-04-04,Healthcare,0.29203,0.07585700000000002,5
2022-04-05,Healthcare,0.07585700000000002,0.161048,5
2022-04-06,Healthcare,0.161048,0.095205,5
2022-04-07,Healthcare,0.095205,0.14268999999999998,5
2022-04-08,Healthcare,0.14268999999999998,0.358438,5
2022-04-11,Healthcare,0.358438,0.09281966666666666,5
2022-04-12,Healthcare,0.09281966666666666,0.09319999999999999,5
2022-04-13,Healthcare,0.09319999999999999,0.08409666666666667,5
2022-04-14,Healthcare,0.08409666666666667,0.09729342857142857,5
2022-04-18,Healthcare,0.09729342857142857,0.09386666666666667,5
2022-04-19,Healthcare,0.09386666666666667,-0.007743523809523811,5
2022-04-20,Healthcare,-0.007743523809523811,0.1886275,5
2022-04-21,Healthcare,0.1886275,0.12141666666666669,5
2022-04-22,Healthcare,0.12141666666666669,0.08154000000000002,5
2022-04-25,Healthcare,0.08154000000000002,0.23023733333333332,5
2022-04-26,Healthcare,0.23023733333333332,-0.05220321428571428,5
2022-04-27,Healthcare,-0.05220321428571428,0.08906333333333334,5
2022-04-28,Healthcare,0.08906333333333334,0.10540552380952381,5
2022-04-29,Healthcare,0.10540552380952381,0.10875966666666667,5
2022-05-02,Healthcare,0.10875966666666667,0.226363,5
2022-05-03,Healthcare,0.226363,0.23172499999999996,5
2022-05-04,Healthcare,0.23172499999999996,0.0951,5
2022-05-05,Healthcare,0.0951,0.05953333333333334,5
2022-05-06,Healthcare,0.05953333333333334,0.056489999999999985,5
2022-05-09,Healthcare,0.056489999999999985,-0.013676666666666667,5
2022-05-10,Healthcare,-0.013676666666666667,0.14197200000000001,5
2022-05-11,Healthcare,0.14197200000000001,0.011850000000000017,5
2022-05-12,Healthcare,0.011850000000000017,-0.005173333333333319,5
2022-05-13,Healthcare,-0.005173333333333319,0.03925,5
2022-05-16,Healthcare,0.03925,0.048321666666666666,5
2022-05-17,Healthcare,0.048321666666666666,-0.017347500000000002,5
2022-05-18,Healthcare,-0.017347500000000002,0.17671,5
2022-05-19,Healthcare,0.17671,0.11071499999999998,5
2022-05-20,Healthcare,0.11071499999999998,-0.015928333333333333,5
2022-05-23,Healthcare,-0.015928333333333333,0.18671,5
2022-05-24,Healthcare,0.18671,0.013724000000000009,5
2022-05-25,Healthcare,0.013724000000000009,-0.10386500000000001,5
2022-05-26,Healthcare,-0.10386500000000001,0.20277809523809526,5
2022-05-27,Healthcare,0.20277809523809526,0.07639500000000002,5
2022-05-31,Healthcare,0.07639500000000002,0.35842666666666667,5
2022-06-01,Healthcare,0.35842666666666667,0.1567083333333333,5
2022-06-02,Healthcare,0.1567083333333333,-0.03767000000000001,5
2022-06-03,Healthcare,-0.03767000000000001,0.09284333333333335,5
2022-06-06,Healthcare,0.09284333333333335,0.08863709523809526,5
2022-06-07,Healthcare,0.08863709523809526,0.18763642857142857,5
2022-06-08,Healthcare,0.18763642857142857,0.2962514285714286,5
2022-06-09,Healthcare,0.2962514285714286,0.06922666666666667,5
2022-06-10,Healthcare,0.06922666666666667,0.046255333333333336,5
2022-06-13,Healthcare,0.046255333333333336,0.16624357142857143,5
2022-06-14,Healthcare,0.16624357142857143,-0.030830000000000003,5
2022-06-15,Healthcare,-0.030830000000000003,0.085899,5
2022-06-16,Healthcare,0.085899,0.24372000000000002,5
2022-06-17,Healthcare,0.24372000000000002,0.2884133333333333,5
2022-06-21,Healthcare,0.2884133333333333,0.3733659523809524,5
2022-06-22,Healthcare,0.3733659523809524,0.018083333333333333,5
2022-06-23,Healthcare,0.018083333333333333,-0.09467933333333334,5
2022-06-24,Healthcare,-0.09467933333333334,0.22572114285714284,5
2022-06-27,Healthcare,0.22572114285714284,0.3118447857142857,5
2022-06-28,Healthcare,0.3118447857142857,0.2840533333333334,5
2022-06-29,Healthcare,0.2840533333333334,0.3998571428571428,5
2022-06-30,Healthcare,0.3998571428571428,0.1809,5
2022-07-01,Healthcare,0.1809,0.177997,5
2022-07-05,Healthcare,0.177997,0.12103749999999999,5
2022-07-06,Healthcare,0.12103749999999999,0.11411,5
2022-07-07,Healthcare,0.11411,0.014607142857142864,5
2022-07-08,Healthcare,0.014607142857142864,0.30364,5
2022-07-11,Healthcare,0.30364,0.038387142857142856,5
2022-07-12,Healthcare,0.038387142857142856,0.013692619047619047,5
2022-07-13,Healthcare,0.013692619047619047,0.19980714285714288,5
2022-07-14,Healthcare,0.19980714285714288,0.00046200000000001795,5
2022-07-15,Healthcare,0.00046200000000001795,0.049522500000000004,5
2022-07-18,Healthcare,0.049522500000000004,0.10054400000000001,5
2022-07-19,Healthcare,0.10054400000000001,0.02985928571428571,5
2022-07-20,Healthcare,0.02985928571428571,0.2518792727272727,5
2022-07-21,Healthcare,0.2518792727272727,0.07744295454545455,5
2022-07-22,Healthcare,0.07744295454545455,0.278042,5
2022-07-25,Healthcare,0.278042,0.060343999999999995,5
2022-07-26,Healthcare,0.060343999999999995,0.15696333333333334,5
2022-07-27,Healthcare,0.15696333333333334,0.018450000000000005,5
2022-07-28,Healthcare,0.018450000000000005,0.184757,5
2022-07-29,Healthcare,0.184757,0.08612733333333335,5
2022-08-01,Healthcare,0.08612733333333335,0.10370133333333334,5
2022-08-02,Healthcare,0.10370133333333334,0.1607875,5
2022-08-03,Healthcare,0.1607875,0.2749183333333334,5
2022-08-04,Healthcare,0.2749183333333334,0.07964577777777776,5
2022-08-05,Healthcare,0.07964577777777776,0.129875,5
2022-08-08,Healthcare,0.129875,0.18241199999999996,5
2022-08-09,Healthcare,0.18241199999999996,0.17615999999999998,5
2022-08-10,Healthcare,0.17615999999999998,0.200875,5
2022-08-11,Healthcare,0.200875,0.031163000000000014,5
2022-08-12,Healthcare,0.031163000000000014,0.018516,5
2022-08-15,Healthcare,0.018516,-0.0012259999999999992,5
2022-08-16,Healthcare,-0.0012259999999999992,0.06571666666666667,5
2022-08-17,Healthcare,0.06571666666666667,0.01909,5
2022-08-18,Healthcare,0.01909,0.05664400000000001,5
2022-08-19,Healthcare,0.05664400000000001,0.011949999999999994,5
2022-08-22,Healthcare,0.011949999999999994,0.21191333333333331,5
2022-08-23,Healthcare,0.21191333333333331,0.15182666666666667,5
2022-08-24,Healthcare,0.15182666666666667,0.15272833333333333,5
2022-08-25,Healthcare,0.15272833333333333,0.1103952380952381,5
2022-08-26,Healthcare,0.1103952380952381,0.17026666666666668,5
2022-08-29,Healthcare,0.17026666666666668,0.21001333333333333,5
2022-08-30,Healthcare,0.21001333333333333,0.040433333333333335,5
2022-08-31,Healthcare,0.040433333333333335,-0.17779166666666665,5
2022-09-01,Healthcare,-0.17779166666666665,0.11460166666666664,5
2022-09-02,Healthcare,0.11460166666666664,0.15142666666666665,5
2022-09-06,Healthcare,0.15142666666666665,0.23609266666666667,5
2022-09-07,Healthcare,0.23609266666666667,0.09198466666666669,5
2022-09-08,Healthcare,0.09198466666666669,0.19428133333333333,5
2022-09-09,Healthcare,0.19428133333333333,-0.008273333333333332,5
2022-09-12,Healthcare,-0.008273333333333332,0.29341300000000003,5
2022-09-13,Healthcare,0.29341300000000003,0.05998666666666667,5
2022-09-14,Healthcare,0.05998666666666667,-0.002516666666666667,5
2022-09-15,Healthcare,-0.002516666666666667,-0.008235000000000003,5
2022-09-16,Healthcare,-0.008235000000000003,0.057381333333333326,5
2022-09-19,Healthcare,0.057381333333333326,0.015823809523809525,5
2022-09-20,Healthcare,0.015823809523809525,0.026494285714285713,5
2022-09-21,Healthcare,0.026494285714285713,-0.08621999999999999,5
2022-09-22,Healthcare,-0.08621999999999999,0.15505333333333332,5
2022-09-23,Healthcare,0.15505333333333332,0.08872,5
2022-09-26,Healthcare,0.08872,0.015480000000000013,5
2022-09-27,Healthcare,0.015480000000000013,0.16542166666666666,5
2022-09-28,Healthcare,0.16542166666666666,0.147205,5
2022-09-29,Healthcare,0.147205,0.16065999999999997,5
2022-09-30,Healthcare,0.16065999999999997,0.18642,5
2022-10-03,Healthcare,0.18642,0.04760000000000001,5
2022-10-04,Healthcare,0.04760000000000001,0.010750000000000004,5
2022-10-05,Healthcare,0.010750000000000004,0.08047333333333333,5
2022-10-06,Healthcare,0.08047333333333333,-0.09682000000000002,5
2022-10-07,Healthcare,-0.09682000000000002,0.00484,5
2022-10-10,Healthcare,0.00484,0.326336,5
2022-10-11,Healthcare,0.326336,0.22581185714285718,5
2022-10-12,Healthcare,0.22581185714285718,0.10810416666666667,5
2022-10-13,Healthcare,0.10810416666666667,-0.16806333333333331,5
2022-10-14,Healthcare,-0.16806333333333331,0.17491333333333334,5
2022-10-17,Healthcare,0.17491333333333334,0.12034500000000001,5
2022-10-18,Healthcare,0.12034500000000001,0.01213000000000002,5
2022-10-19,Healthcare,0.01213000000000002,0.05264571428571428,5
2022-10-20,Healthcare,0.05264571428571428,-0.015054666666666666,5
2022-10-21,Healthcare,-0.015054666666666666,0.11581599999999999,5
2022-10-24,Healthcare,0.11581599999999999,0.05149,5
2022-10-25,Healthcare,0.05149,0.049883333333333335,5
2022-10-26,Healthcare,0.049883333333333335,0.03878166666666667,5
2022-10-27,Healthcare,0.03878166666666667,0.07023350649350649,5
2022-10-28,Healthcare,0.07023350649350649,0.016212222222222218,5
2022-10-31,Healthcare,0.016212222222222218,0.01965222222222222,5
2022-11-01,Healthcare,0.01965222222222222,0.13551666666666667,5
2022-11-02,Healthcare,0.13551666666666667,-0.18806333333333333,5
2022-11-03,Healthcare,-0.18806333333333333,-0.1503763333333333,5
2022-11-04,Healthcare,-0.1503763333333333,0.05256666666666667,5
2022-11-07,Healthcare,0.05256666666666667,0.022809999999999997,5
2022-11-08,Healthcare,0.022809999999999997,-0.065492,5
2022-11-09,Healthcare,-0.065492,0.019005333333333332,5
2022-11-10,Healthcare,0.019005333333333332,0.12435,5
2022-11-11,Healthcare,0.12435,0.2740366666666666,5
2022-11-14,Healthcare,0.2740366666666666,0.15980500000000003,5
2022-11-15,Healthcare,0.15980500000000003,0.20067000000000004,5
2022-11-16,Healthcare,0.20067000000000004,0.24791333333333335,5
2022-11-17,Healthcare,0.24791333333333335,0.10882666666666667,5
2022-11-18,Healthcare,0.10882666666666667,0.08378333333333335,5
2022-11-21,Healthcare,0.08378333333333335,0.1806311111111111,5
2022-11-22,Healthcare,0.1806311111111111,0.12752090476190475,5
2022-11-23,Healthcare,0.12752090476190475,0.11769571428571426,5
2022-11-25,Healthcare,0.11769571428571426,0.13861742857142859,5
2022-11-28,Healthcare,0.13861742857142859,0.20168119047619046,5
2022-11-29,Healthcare,0.20168119047619046,0.19279,5
2022-11-30,Healthcare,0.19279,0.21445699999999998,5
2022-12-01,Healthcare,0.21445699999999998,0.13513666666666665,5
2022-12-02,Healthcare,0.13513666666666665,-0.05773999999999999,5
2022-12-05,Healthcare,-0.05773999999999999,0.098624,5
2022-12-06,Healthcare,0.098624,0.019797000000000002,5
2022-12-07,Healthcare,0.019797000000000002,-0.0413027619047619,5
2022-12-08,Healthcare,-0.0413027619047619,0.035644999999999996,5
2022-12-09,Healthcare,0.035644999999999996,0.09072666666666668,5
2022-12-12,Healthcare,0.09072666666666668,-0.0032847117794486238,5
2022-12-13,Healthcare,-0.0032847117794486238,0.10904552380952379,5
2022-12-14,Healthcare,0.10904552380952379,0.18240000000000003,5
2022-12-15,Healthcare,0.18240000000000003,0.16280466666666665,5
2022-12-16,Healthcare,0.16280466666666665,0.14912166666666668,5
2022-12-19,Healthcare,0.14912166666666668,0.05440266666666667,5
2022-12-20,Healthcare,0.05440266666666667,0.18531388888888892,5
2022-12-21,Healthcare,0.18531388888888892,0.16837833333333335,5
2022-12-22,Healthcare,0.16837833333333335,0.08373333333333335,5
2022-12-23,Healthcare,0.08373333333333335,-0.053049999999999986,5
2022-12-27,Healthcare,-0.053049999999999986,0.10937800000000002,5
2022-12-28,Healthcare,0.10937800000000002,0.220018,5
2022-12-29,Healthcare,0.220018,0.16032600000000002,5
2022-12-30,Healthcare,0.16032600000000002,0.068466,5
2023-01-03,Healthcare,0.068466,0.17174166666666668,5
2023-01-04,Healthcare,0.17174166666666668,0.11472500000000001,5
2023-01-05,Healthcare,0.11472500000000001,0.103745,5
2023-01-06,Healthcare,0.103745,0.06390333333333334,5
2023-01-09,Healthcare,0.06390333333333334,0.20147833333333334,5
2023-01-10,Healthcare,0.20147833333333334,0.06907642857142857,5
2023-01-11,Healthcare,0.06907642857142857,0.031676666666666665,5
2023-01-12,Healthcare,0.031676666666666665,0.053959999999999994,5
2023-01-13,Healthcare,0.053959999999999994,0.16742333333333334,5
2023-01-17,Healthcare,0.16742333333333334,0.2621094444444444,5
2023-01-18,Healthcare,0.2621094444444444,0.09193500000000002,5
2023-01-19,Healthcare,0.09193500000000002,-0.013043333333333334,5
2023-01-20,Healthcare,-0.013043333333333334,0.06612533333333334,5
2023-01-23,Healthcare,0.06612533333333334,0.253675,5
2023-01-24,Healthcare,0.253675,0.15199000000000001,5
2023-01-25,Healthcare,0.15199000000000001,-0.014384019607843145,5
2023-01-26,Healthcare,-0.014384019607843145,0.17704999999999999,5
2023-01-27,Healthcare,0.17704999999999999,0.1766933333333333,5
2023-01-30,Healthcare,0.1766933333333333,0.14562716666666667,5
2023-01-31,Healthcare,0.14562716666666667,0.031413333333333335,5
2023-02-01,Healthcare,0.031413333333333335,0.1283915873015873,5
2023-02-02,Healthcare,0.1283915873015873,0.24412541666666665,5
2023-02-03,Healthcare,0.24412541666666665,0.06965783333333334,5
2023-02-06,Healthcare,0.06965783333333334,0.04299400000000002,5
2023-02-07,Healthcare,0.04299400000000002,0.16415666666666667,5
2023-02-08,Healthcare,0.16415666666666667,0.050586,5
2023-02-09,Healthcare,0.050586,-0.044511857142857124,5
2023-02-10,Healthcare,-0.044511857142857124,-0.007313333333333327,5
2023-02-13,Healthcare,-0.007313333333333327,0.10701000000000001,5
2023-02-14,Healthcare,0.10701000000000001,0.212427,5
2023-02-15,Healthcare,0.212427,0.09486833333333332,5
2023-02-16,Healthcare,0.09486833333333332,0.12758466666666665,5
2023-02-17,Healthcare,0.12758466666666665,0.12973466666666666,5
2023-02-21,Healthcare,0.12973466666666666,0.023423,5
2023-02-22,Healthcare,0.023423,0.09284200000000002,5
2023-02-23,Healthcare,0.09284200000000002,0.049472,5
2023-02-24,Healthcare,0.049472,0.022904000000000008,5
2023-02-27,Healthcare,0.022904000000000008,0.08093285714285714,5
2023-02-28,Healthcare,0.08093285714285714,0.042246571428571425,5
2023-03-01,Healthcare,0.042246571428571425,0.016749999999999998,5
2023-03-02,Healthcare,0.016749999999999998,0.07107833333333335,5
2023-03-03,Healthcare,0.07107833333333335,0.285165,5
2023-03-06,Healthcare,0.285165,0.06327033333333335,5
2023-03-07,Healthcare,0.06327033333333335,0.1673633333333333,5
2023-03-08,Healthcare,0.1673633333333333,0.056163,5
2023-03-09,Healthcare,0.056163,0.11651533333333333,5
2023-03-10,Healthcare,0.11651533333333333,0.2273553333333333,5
2023-03-13,Healthcare,0.2273553333333333,0.1592457142857143,5
2023-03-14,Healthcare,0.1592457142857143,-0.015801333333333327,5
2023-03-15,Healthcare,-0.015801333333333327,0.08162666666666667,5
2023-03-16,Healthcare,0.08162666666666667,0.008340000000000004,5
2023-03-17,Healthcare,0.008340000000000004,0.0009599999999999997,5
2023-03-20,Healthcare,0.0009599999999999997,0.08144933333333333,5
2023-03-21,Healthcare,0.08144933333333333,0.157915,5
2023-03-22,Healthcare,0.157915,-0.004892000000000002,5
2023-03-23,Healthcare,-0.004892000000000002,0.149788,5
2023-03-24,Healthcare,0.149788,0.09774133333333333,5
2023-03-27,Healthcare,0.09774133333333333,0.15965933333333332,5
2023-03-28,Healthcare,0.15965933333333332,0.19232833333333335,5
2023-03-29,Healthcare,0.19232833333333335,0.04580333333333333,5
2023-03-30,Healthcare,0.04580333333333333,-0.005785000000000001,5
2023-03-31,Healthcare,-0.005785000000000001,0.044151666666666665,5
2023-04-03,Healthcare,0.044151666666666665,-0.04046466666666667,5
2023-04-04,Healthcare,-0.04046466666666667,0.18928866666666666,5
2023-04-05,Healthcare,0.18928866666666666,0.029206666666666676,5
2023-04-06,Healthcare,0.029206666666666676,0.05140199999999999,5
2023-04-10,Healthcare,0.05140199999999999,0.1212428787878788,5
2023-04-11,Healthcare,0.1212428787878788,-0.0077800000000000005,5
2023-04-12,Healthcare,-0.0077800000000000005,0.033113333333333335,5
2023-04-13,Healthcare,0.033113333333333335,-0.12218071428571427,5
2023-04-14,Healthcare,-0.12218071428571427,0.008998999999999997,5
2023-04-17,Healthcare,0.008998999999999997,0.1525305357142857,5
2023-04-18,Healthcare,0.1525305357142857,0.10433666666666667,5
2023-04-19,Healthcare,0.10433666666666667,0.10868396078431371,5
2023-04-20,Healthcare,0.10868396078431371,0.139296,5
2023-04-21,Healthcare,0.139296,0.054498000000000005,5
2023-04-24,Healthcare,0.054498000000000005,0.14611333333333335,5
2023-04-25,Healthcare,0.14611333333333335,0.20589321428571425,5
2023-04-26,Healthcare,0.20589321428571425,0.025,5
2023-04-27,Healthcare,0.025,0.0670927380952381,5
2023-04-28,Healthcare,0.0670927380952381,-0.04283142857142856,5
2023-05-01,Healthcare,-0.04283142857142856,0.07224395238095237,5
2023-05-02,Healthcare,0.07224395238095237,-0.041869333333333335,5
2023-05-03,Healthcare,-0.041869333333333335,-0.02289,5
2023-05-04,Healthcare,-0.02289,0.06016666666666666,5
2023-05-05,Healthcare,0.06016666666666666,0.23422,5
2023-05-08,Healthcare,0.23422,0.15131266666666668,5
2023-05-09,Healthcare,0.15131266666666668,0.16209333333333334,5
2023-05-10,Healthcare,0.16209333333333334,0.061268333333333334,5
2023-05-11,Healthcare,0.061268333333333334,0.12081666666666668,5
2023-05-12,Healthcare,0.12081666666666668,0.05106000000000001,5
2023-05-15,Healthcare,0.05106000000000001,0.11460095238095239,5
2023-05-16,Healthcare,0.11460095238095239,0.04948374999999999,5
2023-05-17,Healthcare,0.04948374999999999,-0.08731833333333332,5
2023-05-18,Healthcare,-0.08731833333333332,0.09417250000000002,5
2023-05-19,Healthcare,0.09417250000000002,0.054948333333333335,5
2023-05-22,Healthcare,0.054948333333333335,0.0658892857142857,5
2023-05-23,Healthcare,0.0658892857142857,0.12286833333333333,5
2023-05-24,Healthcare,0.12286833333333333,-0.03794666666666667,5
2023-05-25,Healthcare,-0.03794666666666667,0.110065,5
2023-05-26,Healthcare,0.110065,0.121165,5
2023-05-30,Healthcare,0.121165,0.29069500000000004,5
2023-05-31,Healthcare,0.29069500000000004,0.14073333333333332,5
2023-06-01,Healthcare,0.14073333333333332,-0.06024047619047619,5
2023-06-02,Healthcare,-0.06024047619047619,0.021428571428571432,5
2023-06-05,Healthcare,0.021428571428571432,0.0538,5
2023-06-06,Healthcare,0.0538,0.2162752380952381,5
2023-06-07,Healthcare,0.2162752380952381,0.2577716666666666,5
2023-06-08,Healthcare,0.2577716666666666,0.277517,5
2023-06-09,Healthcare,0.277517,0.035365,5
2023-06-12,Healthcare,0.035365,0.18717866666666666,5
2023-06-13,Healthcare,0.18717866666666666,0.059973333333333344,5
2023-06-14,Healthcare,0.059973333333333344,0.2608533333333333,5
2023-06-15,Healthcare,0.2608533333333333,0.039626666666666685,5
2023-06-16,Healthcare,0.039626666666666685,0.08841433333333334,5
2023-06-20,Healthcare,0.08841433333333334,0.09998071428571428,5
2023-06-21,Healthcare,0.09998071428571428,0.16984933333333335,5
2023-06-22,Healthcare,0.16984933333333335,0.15452,5
2023-06-23,Healthcare,0.15452,0.17212333333333332,5
2023-06-26,Healthcare,0.17212333333333332,0.11287116666666666,5
2023-06-27,Healthcare,0.11287116666666666,0.14164933333333335,5
2023-06-28,Healthcare,0.14164933333333335,0.12248,5
2023-06-29,Healthcare,0.12248,0.317346,5
2023-06-30,Healthcare,0.317346,0.009564166666666669,5
2023-07-03,Healthcare,0.009564166666666669,0.16950533333333334,5
2023-07-05,Healthcare,0.16950533333333334,0.2702866666666667,5
2023-07-06,Healthcare,0.2702866666666667,0.37139916666666667,5
2023-07-07,Healthcare,0.37139916666666667,0.10098,5
2023-07-10,Healthcare,0.10098,0.0940857142857143,5
2023-07-11,Healthcare,0.0940857142857143,-0.019299999999999998,5
2023-07-12,Healthcare,-0.019299999999999998,0.30865833333333337,5
2023-07-13,Healthcare,0.30865833333333337,0.10664166666666666,5
2023-07-14,Healthcare,0.10664166666666666,0.09642000000000002,5
2023-07-17,Healthcare,0.09642000000000002,0.08543200000000001,5
2023-07-18,Healthcare,0.08543200000000001,0.12676,5
2023-07-19,Healthcare,0.12676,-0.011843333333333322,5
2023-07-20,Healthcare,-0.011843333333333322,0.008177777777777794,5
2023-07-21,Healthcare,0.008177777777777794,-0.046026060606060605,5
2023-07-24,Healthcare,-0.046026060606060605,0.11892233333333332,5
2023-07-25,Healthcare,0.11892233333333332,0.03688283333333333,5
2023-07-26,Healthcare,0.03688283333333333,-0.077162,5
2023-07-27,Healthcare,-0.077162,0.16606889285714285,5
2023-07-28,Healthcare,0.16606889285714285,-0.02959666666666666,5
2023-07-31,Healthcare,-0.02959666666666666,0.16272377777777774,5
2023-08-01,Healthcare,0.16272377777777774,0.2794772222222222,5
2023-08-02,Healthcare,0.2794772222222222,0.3178307142857143,5
2023-08-03,Healthcare,0.3178307142857143,0.09578927777777779,5
2023-08-04,Healthcare,0.09578927777777779,-0.06160700000000001,5
2023-08-07,Healthcare,-0.06160700000000001,0.11333333333333333,5
2023-08-08,Healthcare,0.11333333333333333,0.158976,5
2023-08-09,Healthcare,0.158976,0.23113666666666668,5
2023-08-10,Healthcare,0.23113666666666668,0.26716266666666666,5
2023-08-11,Healthcare,0.26716266666666666,0.068855,5
2023-08-14,Healthcare,0.068855,0.150716,5
2023-08-15,Healthcare,0.150716,0.033176666666666674,5
2023-08-16,Healthcare,0.033176666666666674,-0.024089999999999993,5
2023-08-17,Healthcare,-0.024089999999999993,0.09453,5
2023-08-18,Healthcare,0.09453,0.15411499999999997,5
2023-08-21,Healthcare,0.15411499999999997,0.06427185714285713,5
2023-08-22,Healthcare,0.06427185714285713,-0.009467142857142863,5
2023-08-23,Healthcare,-0.009467142857142863,0.131292380952381,5
2023-08-24,Healthcare,0.131292380952381,0.16987333333333332,5
2023-08-25,Healthcare,0.16987333333333332,0.073462,5
2023-08-28,Healthcare,0.073462,0.04684474358974359,5
2023-08-29,Healthcare,0.04684474358974359,0.11434833333333332,5
2023-08-30,Healthcare,0.11434833333333332,0.04057500000000001,5
2023-08-31,Healthcare,0.04057500000000001,0.10549833333333333,5
2023-09-01,Healthcare,0.10549833333333333,0.10361400000000001,5
2023-09-05,Healthcare,0.10361400000000001,-0.03821192857142858,5
2023-09-06,Healthcare,-0.03821192857142858,0.1929733333333333,5
2023-09-07,Healthcare,0.1929733333333333,-0.18949333333333335,5
2023-09-08,Healthcare,-0.18949333333333335,0.261324,5
2023-09-11,Healthcare,0.261324,0.142148,5
2023-09-12,Healthcare,0.142148,-0.027570000000000004,5
2023-09-13,Healthcare,-0.027570000000000004,0.15228,5
2023-09-14,Healthcare,0.15228,0.08180833333333333,5
2023-09-15,Healthcare,0.08180833333333333,-0.00017933333333333413,5
2023-09-18,Healthcare,-0.00017933333333333413,0.08060133333333334,5
2023-09-19,Healthcare,0.08060133333333334,0.04774,5
2023-09-20,Healthcare,0.04774,-0.11570999999999998,5
2023-09-21,Healthcare,-0.11570999999999998,0.1323266666666667,5
2023-09-22,Healthcare,0.1323266666666667,0.06339749999999998,5
2023-09-25,Healthcare,0.06339749999999998,0.19259833333333337,5
2023-09-26,Healthcare,0.19259833333333337,0.03971333333333334,5
2023-09-27,Healthcare,0.03971333333333334,0.20733000000000001,5
2023-09-28,Healthcare,0.20733000000000001,0.1254,5
2023-09-29,Healthcare,0.1254,0.12640500000000002,5
2023-10-02,Healthcare,0.12640500000000002,0.03866333333333335,5
2023-10-03,Healthcare,0.03866333333333335,0.21709,5
2023-10-04,Healthcare,0.21709,0.12247999999999999,5
2023-10-05,Healthcare,0.12247999999999999,-0.02732,5
2023-10-06,Healthcare,-0.02732,0.08701466666666666,5
2023-10-09,Healthcare,0.08701466666666666,0.36574333333333336,5
2023-10-10,Healthcare,0.36574333333333336,-5.6000000000000494e-05,5
2023-10-11,Healthcare,-5.6000000000000494e-05,0.05228642857142858,5
2023-10-12,Healthcare,0.05228642857142858,0.14448857142857144,5
2023-10-13,Healthcare,0.14448857142857144,0.038930000000000006,5
2023-10-16,Healthcare,0.038930000000000006,0.03101200000000002,5
2023-10-17,Healthcare,0.03101200000000002,0.138425,5
2023-10-18,Healthcare,0.138425,0.10331045454545454,5
2023-10-19,Healthcare,0.10331045454545454,0.23318571428571433,5
2023-10-20,Healthcare,0.23318571428571433,0.09838428571428573,5
2023-10-23,Healthcare,0.09838428571428573,0.076951,5
2023-10-24,Healthcare,0.076951,0.14947300000000002,5
2023-10-25,Healthcare,0.14947300000000002,0.08089666666666666,5
2023-10-26,Healthcare,0.08089666666666666,0.18496666666666667,5
2023-10-27,Healthcare,0.18496666666666667,0.14140136363636366,5
2023-10-30,Healthcare,0.14140136363636366,0.026982666666666672,5
2023-10-31,Healthcare,0.026982666666666672,0.10935274561403512,5
2023-11-01,Healthcare,0.10935274561403512,0.06219066666666667,5
2023-11-02,Healthcare,0.06219066666666667,0.08977956410256412,5
2023-11-03,Healthcare,0.08977956410256412,0.09110771428571428,5
2023-11-06,Healthcare,0.09110771428571428,0.10092399999999999,5
2023-11-07,Healthcare,0.10092399999999999,0.04718444444444445,5
2023-11-08,Healthcare,0.04718444444444445,0.0361475,5
2023-11-09,Healthcare,0.0361475,0.14543830303030303,5
2023-11-10,Healthcare,0.14543830303030303,-0.046769333333333316,5
2023-11-13,Healthcare,-0.046769333333333316,0.12200555555555556,5
2023-11-14,Healthcare,0.12200555555555556,0.080059,5
2023-11-15,Healthcare,0.080059,0.13507333333333332,5
2023-11-16,Healthcare,0.13507333333333332,-0.0019399999999999973,5
2023-11-17,Healthcare,-0.0019399999999999973,0.0063833333333333355,5
2023-11-20,Healthcare,0.0063833333333333355,0.171025,5
2023-11-21,Healthcare,0.171025,0.08058100000000001,5
2023-11-22,Healthcare,0.08058100000000001,0.12618000000000001,5
2023-11-24,Healthcare,0.12618000000000001,0.038858,5
2023-11-27,Healthcare,0.038858,0.21578666666666665,5
2023-11-28,Healthcare,0.21578666666666665,0.08916666666666666,5
2023-11-29,Healthcare,0.08916666666666666,0.09941833333333334,5
2023-11-30,Healthcare,0.09941833333333334,0.08356166666666667,5
2023-12-01,Healthcare,0.08356166666666667,0.0,5
2023-12-04,Healthcare,0.0,0.063808,5
2023-12-05,Healthcare,0.063808,0.14064000000000002,5
2023-12-06,Healthcare,0.14064000000000002,0.25865583333333336,5
2023-12-07,Healthcare,0.25865583333333336,0.15545036363636364,5
2023-12-08,Healthcare,0.15545036363636364,0.04376733333333334,5
2023-12-11,Healthcare,0.04376733333333334,0.19836979797979798,5
2023-12-12,Healthcare,0.19836979797979798,0.07801833333333333,5
2023-12-13,Healthcare,0.07801833333333333,0.03091166666666667,5
2023-12-14,Healthcare,0.03091166666666667,0.08137666666666667,5
2023-12-15,Healthcare,0.08137666666666667,0.11753,5
2023-12-18,Healthcare,0.11753,0.17432464102564102,5
2023-12-19,Healthcare,0.17432464102564102,0.17432464102564102,5
2023-12-20,Healthcare,0.17432464102564102,0.17432464102564102,5
2023-12-21,Healthcare,0.17432464102564102,0.17432464102564102,5
2023-12-22,Healthcare,0.17432464102564102,0.17432464102564102,5
2023-12-26,Healthcare,0.17432464102564102,0.17432464102564102,5
2023-12-27,Healthcare,0.17432464102564102,0.17432464102564102,5
2023-12-28,Healthcare,0.17432464102564102,0.17432464102564102,5
2023-12-29,Healthcare,0.17432464102564102,0.17432464102564102,5
2020-01-02,Industrials,0.0,0.08408,5
2020-01-03,Industrials,0.08408,-0.12488000000000002,5
2020-01-06,Industrials,-0.12488000000000002,-0.0017627777777777798,5
2020-01-07,Industrials,-0.0017627777777777798,-0.03331714285714286,5
2020-01-08,Industrials,-0.03331714285714286,0.020137142857142857,5
2020-01-09,Industrials,0.020137142857142857,0.06430333333333334,5
2020-01-10,Industrials,0.06430333333333334,0.09960333333333334,5
2020-01-13,Industrials,0.09960333333333334,0.059236666666666674,5
2020-01-14,Industrials,0.059236666666666674,0.08966299999999999,5
2020-01-15,Industrials,0.08966299999999999,-0.07338499999999998,5
2020-01-16,Industrials,-0.07338499999999998,0.13836666666666667,5
2020-01-17,Industrials,0.13836666666666667,0.23095000000000004,5
2020-01-21,Industrials,0.23095000000000004,0.13440628571428573,5
2020-01-22,Industrials,0.13440628571428573,-0.01411142857142857,5
2020-01-23,Industrials,-0.01411142857142857,-0.0547047619047619,5
2020-01-24,Industrials,-0.0547047619047619,0.022552000000000006,5
2020-01-27,Industrials,0.022552000000000006,0.038963333333333336,5
2020-01-28,Industrials,0.038963333333333336,-0.0406175,5
2020-01-29,Industrials,-0.0406175,-0.03214333333333333,5
2020-01-30,Industrials,-0.03214333333333333,0.10386666666666666,5
2020-01-31,Industrials,0.10386666666666666,0.03728800000000001,5
2020-02-03,Industrials,0.03728800000000001,0.10757666666666665,5
2020-02-04,Industrials,0.10757666666666665,0.19368833333333332,5
2020-02-05,Industrials,0.19368833333333332,0.049358666666666655,5
2020-02-06,Industrials,0.049358666666666655,0.120362,5
2020-02-07,Industrials,0.120362,0.062271999999999994,5
2020-02-10,Industrials,0.062271999999999994,0.09325166666666666,5
2020-02-11,Industrials,0.09325166666666666,0.08279666666666667,5
2020-02-12,Industrials,0.08279666666666667,-0.039746666666666666,5
2020-02-13,Industrials,-0.039746666666666666,0.05375749999999999,5
2020-02-14,Industrials,0.05375749999999999,0.19194499999999998,5
2020-02-18,Industrials,0.19194499999999998,0.1493,5
2020-02-19,Industrials,0.1493,0.22219333333333333,5
2020-02-20,Industrials,0.22219333333333333,0.11305666666666667,5
2020-02-21,Industrials,0.11305666666666667,0.08606,5
2020-02-24,Industrials,0.08606,0.05473833333333335,5
2020-02-25,Industrials,0.05473833333333335,0.018555,5
2020-02-26,Industrials,0.018555,0.15180166666666667,5
2020-02-27,Industrials,0.15180166666666667,0.11989666666666665,5
2020-02-28,Industrials,0.11989666666666665,0.08105333333333334,5
2020-03-02,Industrials,0.08105333333333334,-0.0002866666666666684,5
2020-03-03,Industrials,-0.0002866666666666684,0.05197999999999999,5
2020-03-04,Industrials,0.05197999999999999,0.13224561904761906,5
2020-03-05,Industrials,0.13224561904761906,0.055094952380952376,5
2020-03-06,Industrials,0.055094952380952376,0.08867666666666665,5
2020-03-09,Industrials,0.08867666666666665,-0.098977,5
2020-03-10,Industrials,-0.098977,-0.01914333333333333,5
2020-03-11,Industrials,-0.01914333333333333,0.14382476190476193,5
2020-03-12,Industrials,0.14382476190476193,-0.17305,5
2020-03-13,Industrials,-0.17305,0.15654333333333334,5
2020-03-16,Industrials,0.15654333333333334,0.06327142857142858,5
2020-03-17,Industrials,0.06327142857142858,0.06213888888888889,5
2020-03-18,Industrials,0.06213888888888889,0.02761809523809524,5
2020-03-19,Industrials,0.02761809523809524,0.10905333333333334,5
2020-03-20,Industrials,0.10905333333333334,0.17050638095238096,5
2020-03-23,Industrials,0.17050638095238096,-0.004476666666666673,5
2020-03-24,Industrials,-0.004476666666666673,0.2365311111111111,5
2020-03-25,Industrials,0.2365311111111111,0.22163833333333333,5
2020-03-26,Industrials,0.22163833333333333,0.1509714285714286,5
2020-03-27,Industrials,0.1509714285714286,0.04895666666666666,5
2020-03-30,Industrials,0.04895666666666666,0.02548361904761905,5
2020-03-31,Industrials,0.02548361904761905,0.06050166666666666,5
2020-04-01,Industrials,0.06050166666666666,-0.058273,5
2020-04-02,Industrials,-0.058273,-0.12969716666666667,5
2020-04-03,Industrials,-0.12969716666666667,-0.2104513492063492,5
2020-04-06,Industrials,-0.2104513492063492,0.093584,5
2020-04-07,Industrials,0.093584,0.298147,5
2020-04-08,Industrials,0.298147,0.14812071428571427,5
2020-04-09,Industrials,0.14812071428571427,0.020891666666666663,5
2020-04-13,Industrials,0.020891666666666663,-0.031227979797979793,5
2020-04-14,Industrials,-0.031227979797979793,0.22061038888888893,5
2020-04-15,Industrials,0.22061038888888893,-0.020336666666666663,5
2020-04-16,Industrials,-0.020336666666666663,0.17742175757575757,5
2020-04-17,Industrials,0.17742175757575757,0.13985787878787878,5
2020-04-20,Industrials,0.13985787878787878,0.05489666666666667,5
2020-04-21,Industrials,0.05489666666666667,-0.00887699999999999,5
2020-04-22,Industrials,-0.00887699999999999,0.12202666666666669,5
2020-04-23,Industrials,0.12202666666666669,0.308612,5
2020-04-24,Industrials,0.308612,0.2159435294117647,5
2020-04-27,Industrials,0.2159435294117647,0.10641801010101011,5
2020-04-28,Industrials,0.10641801010101011,0.06977405263157894,5
2020-04-29,Industrials,0.06977405263157894,0.09095683597883597,5
2020-04-30,Industrials,0.09095683597883597,-0.04491717948717948,5
2020-05-01,Industrials,-0.04491717948717948,-0.07810254761904761,5
2020-05-04,Industrials,-0.07810254761904761,0.07317428571428572,5
2020-05-05,Industrials,0.07317428571428572,0.2927377777777778,5
2020-05-06,Industrials,0.2927377777777778,0.150252,5
2020-05-07,Industrials,0.150252,0.017405,5
2020-05-08,Industrials,0.017405,0.0680975,5
2020-05-11,Industrials,0.0680975,0.2866916666666667,5
2020-05-12,Industrials,0.2866916666666667,0.02477818181818182,5
2020-05-13,Industrials,0.02477818181818182,-0.014755555555555555,5
2020-05-14,Industrials,-0.014755555555555555,-0.006051666666666666,5
2020-05-15,Industrials,-0.006051666666666666,-0.03289466666666667,5
2020-05-18,Industrials,-0.03289466666666667,0.3338852121212121,5
2020-05-19,Industrials,0.3338852121212121,0.13804666666666668,5
2020-05-20,Industrials,0.13804666666666668,0.09027,5
2020-05-21,Industrials,0.09027,0.16632666666666668,5
2020-05-22,Industrials,0.16632666666666668,0.13516999999999998,5
2020-05-26,Industrials,0.13516999999999998,0.18955,5
2020-05-27,Industrials,0.18955,0.25704914285714286,5
2020-05-28,Industrials,0.25704914285714286,0.20348461904761903,5
2020-05-29,Industrials,0.20348461904761903,0.07689761904761905,5
2020-06-01,Industrials,0.07689761904761905,0.113235,5
2020-06-02,Industrials,0.113235,0.36593166666666666,5
2020-06-03,Industrials,0.36593166666666666,0.27115988405797103,5
2020-06-04,Industrials,0.27115988405797103,0.2785228571428572,5
2020-06-05,Industrials,0.2785228571428572,0.17439666666666667,5
2020-06-08,Industrials,0.17439666666666667,0.3251337254901961,5
2020-06-09,Industrials,0.3251337254901961,0.12657049999999997,5
2020-06-10,Industrials,0.12657049999999997,0.20812333333333335,5
2020-06-11,Industrials,0.20812333333333335,0.07790298245614034,5
2020-06-12,Industrials,0.07790298245614034,-0.10790200000000001,5
2020-06-15,Industrials,-0.10790200000000001,-0.022173428571428577,5
2020-06-16,Industrials,-0.022173428571428577,0.131533,5
2020-06-17,Industrials,0.131533,0.04976666666666667,5
2020-06-18,Industrials,0.04976666666666667,0.0007456666666666723,5
2020-06-19,Industrials,0.0007456666666666723,0.11308,5
2020-06-22,Industrials,0.11308,0.10251333333333332,5
2020-06-23,Industrials,0.10251333333333332,0.17159799999999997,5
2020-06-24,Industrials,0.17159799999999997,-0.034453333333333336,5
2020-06-25,Industrials,-0.034453333333333336,-0.07709470588235293,5
2020-06-26,Industrials,-0.07709470588235293,-0.14709111111111112,5
2020-06-29,Industrials,-0.14709111111111112,-0.05834428571428572,5
2020-06-30,Industrials,-0.05834428571428572,-0.10306533333333331,5
2020-07-01,Industrials,-0.10306533333333331,0.06989416666666667,5
2020-07-02,Industrials,0.06989416666666667,-0.1247175,5
2020-07-06,Industrials,-0.1247175,0.00011545454545454637,5
2020-07-07,Industrials,0.00011545454545454637,0.013162857142857143,5
2020-07-08,Industrials,0.013162857142857143,0.134395,5
2020-07-09,Industrials,0.134395,0.07370833333333336,5
2020-07-10,Industrials,0.07370833333333336,-0.04353714285714285,5
2020-07-13,Industrials,-0.04353714285714285,0.2914866666666667,5
2020-07-14,Industrials,0.2914866666666667,0.1840205,5
2020-07-15,Industrials,0.1840205,0.16625,5
2020-07-16,Industrials,0.16625,0.03852,5
2020-07-17,Industrials,0.03852,0.047925,5
2020-07-20,Industrials,0.047925,0.17630000000000004,5
2020-07-21,Industrials,0.17630000000000004,0.16750857142857145,5
2020-07-22,Industrials,0.16750857142857145,-0.01637,5
2020-07-23,Industrials,-0.01637,0.2657075,5
2020-07-24,Industrials,0.2657075,0.256705,5
2020-07-27,Industrials,0.256705,0.2413433333333333,5
2020-07-28,Industrials,0.2413433333333333,0.13478994736842106,5
2020-07-29,Industrials,0.13478994736842106,0.14335108974358973,5
2020-07-30,Industrials,0.14335108974358973,0.07256376068376069,5
2020-07-31,Industrials,0.07256376068376069,-0.010027999999999999,5
2020-08-03,Industrials,-0.010027999999999999,-0.11562018181818183,5
2020-08-04,Industrials,-0.11562018181818183,-0.084692,5
2020-08-05,Industrials,-0.084692,0.12022249999999998,5
2020-08-06,Industrials,0.12022249999999998,0.18304,5
2020-08-07,Industrials,0.18304,0.05915666666666667,5
2020-08-10,Industrials,0.05915666666666667,-0.04358,5
2020-08-11,Industrials,-0.04358,0.013562222222222229,5
2020-08-12,Industrials,0.013562222222222229,0.012625000000000003,5
2020-08-13,Industrials,0.012625000000000003,-0.10216,5
2020-08-14,Industrials,-0.10216,0.008364999999999989,5
2020-08-17,Industrials,0.008364999999999989,0.020839999999999997,5
2020-08-18,Industrials,0.020839999999999997,0.18050000000000002,5
2020-08-19,Industrials,0.18050000000000002,0.06698000000000001,5
2020-08-20,Industrials,0.06698000000000001,0.07526,5
2020-08-21,Industrials,0.07526,-0.03522,5
2020-08-24,Industrials,-0.03522,0.24386499999999994,5
2020-08-25,Industrials,0.24386499999999994,0.1547,5
2020-08-26,Industrials,0.1547,-0.105765,5
2020-08-27,Industrials,-0.105765,0.07160333333333332,5
2020-08-28,Industrials,0.07160333333333332,0.09235,5
2020-08-31,Industrials,0.09235,0.319384,5
2020-09-01,Industrials,0.319384,0.19709000000000002,5
2020-09-02,Industrials,0.19709000000000002,0.18958,5
2020-09-03,Industrials,0.18958,0.08002333333333334,5
2020-09-04,Industrials,0.08002333333333334,0.030233333333333327,5
2020-09-08,Industrials,0.030233333333333327,-0.039342,5
2020-09-09,Industrials,-0.039342,0.07667333333333333,5
2020-09-10,Industrials,0.07667333333333333,0.03862,5
2020-09-11,Industrials,0.03862,0.090952,5
2020-09-14,Industrials,0.090952,0.06732,5
2020-09-15,Industrials,0.06732,0.14577333333333337,5
2020-09-16,Industrials,0.14577333333333337,0.2726687878787879,5
2020-09-17,Industrials,0.2726687878787879,0.15977113636363635,5
2020-09-18,Industrials,0.15977113636363635,0.20768666666666666,5
2020-09-21,Industrials,0.20768666666666666,0.018131333333333333,5
2020-09-22,Industrials,0.018131333333333333,0.10414333333333332,5
2020-09-23,Industrials,0.10414333333333332,0.16777999999999998,5
2020-09-24,Industrials,0.16777999999999998,-0.04377666666666667,5
2020-09-25,Industrials,-0.04377666666666667,0.055443333333333344,5
2020-09-28,Industrials,0.055443333333333344,0.020790392156862746,5
2020-09-29,Industrials,0.020790392156862746,0.11299999999999999,5
2020-09-30,Industrials,0.11299999999999999,0.19222766666666669,5
2020-10-01,Industrials,0.19222766666666669,0.38109625,5
2020-10-02,Industrials,0.38109625,0.27636000000000005,5
2020-10-05,Industrials,0.27636000000000005,0.17109209523809524,5
2020-10-06,Industrials,0.17109209523809524,0.04873,5
2020-10-07,Industrials,0.04873,0.07102555555555554,5
2020-10-08,Industrials,0.07102555555555554,0.08613499999999999,5
2020-10-09,Industrials,0.08613499999999999,0.19955799999999999,5
2020-10-12,Industrials,0.19955799999999999,0.1533261904761905,5
2020-10-13,Industrials,0.1533261904761905,0.20578866666666668,5
2020-10-14,Industrials,0.20578866666666668,0.18359,5
2020-10-15,Industrials,0.18359,0.07950833333333332,5
2020-10-16,Industrials,0.07950833333333332,0.08661025641025641,5
2020-10-19,Industrials,0.08661025641025641,0.214345,5
2020-10-20,Industrials,0.214345,0.12984,5
2020-10-21,Industrials,0.12984,0.10532,5
2020-10-22,Industrials,0.10532,0.038388571428571425,5
2020-10-23,Industrials,0.038388571428571425,0.32852,5
2020-10-26,Industrials,0.32852,0.22682555555555556,5
2020-10-27,Industrials,0.22682555555555556,-0.008408846153846163,5
2020-10-28,Industrials,-0.008408846153846163,0.12562259090909092,5
2020-10-29,Industrials,0.12562259090909092,-0.080593,5
2020-10-30,Industrials,-0.080593,0.05957685714285714,5
2020-11-02,Industrials,0.05957685714285714,0.1615075,5
2020-11-03,Industrials,0.1615075,0.16295866666666664,5
2020-11-04,Industrials,0.16295866666666664,0.3032566666666667,5
2020-11-05,Industrials,0.3032566666666667,0.10202333333333333,5
2020-11-06,Industrials,0.10202333333333333,-0.009405714285714285,5
2020-11-09,Industrials,-0.009405714285714285,0.2142726666666667,5
2020-11-10,Industrials,0.2142726666666667,0.18589733333333333,5
2020-11-11,Industrials,0.18589733333333333,0.039290000000000005,5
2020-11-12,Industrials,0.039290000000000005,0.03413333333333333,5
2020-11-13,Industrials,0.03413333333333333,0.09176,5
2020-11-16,Industrials,0.09176,0.18144428571428572,5
2020-11-17,Industrials,0.18144428571428572,0.11739000000000002,5
2020-11-18,Industrials,0.11739000000000002,-0.02584111111111111,5
2020-11-19,Industrials,-0.02584111111111111,-0.022214285714285714,5
2020-11-20,Industrials,-0.022214285714285714,0.030329333333333337,5
2020-11-23,Industrials,0.030329333333333337,0.12892571428571428,5
2020-11-24,Industrials,0.12892571428571428,0.06577785714285714,5
2020-11-25,Industrials,0.06577785714285714,0.22318666666666664,5
2020-11-27,Industrials,0.22318666666666664,0.18269238095238094,5
2020-11-30,Industrials,0.18269238095238094,0.09554457142857144,5
2020-12-01,Industrials,0.09554457142857144,0.147586,5
2020-12-02,Industrials,0.147586,0.02226833333333333,5
2020-12-03,Industrials,0.02226833333333333,0.11051546218487393,5
2020-12-04,Industrials,0.11051546218487393,0.08516,5
2020-12-07,Industrials,0.08516,0.08050166666666667,5
2020-12-08,Industrials,0.08050166666666667,-0.0016377777777777825,5
2020-12-09,Industrials,-0.0016377777777777825,-0.04752805555555555,5
2020-12-10,Industrials,-0.04752805555555555,0.00019066666666667578,5
2020-12-11,Industrials,0.00019066666666667578,-0.07586066666666669,5
2020-12-14,Industrials,-0.07586066666666669,0.09333297619047619,5
2020-12-15,Industrials,0.09333297619047619,0.25199999999999995,5
2020-12-16,Industrials,0.25199999999999995,0.17598999999999998,5
2020-12-17,Industrials,0.17598999999999998,0.1944925,5
2020-12-18,Industrials,0.1944925,0.026724499999999995,5
2020-12-21,Industrials,0.026724499999999995,0.22704149999999998,5
2020-12-22,Industrials,0.22704149999999998,0.23307333333333333,5
2020-12-23,Industrials,0.23307333333333333,0.39287000000000005,5
2020-12-24,Industrials,0.39287000000000005,0.4868499999999999,5
2020-12-28,Industrials,0.4868499999999999,0.3131285714285715,5
2020-12-29,Industrials,0.3131285714285715,0.199215,5
2020-12-30,Industrials,0.199215,0.07231399999999999,5
2020-12-31,Industrials,0.07231399999999999,0.14057866666666669,5
2021-01-04,Industrials,0.14057866666666669,0.18553944444444442,5
2021-01-05,Industrials,0.18553944444444442,0.1389266666666667,5
2021-01-06,Industrials,0.1389266666666667,0.17658133333333334,5
2021-01-07,Industrials,0.17658133333333334,-0.07347333333333332,5
2021-01-08,Industrials,-0.07347333333333332,-0.007362222222222226,5
2021-01-11,Industrials,-0.007362222222222226,0.06807250000000001,5
2021-01-12,Industrials,0.06807250000000001,0.15655333333333332,5
2021-01-13,Industrials,0.15655333333333332,0.31360363636363636,5
2021-01-14,Industrials,0.31360363636363636,0.37122666666666665,5
2021-01-15,Industrials,0.37122666666666665,0.08051,5
2021-01-19,Industrials,0.08051,0.029585882352941174,5
2021-01-20,Industrials,0.029585882352941174,0.096338,5
2021-01-21,Industrials,0.096338,0.08543999999999999,5
2021-01-22,Industrials,0.08543999999999999,0.14362,5
2021-01-25,Industrials,0.14362,0.22625250000000002,5
2021-01-26,Industrials,0.22625250000000002,0.21421624060150374,5
2021-01-27,Industrials,0.21421624060150374,0.06973420289855073,5
2021-01-28,Industrials,0.06973420289855073,0.11718350000000002,5
2021-01-29,Industrials,0.11718350000000002,0.10917833333333334,5
2021-02-01,Industrials,0.10917833333333334,-0.15637542857142855,5
2021-02-02,Industrials,-0.15637542857142855,-0.06975884615384616,5
2021-02-03,Industrials,-0.06975884615384616,0.08577615384615384,5
2021-02-04,Industrials,0.08577615384615384,0.14103615384615384,5
2021-02-05,Industrials,0.14103615384615384,-0.009960000000000002,5
2021-02-08,Industrials,-0.009960000000000002,0.20295904761904762,5
2021-02-09,Industrials,0.20295904761904762,0.08408666666666667,5
2021-02-10,Industrials,0.08408666666666667,0.11515142857142857,5
2021-02-11,Industrials,0.11515142857142857,-0.027669999999999993,5
2021-02-12,Industrials,-0.027669999999999993,0.22464666666666666,5
2021-02-16,Industrials,0.22464666666666666,-0.15983285714285714,5
2021-02-17,Industrials,-0.15983285714285714,-0.041652857142857144,5
2021-02-18,Industrials,-0.041652857142857144,0.08548428571428571,5
2021-02-19,Industrials,0.08548428571428571,0.16968133333333335,5
2021-02-22,Industrials,0.16968133333333335,0.08044333333333334,5
2021-02-23,Industrials,0.08044333333333334,0.09949333333333332,5
2021-02-24,Industrials,0.09949333333333332,-0.08522166666666668,5
2021-02-25,Industrials,-0.08522166666666668,0.11347888888888888,5
2021-02-26,Industrials,0.11347888888888888,0.09814166666666667,5
2021-03-01,Industrials,0.09814166666666667,-0.04536500000000001,5
2021-03-02,Industrials,-0.04536500000000001,-0.09616,5
2021-03-03,Industrials,-0.09616,0.03332714285714286,5
2021-03-04,Industrials,0.03332714285714286,0.08532500000000001,5
2021-03-05,Industrials,0.08532500000000001,0.03994285714285715,5
2021-03-08,Industrials,0.03994285714285715,0.12299833333333332,5
2021-03-09,Industrials,0.12299833333333332,0.16402333333333333,5
2021-03-10,Industrials,0.16402333333333333,0.06894615384615385,5
2021-03-11,Industrials,0.06894615384615385,0.24921733333333332,5
2021-03-12,Industrials,0.24921733333333332,0.31282333333333334,5
2021-03-15,Industrials,0.31282333333333334,0.24321333333333336,5
2021-03-16,Industrials,0.24321333333333336,0.14379,5
2021-03-17,Industrials,0.14379,0.04066499999999999,5
2021-03-18,Industrials,0.04066499999999999,-0.09712999999999998,5
2021-03-19,Industrials,-0.09712999999999998,-0.11495,5
2021-03-22,Industrials,-0.11495,0.07047,5
2021-03-23,Industrials,0.07047,0.11825000000000001,5
2021-03-24,Industrials,0.11825000000000001,0.0949933333333333,5
2021-03-25,Industrials,0.0949933333333333,0.04965999999999999,5
2021-03-26,Industrials,0.04965999999999999,-0.018038571428571442,5
2021-03-29,Industrials,-0.018038571428571442,0.192002,5
2021-03-30,Industrials,0.192002,0.26120666666666664,5
2021-03-31,Industrials,0.26120666666666664,0.2513283333333334,5
2021-04-01,Industrials,0.2513283333333334,0.17572333333333331,5
2021-04-05,Industrials,0.17572333333333331,0.261592,5
2021-04-06,Industrials,0.261592,-0.007865,5
2021-04-07,Industrials,-0.007865,0.06357333333333334,5
2021-04-08,Industrials,0.06357333333333334,0.08981333333333333,5
2021-04-09,Industrials,0.08981333333333333,0.18125761904761906,5
2021-04-12,Industrials,0.18125761904761906,0.16821999999999998,5
2021-04-13,Industrials,0.16821999999999998,0.325995,5
2021-04-14,Industrials,0.325995,0.17314166666666667,5
2021-04-15,Industrials,0.17314166666666667,0.340515,5
2021-04-16,Industrials,0.340515,0.09418666666666667,5
2021-04-19,Industrials,0.09418666666666667,0.196787,5
2021-04-20,Industrials,0.196787,0.007821818181818185,5
2021-04-21,Industrials,0.007821818181818185,0.03623666666666666,5
2021-04-22,Industrials,0.03623666666666666,0.07409400000000001,5
2021-04-23,Industrials,0.07409400000000001,0.08455,5
2021-04-26,Industrials,0.08455,0.008293333333333323,5
2021-04-27,Industrials,0.008293333333333323,0.1168425992063492,5
2021-04-28,Industrials,0.1168425992063492,-0.01826757894736842,5
2021-04-29,Industrials,-0.01826757894736842,0.005193461538461541,5
2021-04-30,Industrials,0.005193461538461541,0.04303600000000001,5
2021-05-03,Industrials,0.04303600000000001,0.029850476190476195,5
2021-05-04,Industrials,0.029850476190476195,0.104168,5
2021-05-05,Industrials,0.104168,0.19239699999999998,5
2021-05-06,Industrials,0.19239699999999998,0.25837,5
2021-05-07,Industrials,0.25837,0.07986,5
2021-05-10,Industrials,0.07986,0.23698999999999998,5
2021-05-11,Industrials,0.23698999999999998,0.14259750000000002,5
2021-05-12,Industrials,0.14259750000000002,0.08220857142857144,5
2021-05-13,Industrials,0.08220857142857144,0.03765,5
2021-05-14,Industrials,0.03765,0.05667,5
2021-05-17,Industrials,0.05667,0.14386428571428572,5
2021-05-18,Industrials,0.14386428571428572,0.007116,5
2021-05-19,Industrials,0.007116,0.029969999999999997,5
2021-05-20,Industrials,0.029969999999999997,0.13894,5
2021-05-21,Industrials,0.13894,0.24493,5
2021-05-24,Industrials,0.24493,0.242395,5
2021-05-25,Industrials,0.242395,0.22432,5
2021-05-26,Industrials,0.22432,0.03629666666666666,5
2021-05-27,Industrials,0.03629666666666666,0.07439777777777777,5
2021-05-28,Industrials,0.07439777777777777,0.07224,5
2021-06-01,Industrials,0.07224,0.14226,5
2021-06-02,Industrials,0.14226,0.11981,5
2021-06-03,Industrials,0.11981,0.19714333333333334,5
2021-06-04,Industrials,0.19714333333333334,0.13876,5
2021-06-07,Industrials,0.13876,0.23135500000000003,5
2021-06-08,Industrials,0.23135500000000003,0.18885,5
2021-06-09,Industrials,0.18885,0.09079000000000001,5
2021-06-10,Industrials,0.09079000000000001,0.11079333333333334,5
2021-06-11,Industrials,0.11079333333333334,0.2827,5
2021-06-14,Industrials,0.2827,0.016359999999999996,5
2021-06-15,Industrials,0.016359999999999996,0.05438666666666666,5
2021-06-16,Industrials,0.05438666666666666,0.16980166666666668,5
2021-06-17,Industrials,0.16980166666666668,0.011315,5
2021-06-18,Industrials,0.011315,0.05577000000000001,5
2021-06-21,Industrials,0.05577000000000001,0.11034333333333332,5
2021-06-22,Industrials,0.11034333333333332,-0.04833333333333334,5
2021-06-23,Industrials,-0.04833333333333334,0.07343666666666666,5
2021-06-24,Industrials,0.07343666666666666,0.013486666666666666,5
2021-06-25,Industrials,0.013486666666666666,-0.004709999999999997,5
2021-06-28,Industrials,-0.004709999999999997,0.12365000000000001,5
2021-06-29,Industrials,0.12365000000000001,0.17492000000000002,5
2021-06-30,Industrials,0.17492000000000002,0.08970666666666667,5
2021-07-01,Industrials,0.08970666666666667,0.21637,5
2021-07-02,Industrials,0.21637,0.031610000000000006,5
2021-07-06,Industrials,0.031610000000000006,0.09309999999999999,5
2021-07-07,Industrials,0.09309999999999999,0.12718666666666667,5
2021-07-08,Industrials,0.12718666666666667,0.11898666666666666,5
2021-07-09,Industrials,0.11898666666666666,0.04166,5
2021-07-12,Industrials,0.04166,0.16555999999999998,5
2021-07-13,Industrials,0.16555999999999998,-0.08556,5
2021-07-14,Industrials,-0.08556,0.04404,5
2021-07-15,Industrials,0.04404,0.0,5
2021-07-16,Industrials,0.0,0.07506,5
2021-07-19,Industrials,0.07506,0.05038142857142856,5
2021-07-20,Industrials,0.05038142857142856,0.058589999999999996,5
2021-07-21,Industrials,0.058589999999999996,0.059250000000000004,5
2021-07-22,Industrials,0.059250000000000004,0.07470500000000001,5
2021-07-23,Industrials,0.07470500000000001,0.07255500000000001,5
2021-07-26,Industrials,0.07255500000000001,0.004503333333333337,5
2021-07-27,Industrials,0.004503333333333337,0.09721650793650795,5
2021-07-28,Industrials,0.09721650793650795,0.1960088888888889,5
2021-07-29,Industrials,0.1960088888888889,0.13418222222222223,5
2021-07-30,Industrials,0.13418222222222223,0.07819422222222223,5
2021-08-02,Industrials,0.07819422222222223,0.08247333333333333,5
2021-08-03,Industrials,0.08247333333333333,0.06224333333333333,5
2021-08-04,Industrials,0.06224333333333333,0.11500999999999999,5
2021-08-05,Industrials,0.11500999999999999,0.141575,5
2021-08-06,Industrials,0.141575,0.080815,5
2021-08-09,Industrials,0.080815,0.16862333333333335,5
2021-08-10,Industrials,0.16862333333333335,0.07560333333333333,5
2021-08-11,Industrials,0.07560333333333333,-0.06555400000000002,5
2021-08-12,Industrials,-0.06555400000000002,-0.11466000000000001,5
2021-08-13,Industrials,-0.11466000000000001,-0.03735,5
2021-08-16,Industrials,-0.03735,0.04722499999999998,5
2021-08-17,Industrials,0.04722499999999998,0.16373500000000002,5
2021-08-18,Industrials,0.16373500000000002,-0.025280000000000014,5
2021-08-19,Industrials,-0.025280000000000014,-0.06124,5
2021-08-20,Industrials,-0.06124,-0.03437,5
2021-08-23,Industrials,-0.03437,0.10855333333333332,5
2021-08-24,Industrials,0.10855333333333332,0.2178,5
2021-08-25,Industrials,0.2178,0.17446,5
2021-08-26,Industrials,0.17446,0.0,5
2021-08-27,Industrials,0.0,0.09516166666666666,5
2021-08-30,Industrials,0.09516166666666666,0.09005166666666667,5
2021-08-31,Industrials,0.09005166666666667,0.21680166666666664,5
2021-09-01,Industrials,0.21680166666666664,0.111595,5
2021-09-02,Industrials,0.111595,0.05753499999999999,5
2021-09-03,Industrials,0.05753499999999999,0.09151000000000001,5
2021-09-07,Industrials,0.09151000000000001,0.159808,5
2021-09-08,Industrials,0.159808,0.23692666666666665,5
2021-09-09,Industrials,0.23692666666666665,0.15674,5
2021-09-10,Industrials,0.15674,-0.06211,5
2021-09-13,Industrials,-0.06211,0.060873333333333335,5
2021-09-14,Industrials,0.060873333333333335,0.019733333333333332,5
2021-09-15,Industrials,0.019733333333333332,-0.00662666666666667,5
2021-09-16,Industrials,-0.00662666666666667,0.04652666666666666,5
2021-09-17,Industrials,0.04652666666666666,0.019733333333333332,5
2021-09-20,Industrials,0.019733333333333332,-0.002529999999999993,5
2021-09-21,Industrials,-0.002529999999999993,-0.02263,5
2021-09-22,Industrials,-0.02263,0.029360000000000004,5
2021-09-23,Industrials,0.029360000000000004,0.26409333333333335,5
2021-09-24,Industrials,0.26409333333333335,0.07972333333333334,5
2021-09-27,Industrials,0.07972333333333334,0.042776,5
2021-09-28,Industrials,0.042776,0.10014266666666667,5
2021-09-29,Industrials,0.10014266666666667,0.15802266666666664,5
2021-09-30,Industrials,0.15802266666666664,0.13180666666666668,5
2021-10-01,Industrials,0.13180666666666668,0.15698666666666666,5
2021-10-04,Industrials,0.15698666666666666,0.096746,5
2021-10-05,Industrials,0.096746,0.019733333333333332,5
2021-10-06,Industrials,0.019733333333333332,-0.14342100000000002,5
2021-10-07,Industrials,-0.14342100000000002,-0.100486,5
2021-10-08,Industrials,-0.100486,-0.061316000000000016,5
2021-10-11,Industrials,-0.061316000000000016,0.4366,5
2021-10-12,Industrials,0.4366,0.29122,5
2021-10-13,Industrials,0.29122,0.0965,5
2021-10-14,Industrials,0.0965,0.15963,5
2021-10-15,Industrials,0.15963,0.228335,5
2021-10-18,Industrials,0.228335,0.12445333333333333,5
2021-10-19,Industrials,0.12445333333333333,0.08896,5
2021-10-20,Industrials,0.08896,0.0294,5
2021-10-21,Industrials,0.0294,0.05244000000000001,5
2021-10-22,Industrials,0.05244000000000001,0.18987,5
2021-10-25,Industrials,0.18987,0.030143333333333345,5
2021-10-26,Industrials,0.030143333333333345,0.05543866666666666,5
2021-10-27,Industrials,0.05543866666666666,0.011033333333333329,5
2021-10-28,Industrials,0.011033333333333329,0.12058981818181817,5
2021-10-29,Industrials,0.12058981818181817,0.011770000000000001,5
2021-11-01,Industrials,0.011770000000000001,0.041550000000000004,5
2021-11-02,Industrials,0.041550000000000004,0.032240000000000005,5
2021-11-03,Industrials,0.032240000000000005,0.02863,5
2021-11-04,Industrials,0.02863,-0.024639999999999995,5
2021-11-05,Industrials,-0.024639999999999995,0.21543333333333337,5
2021-11-08,Industrials,0.21543333333333337,0.019363333333333333,5
2021-11-09,Industrials,0.019363333333333333,0.2245775,5
2021-11-10,Industrials,0.2245775,-0.0963516666666667,5
2021-11-11,Industrials,-0.0963516666666667,0.163415,5
2021-11-12,Industrials,0.163415,0.27281,5
2021-11-15,Industrials,0.27281,0.22657500000000003,5
2021-11-16,Industrials,0.22657500000000003,0.070465,5
2021-11-17,Industrials,0.070465,0.07259333333333333,5
2021-11-18,Industrials,0.07259333333333333,0.12729333333333331,5
2021-11-19,Industrials,0.12729333333333331,0.0066500000000000005,5
2021-11-22,Industrials,0.0066500000000000005,0.091125,5
2021-11-23,Industrials,0.091125,0.14454,5
2021-11-24,Industrials,0.14454,0.04576,5
2021-11-26,Industrials,0.04576,0.016,5
2021-11-29,Industrials,0.016,0.02026,5
2021-11-30,Industrials,0.02026,0.04284666666666667,5
2021-12-01,Industrials,0.04284666666666667,-0.08699,5
2021-12-02,Industrials,-0.08699,-0.0025499999999999993,5
2021-12-03,Industrials,-0.0025499999999999993,0.12738,5
2021-12-06,Industrials,0.12738,0.12649733333333332,5
2021-12-07,Industrials,0.12649733333333332,0.13554,5
2021-12-08,Industrials,0.13554,-0.020325,5
2021-12-09,Industrials,-0.020325,0.12252999999999999,5
2021-12-10,Industrials,0.12252999999999999,0.10919666666666668,5
2021-12-13,Industrials,0.10919666666666668,-0.021665,5
2021-12-14,Industrials,-0.021665,0.10634999999999999,5
2021-12-15,Industrials,0.10634999999999999,0.07432444444444444,5
2021-12-16,Industrials,0.07432444444444444,-0.04546833333333333,5
2021-12-17,Industrials,-0.04546833333333333,0.012816285714285716,5
2021-12-20,Industrials,0.012816285714285716,0.009119999999999994,5
2021-12-21,Industrials,0.009119999999999994,-0.040374666666666684,5
2021-12-22,Industrials,-0.040374666666666684,0.18758333333333335,5
2021-12-23,Industrials,0.18758333333333335,0.04358533333333333,5
2021-12-27,Industrials,0.04358533333333333,0.19772533333333336,5
2021-12-28,Industrials,0.19772533333333336,0.13264700000000001,5
2021-12-29,Industrials,0.13264700000000001,0.18997,5
2021-12-30,Industrials,0.18997,0.19578,5
2021-12-31,Industrials,0.19578,0.0843,5
2022-01-03,Industrials,0.0843,0.24409,5
2022-01-04,Industrials,0.24409,0.20781999999999998,5
2022-01-05,Industrials,0.20781999999999998,0.10925333333333334,5
2022-01-06,Industrials,0.10925333333333334,0.08702333333333334,5
2022-01-07,Industrials,0.08702333333333334,0.049072000000000005,5
2022-01-10,Industrials,0.049072000000000005,0.1759342857142857,5
2022-01-11,Industrials,0.1759342857142857,0.18156599999999998,5
2022-01-12,Industrials,0.18156599999999998,0.19689833333333334,5
2022-01-13,Industrials,0.19689833333333334,0.10727166666666665,5
2022-01-14,Industrials,0.10727166666666665,0.19151555555555555,5
2022-01-18,Industrials,0.19151555555555555,0.06016871794871794,5
2022-01-19,Industrials,0.06016871794871794,0.060601333333333327,5
2022-01-20,Industrials,0.060601333333333327,0.16089933333333334,5
2022-01-21,Industrials,0.16089933333333334,0.07250933333333333,5
2022-01-24,Industrials,0.07250933333333333,0.149028,5
2022-01-25,Industrials,0.149028,0.10396616892911012,5
2022-01-26,Industrials,0.10396616892911012,0.0696772463768116,5
2022-01-27,Industrials,0.0696772463768116,0.14601899999999998,5
2022-01-28,Industrials,0.14601899999999998,0.13968975,5
2022-01-31,Industrials,0.13968975,0.16289916666666665,5
2022-02-01,Industrials,0.16289916666666665,0.06537789473684211,5
2022-02-02,Industrials,0.06537789473684211,0.16695833333333332,5
2022-02-03,Industrials,0.16695833333333332,0.151677,5
2022-02-04,Industrials,0.151677,0.38427500000000003,5
2022-02-07,Industrials,0.38427500000000003,0.34019999999999995,5
2022-02-08,Industrials,0.34019999999999995,0.006915555555555552,5
2022-02-09,Industrials,0.006915555555555552,0.013679999999999998,5
2022-02-10,Industrials,0.013679999999999998,0.022134,5
2022-02-11,Industrials,0.022134,0.08159666666666668,5
2022-02-14,Industrials,0.08159666666666668,-0.09590583333333333,5
2022-02-15,Industrials,-0.09590583333333333,0.03958166666666667,5
2022-02-16,Industrials,0.03958166666666667,-0.018832142857142853,5
2022-02-17,Industrials,-0.018832142857142853,0.075283,5
2022-02-18,Industrials,0.075283,0.030375000000000003,5
2022-02-22,Industrials,0.030375000000000003,0.08237749999999999,5
2022-02-23,Industrials,0.08237749999999999,-0.06950999999999999,5
2022-02-24,Industrials,-0.06950999999999999,0.04623666666666667,5
2022-02-25,Industrials,0.04623666666666667,0.025743333333333333,5
2022-02-28,Industrials,0.025743333333333333,0.145776,5
2022-03-01,Industrials,0.145776,0.13415733333333332,5
2022-03-02,Industrials,0.13415733333333332,0.12056866666666669,5
2022-03-03,Industrials,0.12056866666666669,0.16155333333333333,5
2022-03-04,Industrials,0.16155333333333333,0.13381666666666664,5
2022-03-07,Industrials,0.13381666666666664,0.14003333333333334,5
2022-03-08,Industrials,0.14003333333333334,-0.010996666666666665,5
2022-03-09,Industrials,-0.010996666666666665,0.12756857142857142,5
2022-03-10,Industrials,0.12756857142857142,-0.03280285714285714,5
2022-03-11,Industrials,-0.03280285714285714,0.11408,5
2022-03-14,Industrials,0.11408,0.26374749999999997,5
2022-03-15,Industrials,0.26374749999999997,0.17779333333333333,5
2022-03-16,Industrials,0.17779333333333333,0.043872857142857144,5
2022-03-17,Industrials,0.043872857142857144,0.15704636363636362,5
2022-03-18,Industrials,0.15704636363636362,0.07638282051282051,5
2022-03-21,Industrials,0.07638282051282051,0.030477999999999995,5
2022-03-22,Industrials,0.030477999999999995,-0.06732666666666667,5
2022-03-23,Industrials,-0.06732666666666667,-0.01898333333333333,5
2022-03-24,Industrials,-0.01898333333333333,-0.10988571428571428,5
2022-03-25,Industrials,-0.10988571428571428,0.11622166666666664,5
2022-03-28,Industrials,0.11622166666666664,0.17419333333333334,5
2022-03-29,Industrials,0.17419333333333334,0.12603266666666668,5
2022-03-30,Industrials,0.12603266666666668,0.37058222222222226,5
2022-03-31,Industrials,0.37058222222222226,0.20839333333333335,5
2022-04-01,Industrials,0.20839333333333335,-0.008604000000000002,5
2022-04-04,Industrials,-0.008604000000000002,0.150995,5
2022-04-05,Industrials,0.150995,0.025967619047619052,5
2022-04-06,Industrials,0.025967619047619052,0.10770199999999999,5
2022-04-07,Industrials,0.10770199999999999,0.05160285714285714,5
2022-04-08,Industrials,0.05160285714285714,0.01513,5
2022-04-11,Industrials,0.01513,0.07996222222222223,5
2022-04-12,Industrials,0.07996222222222223,0.06599066666666667,5
2022-04-13,Industrials,0.06599066666666667,0.11536666666666666,5
2022-04-14,Industrials,0.11536666666666666,0.07676000000000001,5
2022-04-18,Industrials,0.07676000000000001,0.09792000000000001,5
2022-04-19,Industrials,0.09792000000000001,0.025941333333333334,5
2022-04-20,Industrials,0.025941333333333334,0.10845400000000001,5
2022-04-21,Industrials,0.10845400000000001,0.1997,5
2022-04-22,Industrials,0.1997,-0.08736000000000001,5
2022-04-25,Industrials,-0.08736000000000001,0.14896285714285712,5
2022-04-26,Industrials,0.14896285714285712,-0.012723965367965365,5
2022-04-27,Industrials,-0.012723965367965365,0.051880454545454535,5
2022-04-28,Industrials,0.051880454545454535,0.05033071428571427,5
2022-04-29,Industrials,0.05033071428571427,0.2221973333333333,5
2022-05-02,Industrials,0.2221973333333333,0.057664666666666656,5
2022-05-03,Industrials,0.057664666666666656,0.20964666666666668,5
2022-05-04,Industrials,0.20964666666666668,0.11836666666666666,5
2022-05-05,Industrials,0.11836666666666666,0.0011606666666666653,5
2022-05-06,Industrials,0.0011606666666666653,0.077624,5
2022-05-09,Industrials,0.077624,0.13314149999999997,5
2022-05-10,Industrials,0.13314149999999997,0.13055166666666668,5
2022-05-11,Industrials,0.13055166666666668,0.0881952380952381,5
2022-05-12,Industrials,0.0881952380952381,0.17373333333333335,5
2022-05-13,Industrials,0.17373333333333335,0.09239266666666665,5
2022-05-16,Industrials,0.09239266666666665,0.137495,5
2022-05-17,Industrials,0.137495,0.11529199999999999,5
2022-05-18,Industrials,0.11529199999999999,-0.008426666666666662,5
2022-05-19,Industrials,-0.008426666666666662,0.22133000000000003,5
2022-05-20,Industrials,0.22133000000000003,0.10857944444444445,5
2022-05-23,Industrials,0.10857944444444445,0.13944666666666666,5
2022-05-24,Industrials,0.13944666666666666,0.40959466666666666,5
2022-05-25,Industrials,0.40959466666666666,0.208432,5
2022-05-26,Industrials,0.208432,0.2650100000000001,5
2022-05-27,Industrials,0.2650100000000001,0.12723666666666666,5
2022-05-31,Industrials,0.12723666666666666,0.298388,5
2022-06-01,Industrials,0.298388,0.245894,5
2022-06-02,Industrials,0.245894,0.08414266666666667,5
2022-06-03,Industrials,0.08414266666666667,0.12990666666666667,5
2022-06-06,Industrials,0.12990666666666667,0.039518666666666674,5
2022-06-07,Industrials,0.039518666666666674,0.32036000000000003,5
2022-06-08,Industrials,0.32036000000000003,0.13089,5
2022-06-09,Industrials,0.13089,0.21109383333333334,5
2022-06-10,Industrials,0.21109383333333334,0.158853,5
2022-06-13,Industrials,0.158853,-0.012410000000000004,5
2022-06-14,Industrials,-0.012410000000000004,0.18406466666666665,5
2022-06-15,Industrials,0.18406466666666665,0.16577,5
2022-06-16,Industrials,0.16577,0.07423400000000001,5
2022-06-17,Industrials,0.07423400000000001,0.21332,5
2022-06-21,Industrials,0.21332,0.18726833333333331,5
2022-06-22,Industrials,0.18726833333333331,-0.030042777777777797,5
2022-06-23,Industrials,-0.030042777777777797,0.130004,5
2022-06-24,Industrials,0.130004,0.0032333333333333324,5
2022-06-27,Industrials,0.0032333333333333324,0.12119071428571429,5
2022-06-28,Industrials,0.12119071428571429,0.03510571428571428,5
2022-06-29,Industrials,0.03510571428571428,0.17250666666666667,5
2022-06-30,Industrials,0.17250666666666667,0.26405333333333336,5
2022-07-01,Industrials,0.26405333333333336,0.18412,5
2022-07-05,Industrials,0.18412,0.294865,5
2022-07-06,Industrials,0.294865,0.153915,5
2022-07-07,Industrials,0.153915,0.0772725,5
2022-07-08,Industrials,0.0772725,0.13131500000000002,5
2022-07-11,Industrials,0.13131500000000002,0.17235166666666665,5
2022-07-12,Industrials,0.17235166666666665,0.125746,5
2022-07-13,Industrials,0.125746,0.18887666666666666,5
2022-07-14,Industrials,0.18887666666666666,0.14362333333333333,5
2022-07-15,Industrials,0.14362333333333333,-0.01765333333333333,5
2022-07-18,Industrials,-0.01765333333333333,0.05772900000000001,5
2022-07-19,Industrials,0.05772900000000001,0.09185,5
2022-07-20,Industrials,0.09185,0.0889392857142857,5
2022-07-21,Industrials,0.0889392857142857,0.018402619047619053,5
2022-07-22,Industrials,0.018402619047619053,0.05326500000000001,5
2022-07-25,Industrials,0.05326500000000001,0.04547071428571429,5
2022-07-26,Industrials,0.04547071428571429,0.1322549603174603,5
2022-07-27,Industrials,0.1322549603174603,0.03467607142857143,5
2022-07-28,Industrials,0.03467607142857143,0.07581833333333335,5
2022-07-29,Industrials,0.07581833333333335,0.1591797619047619,5
2022-08-01,Industrials,0.1591797619047619,0.19387400000000002,5
2022-08-02,Industrials,0.19387400000000002,0.025574230769230776,5
2022-08-03,Industrials,0.025574230769230776,0.08662756410256411,5
2022-08-04,Industrials,0.08662756410256411,0.07033423076923077,5
2022-08-05,Industrials,0.07033423076923077,0.11379000000000002,5
2022-08-08,Industrials,0.11379000000000002,0.176045,5
2022-08-09,Industrials,0.176045,-0.00027499999999999747,5
2022-08-10,Industrials,-0.00027499999999999747,0.13518666666666668,5
2022-08-11,Industrials,0.13518666666666668,0.11937000000000002,5
2022-08-12,Industrials,0.11937000000000002,0.1620616666666667,5
2022-08-15,Industrials,0.1620616666666667,0.284105,5
2022-08-16,Industrials,0.284105,-0.10609499999999998,5
2022-08-17,Industrials,-0.10609499999999998,0.041675000000000004,5
2022-08-18,Industrials,0.041675000000000004,0.05535833333333336,5
2022-08-19,Industrials,0.05535833333333336,0.10268833333333334,5
2022-08-22,Industrials,0.10268833333333334,0.17790595238095236,5
2022-08-23,Industrials,0.17790595238095236,0.207645,5
2022-08-24,Industrials,0.207645,0.108235,5
2022-08-25,Industrials,0.108235,0.19941499999999998,5
2022-08-26,Industrials,0.19941499999999998,0.04550166666666666,5
2022-08-29,Industrials,0.04550166666666666,0.029577,5
2022-08-30,Industrials,0.029577,0.16155,5
2022-08-31,Industrials,0.16155,0.17277166666666666,5
2022-09-01,Industrials,0.17277166666666666,0.20045000000000002,5
2022-09-02,Industrials,0.20045000000000002,0.11407166666666665,5
2022-09-06,Industrials,0.11407166666666665,0.20808433333333332,5
2022-09-07,Industrials,0.20808433333333332,0.105345,5
2022-09-08,Industrials,0.105345,0.02408166666666669,5
2022-09-09,Industrials,0.02408166666666669,-0.07408499999999998,5
2022-09-12,Industrials,-0.07408499999999998,0.013616000000000027,5
2022-09-13,Industrials,0.013616000000000027,0.26906,5
2022-09-14,Industrials,0.26906,0.10468000000000002,5
2022-09-15,Industrials,0.10468000000000002,-0.042245,5
2022-09-16,Industrials,-0.042245,0.0889014705882353,5
2022-09-19,Industrials,0.0889014705882353,0.1959461904761905,5
2022-09-20,Industrials,0.1959461904761905,0.12763833333333335,5
2022-09-21,Industrials,0.12763833333333335,0.07786833333333334,5
2022-09-22,Industrials,0.07786833333333334,0.004417666666666676,5
2022-09-23,Industrials,0.004417666666666676,0.09360100000000002,5
2022-09-26,Industrials,0.09360100000000002,0.018480000000000003,5
2022-09-27,Industrials,0.018480000000000003,-0.02120499999999999,5
2022-09-28,Industrials,-0.02120499999999999,-0.04326333333333332,5
2022-09-29,Industrials,-0.04326333333333332,0.064705,5
2022-09-30,Industrials,0.064705,0.10702500000000001,5
2022-10-03,Industrials,0.10702500000000001,0.24616500000000002,5
2022-10-04,Industrials,0.24616500000000002,0.05547500000000001,5
2022-10-05,Industrials,0.05547500000000001,0.28889833333333337,5
2022-10-06,Industrials,0.28889833333333337,0.198075,5
2022-10-07,Industrials,0.198075,0.03556,5
2022-10-10,Industrials,0.03556,0.15619833333333336,5
2022-10-11,Industrials,0.15619833333333336,0.262005,5
2022-10-12,Industrials,0.262005,0.328855,5
2022-10-13,Industrials,0.328855,0.098175,5
2022-10-14,Industrials,0.098175,0.118045,5
2022-10-17,Industrials,0.118045,-0.055374999999999994,5
2022-10-18,Industrials,-0.055374999999999994,0.08075,5
2022-10-19,Industrials,0.08075,0.09405666666666666,5
2022-10-20,Industrials,0.09405666666666666,0.15357833333333332,5
2022-10-21,Industrials,0.15357833333333332,0.144565,5
2022-10-24,Industrials,0.144565,0.11866722222222223,5
2022-10-25,Industrials,0.11866722222222223,0.04247657509157508,5
2022-10-26,Industrials,0.04247657509157508,0.04937966666666667,5
2022-10-27,Industrials,0.04937966666666667,0.23558722222222223,5
2022-10-28,Industrials,0.23558722222222223,0.172675,5
2022-10-31,Industrials,0.172675,0.163355,5
2022-11-01,Industrials,0.163355,0.08694500000000001,5
2022-11-02,Industrials,0.08694500000000001,0.095305,5
2022-11-03,Industrials,0.095305,0.006872999999999999,5
2022-11-04,Industrials,0.006872999999999999,0.17694500000000002,5
2022-11-07,Industrials,0.17694500000000002,0.018945000000000004,5
2022-11-08,Industrials,0.018945000000000004,0.071415,5
2022-11-09,Industrials,0.071415,0.103245,5
2022-11-10,Industrials,0.103245,0.09194500000000001,5
2022-11-11,Industrials,0.09194500000000001,0.18095833333333333,5
2022-11-14,Industrials,0.18095833333333333,-0.01503500000000001,5
2022-11-15,Industrials,-0.01503500000000001,-0.025445000000000002,5
2022-11-16,Industrials,-0.025445000000000002,0.107765,5
2022-11-17,Industrials,0.107765,0.11123000000000001,5
2022-11-18,Industrials,0.11123000000000001,0.07087666666666667,5
2022-11-21,Industrials,0.07087666666666667,0.07405833333333334,5
2022-11-22,Industrials,0.07405833333333334,0.16589233333333334,5
2022-11-23,Industrials,0.16589233333333334,0.07246233333333332,5
2022-11-25,Industrials,0.07246233333333332,0.081509,5
2022-11-28,Industrials,0.081509,0.024851000000000005,5
2022-11-29,Industrials,0.024851000000000005,0.138825,5
2022-11-30,Industrials,0.138825,0.12161833333333336,5
2022-12-01,Industrials,0.12161833333333336,0.2531583333333333,5
2022-12-02,Industrials,0.2531583333333333,0.06084633333333335,5
2022-12-05,Industrials,0.06084633333333335,0.07536166666666667,5
2022-12-06,Industrials,0.07536166666666667,-0.098275,5
2022-12-07,Industrials,-0.098275,-0.05239499999999999,5
2022-12-08,Industrials,-0.05239499999999999,0.143335,5
2022-12-09,Industrials,0.143335,0.166225,5
2022-12-12,Industrials,0.166225,-0.010188333333333332,5
2022-12-13,Industrials,-0.010188333333333332,0.21446833333333334,5
2022-12-14,Industrials,0.21446833333333334,0.26880500000000007,5
2022-12-15,Industrials,0.26880500000000007,0.245709,5
2022-12-16,Industrials,0.245709,0.011557000000000001,5
2022-12-19,Industrials,0.011557000000000001,0.177195,5
2022-12-20,Industrials,0.177195,0.113895,5
2022-12-21,Industrials,0.113895,0.37318595238095237,5
2022-12-22,Industrials,0.37318595238095237,0.14201166666666667,5
2022-12-23,Industrials,0.14201166666666667,0.069015,5
2022-12-27,Industrials,0.069015,0.13105,5
2022-12-28,Industrials,0.13105,0.10444666666666666,5
2022-12-29,Industrials,0.10444666666666666,0.07344666666666667,5
2022-12-30,Industrials,0.07344666666666667,0.13947500000000002,5
2023-01-03,Industrials,0.13947500000000002,0.08127033333333335,5
2023-01-04,Industrials,0.08127033333333335,0.12756166666666666,5
2023-01-05,Industrials,0.12756166666666666,0.150315,5
2023-01-06,Industrials,0.150315,0.11940500000000001,5
2023-01-09,Industrials,0.11940500000000001,0.19071,5
2023-01-10,Industrials,0.19071,0.17614214285714286,5
2023-01-11,Industrials,0.17614214285714286,0.05206214285714287,5
2023-01-12,Industrials,0.05206214285714287,0.11966666666666667,5
2023-01-13,Industrials,0.11966666666666667,0.056605000000000016,5
2023-01-17,Industrials,0.056605000000000016,0.23484,5
2023-01-18,Industrials,0.23484,-0.07681,5
2023-01-19,Industrials,-0.07681,0.069675,5
2023-01-20,Industrials,0.069675,0.015785000000000007,5
2023-01-23,Industrials,0.015785000000000007,0.20674585714285715,5
2023-01-24,Industrials,0.20674585714285715,0.052128333333333346,5
2023-01-25,Industrials,0.052128333333333346,0.12745833333333334,5
2023-01-26,Industrials,0.12745833333333334,0.04408357142857143,5
2023-01-27,Industrials,0.04408357142857143,0.1424402380952381,5
2023-01-30,Industrials,0.1424402380952381,0.013689000000000002,5
2023-01-31,Industrials,0.013689000000000002,0.12217052941176472,5
2023-02-01,Industrials,0.12217052941176472,0.095025,5
2023-02-02,Industrials,0.095025,0.153005,5
2023-02-03,Industrials,0.153005,0.24727000000000002,5
2023-02-06,Industrials,0.24727000000000002,0.17438833333333334,5
2023-02-07,Industrials,0.17438833333333334,0.011748333333333338,5
2023-02-08,Industrials,0.011748333333333338,0.17912166666666665,5
2023-02-09,Industrials,0.17912166666666665,0.10508833333333334,5
2023-02-10,Industrials,0.10508833333333334,0.07514499999999999,5
2023-02-13,Industrials,0.07514499999999999,0.088315,5
2023-02-14,Industrials,0.088315,0.11109433333333334,5
2023-02-15,Industrials,0.11109433333333334,0.07809100000000001,5
2023-02-16,Industrials,0.07809100000000001,0.13994,5
2023-02-17,Industrials,0.13994,0.035565,5
2023-02-21,Industrials,0.035565,0.21468199999999998,5
2023-02-22,Industrials,0.21468199999999998,0.018945000000000004,5
2023-02-23,Industrials,0.018945000000000004,0.137735,5
2023-02-24,Industrials,0.137735,0.09026833333333334,5
2023-02-27,Industrials,0.09026833333333334,0.08983,5
2023-02-28,Industrials,0.08983,0.19260166666666664,5
2023-03-01,Industrials,0.19260166666666664,0.04946785714285715,5
2023-03-02,Industrials,0.04946785714285715,0.2643935714285714,5
2023-03-03,Industrials,0.2643935714285714,0.11688833333333334,5
2023-03-06,Industrials,0.11688833333333334,0.17968500000000004,5
2023-03-07,Industrials,0.17968500000000004,0.24396833333333334,5
2023-03-08,Industrials,0.24396833333333334,0.16701833333333332,5
2023-03-09,Industrials,0.16701833333333332,0.10016500000000002,5
2023-03-10,Industrials,0.10016500000000002,0.12178928571428571,5
2023-03-13,Industrials,0.12178928571428571,0.15142100000000003,5
2023-03-14,Industrials,0.15142100000000003,0.222031,5
2023-03-15,Industrials,0.222031,0.06532500000000001,5
2023-03-16,Industrials,0.06532500000000001,0.271025,5
2023-03-17,Industrials,0.271025,0.08976500000000001,5
2023-03-20,Industrials,0.08976500000000001,0.09814166666666668,5
2023-03-21,Industrials,0.09814166666666668,0.213675,5
2023-03-22,Industrials,0.213675,0.14413499999999999,5
2023-03-23,Industrials,0.14413499999999999,0.096985,5
2023-03-24,Industrials,0.096985,0.09153166666666668,5
2023-03-27,Industrials,0.09153166666666668,0.170185,5
2023-03-28,Industrials,0.170185,0.13305,5
2023-03-29,Industrials,0.13305,0.06876000000000002,5
2023-03-30,Industrials,0.06876000000000002,0.18725666666666668,5
2023-03-31,Industrials,0.18725666666666668,0.07369833333333334,5
2023-04-03,Industrials,0.07369833333333334,0.11208,5
2023-04-04,Industrials,0.11208,0.09263857142857143,5
2023-04-05,Industrials,0.09263857142857143,0.08806333333333334,5
2023-04-06,Industrials,0.08806333333333334,0.063549,5
2023-04-10,Industrials,0.063549,0.1483775,5
2023-04-11,Industrials,0.1483775,0.0024316666666666653,5
2023-04-12,Industrials,0.0024316666666666653,0.08187766666666665,5
2023-04-13,Industrials,0.08187766666666665,0.198285,5
2023-04-14,Industrials,0.198285,0.14443666666666669,5
2023-04-17,Industrials,0.14443666666666669,0.11282700000000001,5
2023-04-18,Industrials,0.11282700000000001,0.035375000000000004,5
2023-04-19,Industrials,0.035375000000000004,0.11901500000000001,5
2023-04-20,Industrials,0.11901500000000001,0.020601000000000008,5
2023-04-21,Industrials,0.020601000000000008,0.145753,5
2023-04-24,Industrials,0.145753,0.07817416666666667,5
2023-04-25,Industrials,0.07817416666666667,0.052765268620268625,5
2023-04-26,Industrials,0.052765268620268625,0.15243982142857146,5
2023-04-27,Industrials,0.15243982142857146,0.09220500000000001,5
2023-04-28,Industrials,0.09220500000000001,0.07586166666666666,5
2023-05-01,Industrials,0.07586166666666666,0.12525,5
2023-05-02,Industrials,0.12525,0.10256500000000002,5
2023-05-03,Industrials,0.10256500000000002,0.12076166666666666,5
2023-05-04,Industrials,0.12076166666666666,0.32016333333333336,5
2023-05-05,Industrials,0.32016333333333336,-0.151195,5
2023-05-08,Industrials,-0.151195,0.10101166666666668,5
2023-05-09,Industrials,0.10101166666666668,0.24496166666666666,5
2023-05-10,Industrials,0.24496166666666666,0.1401816666666667,5
2023-05-11,Industrials,0.1401816666666667,0.08610500000000001,5
2023-05-12,Industrials,0.08610500000000001,0.074385,5
2023-05-15,Industrials,0.074385,0.13356833333333334,5
2023-05-16,Industrials,0.13356833333333334,0.08406,5
2023-05-17,Industrials,0.08406,0.08552499999999999,5
2023-05-18,Industrials,0.08552499999999999,0.033745000000000004,5
2023-05-19,Industrials,0.033745000000000004,0.09470500000000001,5
2023-05-22,Industrials,0.09470500000000001,0.18009761904761906,5
2023-05-23,Industrials,0.18009761904761906,0.16347261904761906,5
2023-05-24,Industrials,0.16347261904761906,0.13696261904761903,5
2023-05-25,Industrials,0.13696261904761903,0.15381833333333333,5
2023-05-26,Industrials,0.15381833333333333,0.13732166666666668,5
2023-05-30,Industrials,0.13732166666666668,0.08836833333333334,5
2023-05-31,Industrials,0.08836833333333334,0.10200500000000001,5
2023-06-01,Industrials,0.10200500000000001,0.12569566666666668,5
2023-06-02,Industrials,0.12569566666666668,0.13604285714285713,5
2023-06-05,Industrials,0.13604285714285713,0.09705928571428572,5
2023-06-06,Industrials,0.09705928571428572,0.27081928571428576,5
2023-06-07,Industrials,0.27081928571428576,0.15292500000000003,5
2023-06-08,Industrials,0.15292500000000003,0.11375833333333334,5
2023-06-09,Industrials,0.11375833333333334,0.002513333333333334,5
2023-06-12,Industrials,0.002513333333333334,0.14039,5
2023-06-13,Industrials,0.14039,0.095445,5
2023-06-14,Industrials,0.095445,0.13858200000000004,5
2023-06-15,Industrials,0.13858200000000004,0.09734333333333334,5
2023-06-16,Industrials,0.09734333333333334,0.111505,5
2023-06-20,Industrials,0.111505,0.11725824675324677,5
2023-06-21,Industrials,0.11725824675324677,-0.06394995238095239,5
2023-06-22,Industrials,-0.06394995238095239,0.04879500000000001,5
2023-06-23,Industrials,0.04879500000000001,0.08354500000000001,5
2023-06-26,Industrials,0.08354500000000001,0.17626214285714287,5
2023-06-27,Industrials,0.17626214285714287,0.08024166666666667,5
2023-06-28,Industrials,0.08024166666666667,0.05902500000000001,5
2023-06-29,Industrials,0.05902500000000001,0.06661500000000001,5
2023-06-30,Industrials,0.06661500000000001,0.142295,5
2023-07-03,Industrials,0.142295,0.11226933333333333,5
2023-07-05,Industrials,0.11226933333333333,0.22148638461538464,5
2023-07-06,Industrials,0.22148638461538464,0.069497,5
2023-07-07,Industrials,0.069497,-0.019669999999999993,5
2023-07-10,Industrials,-0.019669999999999993,0.07092976190476191,5
2023-07-11,Industrials,0.07092976190476191,0.144291,5
2023-07-12,Industrials,0.144291,0.03229833333333333,5
2023-07-13,Industrials,0.03229833333333333,0.10392833333333333,5
2023-07-14,Industrials,0.10392833333333333,0.05494000000000001,5
2023-07-17,Industrials,0.05494000000000001,0.029675000000000007,5
2023-07-18,Industrials,0.029675000000000007,0.15670833333333334,5
2023-07-19,Industrials,0.15670833333333334,0.16460000000000002,5
2023-07-20,Industrials,0.16460000000000002,0.03339357142857143,5
2023-07-21,Industrials,0.03339357142857143,0.06845000000000001,5
2023-07-24,Industrials,0.06845000000000001,0.19821999999999998,5
2023-07-25,Industrials,0.19821999999999998,0.04101744283121598,5
2023-07-26,Industrials,0.04101744283121598,-0.044911166666666655,5
2023-07-27,Industrials,-0.044911166666666655,0.179759,5
2023-07-28,Industrials,0.179759,-0.022379999999999997,5
2023-07-31,Industrials,-0.022379999999999997,0.09290291304347827,5
2023-08-01,Industrials,0.09290291304347827,0.0885496153846154,5
2023-08-02,Industrials,0.0885496153846154,0.09618341176470588,5
2023-08-03,Industrials,0.09618341176470588,0.09910000000000001,5
2023-08-04,Industrials,0.09910000000000001,0.13404166666666667,5
2023-08-07,Industrials,0.13404166666666667,0.059457,5
2023-08-08,Industrials,0.059457,0.089172,5
2023-08-09,Industrials,0.089172,0.15722033333333335,5
2023-08-10,Industrials,0.15722033333333335,0.056357000000000004,5
2023-08-11,Industrials,0.056357000000000004,0.06141800000000001,5
2023-08-14,Industrials,0.06141800000000001,0.1131,5
2023-08-15,Industrials,0.1131,0.144715,5
2023-08-16,Industrials,0.144715,0.19884,5
2023-08-17,Industrials,0.19884,0.024033571428571432,5
2023-08-18,Industrials,0.024033571428571432,-0.08193500000000001,5
2023-08-21,Industrials,-0.08193500000000001,0.071401,5
2023-08-22,Industrials,0.071401,0.17231500000000002,5
2023-08-23,Industrials,0.17231500000000002,0.15813700000000003,5
2023-08-24,Industrials,0.15813700000000003,0.14850500000000003,5
2023-08-25,Industrials,0.14850500000000003,-0.05238799999999999,5
2023-08-28,Industrials,-0.05238799999999999,-0.08612342105263157,5
2023-08-29,Industrials,-0.08612342105263157,0.08544119047619046,5
2023-08-30,Industrials,0.08544119047619046,0.116398,5
2023-08-31,Industrials,0.116398,0.104257,5
2023-09-01,Industrials,0.104257,0.24358166666666667,5
2023-09-05,Industrials,0.24358166666666667,0.14712566666666668,5
2023-09-06,Industrials,0.14712566666666668,0.10261833333333334,5
2023-09-07,Industrials,0.10261833333333334,0.23467833333333332,5
2023-09-08,Industrials,0.23467833333333332,0.06858833333333333,5
2023-09-11,Industrials,0.06858833333333333,0.108714,5
2023-09-12,Industrials,0.108714,0.13808066666666668,5
2023-09-13,Industrials,0.13808066666666668,0.08231585714285714,5
2023-09-14,Industrials,0.08231585714285714,0.11540500000000001,5
2023-09-15,Industrials,0.11540500000000001,0.09713166666666667,5
2023-09-18,Industrials,0.09713166666666667,0.1272111111111111,5
2023-09-19,Industrials,0.1272111111111111,0.14119690476190477,5
2023-09-20,Industrials,0.14119690476190477,0.08099388888888889,5
2023-09-21,Industrials,0.08099388888888889,0.17864761904761908,5
2023-09-22,Industrials,0.17864761904761908,0.22791166666666668,5
2023-09-25,Industrials,0.22791166666666668,0.16884833333333335,5
2023-09-26,Industrials,0.16884833333333335,0.17421666666666666,5
2023-09-27,Industrials,0.17421666666666666,0.20782033333333336,5
2023-09-28,Industrials,0.20782033333333336,0.06939642857142858,5
2023-09-29,Industrials,0.06939642857142858,0.13641166666666668,5
2023-10-02,Industrials,0.13641166666666668,0.1155819523809524,5
2023-10-03,Industrials,0.1155819523809524,0.11486533333333333,5
2023-10-04,Industrials,0.11486533333333333,0.07210166666666668,5
2023-10-05,Industrials,0.07210166666666668,0.119829,5
2023-10-06,Industrials,0.119829,0.10113666666666665,5
2023-10-09,Industrials,0.10113666666666665,-0.03181133333333334,5
2023-10-10,Industrials,-0.03181133333333334,0.11699650793650793,5
2023-10-11,Industrials,0.11699650793650793,0.1873086666666667,5
2023-10-12,Industrials,0.1873086666666667,0.19556583333333333,5
2023-10-13,Industrials,0.19556583333333333,0.1282223076923077,5
2023-10-16,Industrials,0.1282223076923077,0.087164,5
2023-10-17,Industrials,0.087164,-0.06224,5
2023-10-18,Industrials,-0.06224,0.04653035714285715,5
2023-10-19,Industrials,0.04653035714285715,0.05428035714285715,5
2023-10-20,Industrials,0.05428035714285715,-0.0023103333333333365,5
2023-10-23,Industrials,-0.0023103333333333365,0.18359948717948718,5
2023-10-24,Industrials,0.18359948717948718,0.22961408695652175,5
2023-10-25,Industrials,0.22961408695652175,0.06716066666666667,5
2023-10-26,Industrials,0.06716066666666667,0.08310542857142858,5
2023-10-27,Industrials,0.08310542857142858,-0.08440133333333333,5
2023-10-30,Industrials,-0.08440133333333333,0.09956115384615385,5
2023-10-31,Industrials,0.09956115384615385,0.09792190476190477,5
2023-11-01,Industrials,0.09792190476190477,0.10286,5
2023-11-02,Industrials,0.10286,0.18584833333333334,5
2023-11-03,Industrials,0.18584833333333334,0.04594666666666668,5
2023-11-06,Industrials,0.04594666666666668,0.13376266666666667,5
2023-11-07,Industrials,0.13376266666666667,0.09757333333333333,5
2023-11-08,Industrials,0.09757333333333333,0.12412666666666668,5
2023-11-09,Industrials,0.12412666666666668,0.2379966666666667,5
2023-11-10,Industrials,0.2379966666666667,0.09568,5
2023-11-13,Industrials,0.09568,0.0125175,5
2023-11-14,Industrials,0.0125175,0.057953,5
2023-11-15,Industrials,0.057953,0.1510289523809524,5
2023-11-16,Industrials,0.1510289523809524,0.13330599999999998,5
2023-11-17,Industrials,0.13330599999999998,0.21380249999999998,5
2023-11-20,Industrials,0.21380249999999998,0.005849999999999994,5
2023-11-21,Industrials,0.005849999999999994,0.08501333333333334,5
2023-11-22,Industrials,0.08501333333333334,0.15327833333333332,5
2023-11-24,Industrials,0.15327833333333332,0.18286272727272726,5
2023-11-27,Industrials,0.18286272727272726,0.03903,5
2023-11-28,Industrials,0.03903,0.08077541666666667,5
2023-11-29,Industrials,0.08077541666666667,0.11957333333333335,5
2023-11-30,Industrials,0.11957333333333335,0.08169,5
2023-12-01,Industrials,0.08169,0.0364125,5
2023-12-04,Industrials,0.0364125,0.14618238095238095,5
2023-12-05,Industrials,0.14618238095238095,-0.06629,5
2023-12-06,Industrials,-0.06629,-0.11871799999999999,5
2023-12-07,Industrials,-0.11871799999999999,-0.054916666666666655,5
2023-12-08,Industrials,-0.054916666666666655,0.031023333333333337,5
2023-12-11,Industrials,0.031023333333333337,0.0876204761904762,5
2023-12-12,Industrials,0.0876204761904762,0.2564283333333333,5
2023-12-13,Industrials,0.2564283333333333,0.16380819047619047,5
2023-12-14,Industrials,0.16380819047619047,0.11942833333333333,5
2023-12-15,Industrials,0.11942833333333333,0.08424000000000001,5
2023-12-18,Industrials,0.08424000000000001,0.23579380952380952,5
2023-12-19,Industrials,0.23579380952380952,0.23579380952380952,5
2023-12-20,Industrials,0.23579380952380952,0.23579380952380952,5
2023-12-21,Industrials,0.23579380952380952,0.23579380952380952,5
2023-12-22,Industrials,0.23579380952380952,0.23579380952380952,5
2023-12-26,Industrials,0.23579380952380952,0.23579380952380952,5
2023-12-27,Industrials,0.23579380952380952,0.23579380952380952,5
2023-12-28,Industrials,0.23579380952380952,0.23579380952380952,5
2023-12-29,Industrials,0.23579380952380952,0.23579380952380952,5
2020-01-02,Materials,0.0,0.10974999999999999,5
2020-01-03,Materials,0.10974999999999999,0.014900000000000002,5
2020-01-06,Materials,0.014900000000000002,-0.055811999999999994,5
2020-01-07,Materials,-0.055811999999999994,0.07636,5
2020-01-08,Materials,0.07636,0.005210000000000004,5
2020-01-09,Materials,0.005210000000000004,0.10181333333333334,5
2020-01-10,Materials,0.10181333333333334,-0.05586000000000001,5
2020-01-13,Materials,-0.05586000000000001,0.25959999999999994,5
2020-01-14,Materials,0.25959999999999994,0.28004999999999997,5
2020-01-15,Materials,0.28004999999999997,0.23073333333333332,5
2020-01-16,Materials,0.23073333333333332,0.08808,5
2020-01-17,Materials,0.08808,0.18836,5
2020-01-21,Materials,0.18836,0.010085999999999998,5
2020-01-22,Materials,0.010085999999999998,-0.059199999999999996,5
2020-01-23,Materials,-0.059199999999999996,0.09407,5
2020-01-24,Materials,0.09407,0.11928799999999999,5
2020-01-27,Materials,0.11928799999999999,-0.028306000000000008,5
2020-01-28,Materials,-0.028306000000000008,0.18685000000000002,5
2020-01-29,Materials,0.18685000000000002,0.12757142857142859,5
2020-01-30,Materials,0.12757142857142859,-0.07608466666666666,5
2020-01-31,Materials,-0.07608466666666666,0.01059833333333333,5
2020-02-03,Materials,0.01059833333333333,0.17850333333333332,5
2020-02-04,Materials,0.17850333333333332,0.07814999999999998,5
2020-02-05,Materials,0.07814999999999998,0.01148,5
2020-02-06,Materials,0.01148,0.05132111111111111,5
2020-02-07,Materials,0.05132111111111111,0.03672333333333333,5
2020-02-10,Materials,0.03672333333333333,0.23231333333333332,5
2020-02-11,Materials,0.23231333333333332,0.131276,5
2020-02-12,Materials,0.131276,0.059199999999999996,5
2020-02-13,Materials,0.059199999999999996,0.08668285714285714,5
2020-02-14,Materials,0.08668285714285714,0.042804999999999996,5
2020-02-18,Materials,0.042804999999999996,0.10219111111111112,5
2020-02-19,Materials,0.10219111111111112,0.0318,5
2020-02-20,Materials,0.0318,0.05558909090909091,5
2020-02-21,Materials,0.05558909090909091,0.11632,5
2020-02-24,Materials,0.11632,0.05758083333333334,5
2020-02-25,Materials,0.05758083333333334,0.08261,5
2020-02-26,Materials,0.08261,0.05650666666666667,5
2020-02-27,Materials,0.05650666666666667,0.05670428571428571,5
2020-02-28,Materials,0.05670428571428571,0.13800166666666666,5
2020-03-02,Materials,0.13800166666666666,0.08107166666666665,5
2020-03-03,Materials,0.08107166666666665,0.304013,5
2020-03-04,Materials,0.304013,0.29653,5
2020-03-05,Materials,0.29653,0.14536,5
2020-03-06,Materials,0.14536,0.010120000000000007,5
2020-03-09,Materials,0.010120000000000007,0.11394333333333333,5
2020-03-10,Materials,0.11394333333333333,0.07380333333333333,5
2020-03-11,Materials,0.07380333333333333,0.058496666666666676,5
2020-03-12,Materials,0.058496666666666676,-0.12223099999999998,5
2020-03-13,Materials,-0.12223099999999998,0.07886,5
2020-03-16,Materials,0.07886,-0.06930266666666665,5
2020-03-17,Materials,-0.06930266666666665,0.023305000000000003,5
2020-03-18,Materials,0.023305000000000003,-0.017014999999999992,5
2020-03-19,Materials,-0.017014999999999992,0.007314666666666668,5
2020-03-20,Materials,0.007314666666666668,0.012278000000000004,5
2020-03-23,Materials,0.012278000000000004,0.1903614285714286,5
2020-03-24,Materials,0.1903614285714286,0.3071066666666667,5
2020-03-25,Materials,0.3071066666666667,0.31302,5
2020-03-26,Materials,0.31302,0.19537066666666666,5
2020-03-27,Materials,0.19537066666666666,0.31543666666666664,5
2020-03-30,Materials,0.31543666666666664,0.10744566666666669,5
2020-03-31,Materials,0.10744566666666669,0.314825,5
2020-04-01,Materials,0.314825,0.03584133333333333,5
2020-04-02,Materials,0.03584133333333333,0.15892749999999997,5
2020-04-03,Materials,0.15892749999999997,0.051539999999999996,5
2020-04-06,Materials,0.051539999999999996,0.034658,5
2020-04-07,Materials,0.034658,0.41342999999999996,5
2020-04-08,Materials,0.41342999999999996,0.2208413333333333,5
2020-04-09,Materials,0.2208413333333333,0.14721380952380952,5
2020-04-13,Materials,0.14721380952380952,0.06534738095238095,5
2020-04-14,Materials,0.06534738095238095,0.05009,5
2020-04-15,Materials,0.05009,0.010711190476190463,5
2020-04-16,Materials,0.010711190476190463,0.08827,5
2020-04-17,Materials,0.08827,0.29702,5
2020-04-20,Materials,0.29702,0.18898285714285715,5
2020-04-21,Materials,0.18898285714285715,0.11338666666666666,5
2020-04-22,Materials,0.11338666666666666,0.219495,5
2020-04-23,Materials,0.219495,0.153916,5
2020-04-24,Materials,0.153916,0.05586,5
2020-04-27,Materials,0.05586,0.27838666666666667,5
2020-04-28,Materials,0.27838666666666667,0.07502266666666665,5
2020-04-29,Materials,0.07502266666666665,0.2898885714285714,5
2020-04-30,Materials,0.2898885714285714,0.08056571428571428,5
2020-05-01,Materials,0.08056571428571428,0.037173333333333336,5
2020-05-04,Materials,0.037173333333333336,-0.02284166666666667,5
2020-05-05,Materials,-0.02284166666666667,0.1633656666666667,5
2020-05-06,Materials,0.1633656666666667,-0.0426837142857143,5
2020-05-07,Materials,-0.0426837142857143,0.085232,5
2020-05-08,Materials,0.085232,0.056496666666666674,5
2020-05-11,Materials,0.056496666666666674,0.07886800000000001,5
2020-05-12,Materials,0.07886800000000001,0.03362266666666667,5
2020-05-13,Materials,0.03362266666666667,0.12516514285714284,5
2020-05-14,Materials,0.12516514285714284,0.138965,5
2020-05-15,Materials,0.138965,0.26798666666666665,5
2020-05-18,Materials,0.26798666666666665,0.11799666666666667,5
2020-05-19,Materials,0.11799666666666667,0.24867666666666666,5
2020-05-20,Materials,0.24867666666666666,0.14406066666666667,5
2020-05-21,Materials,0.14406066666666667,0.1822333333333333,5
2020-05-22,Materials,0.1822333333333333,0.11404,5
2020-05-26,Materials,0.11404,0.07885333333333333,5
2020-05-27,Materials,0.07885333333333333,0.15523833333333334,5
2020-05-28,Materials,0.15523833333333334,0.09518,5
2020-05-29,Materials,0.09518,0.14762,5
2020-06-01,Materials,0.14762,0.053012000000000004,5
2020-06-02,Materials,0.053012000000000004,0.20229333333333335,5
2020-06-03,Materials,0.20229333333333335,0.21594000000000002,5
2020-06-04,Materials,0.21594000000000002,0.16475,5
2020-06-05,Materials,0.16475,0.007979999999999998,5
2020-06-08,Materials,0.007979999999999998,0.11221,5
2020-06-09,Materials,0.11221,0.1125,5
2020-06-10,Materials,0.1125,0.08648000000000002,5
2020-06-11,Materials,0.08648000000000002,0.044820000000000006,5
2020-06-12,Materials,0.044820000000000006,0.10472000000000001,5
2020-06-15,Materials,0.10472000000000001,0.16963,5
2020-06-16,Materials,0.16963,0.11499000000000001,5
2020-06-17,Materials,0.11499000000000001,0.045179999999999984,5
2020-06-18,Materials,0.045179999999999984,0.0,5
2020-06-19,Materials,0.0,-0.04526,5
2020-06-22,Materials,-0.04526,-0.003320000000000001,5
2020-06-23,Materials,-0.003320000000000001,0.04588,5
2020-06-24,Materials,0.04588,0.04588,5
2020-06-25,Materials,0.04588,0.12625999999999998,5
2020-06-26,Materials,0.12625999999999998,0.14838,5
2020-06-29,Materials,0.14838,0.04526,5
2020-06-30,Materials,0.04526,0.04046,5
2020-07-01,Materials,0.04046,0.04046,5
2020-07-02,Materials,0.04046,0.04046,5
2020-07-06,Materials,0.04046,-0.005310000000000004,5
2020-07-07,Materials,-0.005310000000000004,-0.005310000000000004,5
2020-07-08,Materials,-0.005310000000000004,0.17263,5
2020-07-09,Materials,0.17263,0.05825,5
2020-07-10,Materials,0.05825,0.04046,5
2020-07-13,Materials,0.04046,0.04046,5
2020-07-14,Materials,0.04046,0.04046,5
2020-07-15,Materials,0.04046,0.04046,5
2020-07-16,Materials,0.04046,0.01032,5
2020-07-17,Materials,0.01032,0.01032,5
2020-07-20,Materials,0.01032,0.01032,5
2020-07-21,Materials,0.01032,0.01032,5
2020-07-22,Materials,0.01032,0.06495999999999999,5
2020-07-23,Materials,0.06495999999999999,0.0074540000000000075,5
2020-07-24,Materials,0.0074540000000000075,0.15169,5
2020-07-27,Materials,0.15169,0.019756000000000003,5
2020-07-28,Materials,0.019756000000000003,0.11329499999999999,5
2020-07-29,Materials,0.11329499999999999,0.046134999999999995,5
2020-07-30,Materials,0.046134999999999995,0.0039000000000000033,5
2020-07-31,Materials,0.0039000000000000033,0.031220000000000005,5
2020-08-03,Materials,0.031220000000000005,0.30703,5
2020-08-04,Materials,0.30703,0.20648,5
2020-08-05,Materials,0.20648,0.048929999999999994,5
2020-08-06,Materials,0.048929999999999994,0.19749,5
2020-08-07,Materials,0.19749,0.19749,5
2020-08-10,Materials,0.19749,0.21772666666666668,5
2020-08-11,Materials,0.21772666666666668,0.09034666666666666,5
2020-08-12,Materials,0.09034666666666666,0.09034666666666666,5
2020-08-13,Materials,0.09034666666666666,0.09034666666666666,5
2020-08-14,Materials,0.09034666666666666,0.1358,5
2020-08-17,Materials,0.1358,0.22696,5
2020-08-18,Materials,0.22696,0.15453999999999998,5
2020-08-19,Materials,0.15453999999999998,0.15453999999999998,5
2020-08-20,Materials,0.15453999999999998,0.15453999999999998,5
2020-08-21,Materials,0.15453999999999998,0.12894,5
2020-08-24,Materials,0.12894,0.1102,5
2020-08-25,Materials,0.1102,0.10022,5
2020-08-26,Materials,0.10022,0.195,5
2020-08-27,Materials,0.195,0.1358,5
2020-08-28,Materials,0.1358,0.08025333333333333,5
2020-08-31,Materials,0.08025333333333333,0.0,5
2020-09-01,Materials,0.0,0.0,5
2020-09-02,Materials,0.0,0.0,5
2020-09-03,Materials,0.0,-0.0317,5
2020-09-04,Materials,-0.0317,0.029599999999999998,5
2020-09-08,Materials,0.029599999999999998,0.05,5
2020-09-09,Materials,0.05,0.05,5
2020-09-10,Materials,0.05,0.11581999999999999,5
2020-09-11,Materials,0.11581999999999999,0.0066200000000000035,5
2020-09-14,Materials,0.0066200000000000035,0.021075,5
2020-09-15,Materials,0.021075,0.021075,5
2020-09-16,Materials,0.021075,0.0,5
2020-09-17,Materials,0.0,0.097435,5
2020-09-18,Materials,0.097435,0.097435,5
2020-09-21,Materials,0.097435,0.20777,5
2020-09-22,Materials,0.20777,0.20777,5
2020-09-23,Materials,0.20777,0.13141,5
2020-09-24,Materials,0.13141,0.22267,5
2020-09-25,Materials,0.22267,0.16784000000000002,5
2020-09-28,Materials,0.16784000000000002,-0.01996,5
2020-09-29,Materials,-0.01996,-0.01996,5
2020-09-30,Materials,-0.01996,-0.04019,5
2020-10-01,Materials,-0.04019,-0.04019,5
2020-10-02,Materials,-0.04019,-0.04019,5
2020-10-05,Materials,-0.04019,-0.08110999999999999,5
2020-10-06,Materials,-0.08110999999999999,-0.08110999999999999,5
2020-10-07,Materials,-0.08110999999999999,-0.13896999999999998,5
2020-10-08,Materials,-0.13896999999999998,-0.22327,5
2020-10-09,Materials,-0.22327,-0.13896999999999998,5
2020-10-12,Materials,-0.13896999999999998,0.04046,5
2020-10-13,Materials,0.04046,0.04046,5
2020-10-14,Materials,0.04046,0.13740999999999998,5
2020-10-15,Materials,0.13740999999999998,0.14011,5
2020-10-16,Materials,0.14011,0.2513500000000001,5
2020-10-19,Materials,0.2513500000000001,0.47354,5
2020-10-20,Materials,0.47354,0.47354,5
2020-10-21,Materials,0.47354,0.34222,5
2020-10-22,Materials,0.34222,0.23950833333333335,5
2020-10-23,Materials,0.23950833333333335,0.25781833333333337,5
2020-10-26,Materials,0.25781833333333337,0.13793833333333333,5
2020-10-27,Materials,0.13793833333333333,0.09026833333333334,5
2020-10-28,Materials,0.09026833333333334,0.09026833333333334,5
2020-10-29,Materials,0.09026833333333334,0.045810333333333335,5
2020-10-30,Materials,0.045810333333333335,0.045810333333333335,5
2020-11-02,Materials,0.045810333333333335,0.15511833333333333,5
2020-11-03,Materials,0.15511833333333333,0.20617833333333335,5
2020-11-04,Materials,0.20617833333333335,0.18391000000000002,5
2020-11-05,Materials,0.18391000000000002,0.18391000000000002,5
2020-11-06,Materials,0.18391000000000002,0.17071,5
2020-11-09,Materials,0.17071,0.17071,5
2020-11-10,Materials,0.17071,0.024389999999999988,5
2020-11-11,Materials,0.024389999999999988,0.07808333333333332,5
2020-11-12,Materials,0.07808333333333332,0.04404,5
2020-11-13,Materials,0.04404,0.28776,5
2020-11-16,Materials,0.28776,0.28755,5
2020-11-17,Materials,0.28755,0.18151,5
2020-11-18,Materials,0.18151,0.18151,5
2020-11-19,Materials,0.18151,0.1706,5
2020-11-20,Materials,0.1706,0.1706,5
2020-11-23,Materials,0.1706,0.04046,5
2020-11-24,Materials,0.04046,0.12854000000000002,5
2020-11-25,Materials,0.12854000000000002,0.14763333333333334,5
2020-11-27,Materials,0.14763333333333334,0.24297333333333332,5
2020-11-30,Materials,0.24297333333333332,0.2030533333333333,5
2020-12-01,Materials,0.2030533333333333,0.25828,5
2020-12-02,Materials,0.25828,0.30934,5
2020-12-03,Materials,0.30934,0.21400000000000002,5
2020-12-04,Materials,0.21400000000000002,0.21400000000000002,5
2020-12-07,Materials,0.21400000000000002,0.21400000000000002,5
2020-12-08,Materials,0.21400000000000002,0.2054666666666667,5
2020-12-09,Materials,0.2054666666666667,0.26437333333333335,5
2020-12-10,Materials,0.26437333333333335,0.2732,5
2020-12-11,Materials,0.2732,0.18168,5
2020-12-14,Materials,0.18168,0.18168,5
2020-12-15,Materials,0.18168,0.0,5
2020-12-16,Materials,0.0,0.0,5
2020-12-17,Materials,0.0,0.08808,5
2020-12-18,Materials,0.08808,0.09069999999999999,5
2020-12-21,Materials,0.09069999999999999,0.23371,5
2020-12-22,Materials,0.23371,0.12138,5
2020-12-23,Materials,0.12138,0.12138,5
2020-12-24,Materials,0.12138,0.12138,5
2020-12-28,Materials,0.12138,0.04046,5
2020-12-29,Materials,0.04046,0.1358,5
2020-12-30,Materials,0.1358,0.19944,5
2020-12-31,Materials,0.19944,0.21617999999999998,5
2021-01-04,Materials,0.21617999999999998,0.04404,5
2021-01-05,Materials,0.04404,0.12264,5
2021-01-06,Materials,0.12264,0.20693999999999999,5
2021-01-07,Materials,0.20693999999999999,0.0707,5
2021-01-08,Materials,0.0707,0.149868,5
2021-01-11,Materials,0.149868,0.143248,5
2021-01-12,Materials,0.143248,0.15342,5
2021-01-13,Materials,0.15342,0.09878,5
2021-01-14,Materials,0.09878,0.09878,5
2021-01-15,Materials,0.09878,0.09878,5
2021-01-19,Materials,0.09878,-0.07134,5
2021-01-20,Materials,-0.07134,0.12612,5
2021-01-21,Materials,0.12612,-0.017220000000000003,5
2021-01-22,Materials,-0.017220000000000003,0.05502,5
2021-01-25,Materials,0.05502,0.0679,5
2021-01-26,Materials,0.0679,-0.01287333333333332,5
2021-01-27,Materials,-0.01287333333333332,-0.022713333333333335,5
2021-01-28,Materials,-0.022713333333333335,0.09229166666666666,5
2021-01-29,Materials,0.09229166666666666,0.057821666666666674,5
2021-02-01,Materials,0.057821666666666674,0.016076,5
2021-02-02,Materials,0.016076,0.016076,5
2021-02-03,Materials,0.016076,0.02064,5
2021-02-04,Materials,0.02064,0.02064,5
2021-02-05,Materials,0.02064,0.01032,5
2021-02-08,Materials,0.01032,0.08928,5
2021-02-09,Materials,0.08928,0.10751333333333332,5
2021-02-10,Materials,0.10751333333333332,0.15339333333333333,5
2021-02-11,Materials,0.15339333333333333,0.15339333333333333,5
2021-02-12,Materials,0.15339333333333333,0.15339333333333333,5
2021-02-16,Materials,0.15339333333333333,0.22361,5
2021-02-17,Materials,0.22361,0.15150000000000002,5
2021-02-18,Materials,0.15150000000000002,0.15707,5
2021-02-19,Materials,0.15707,0.11850000000000001,5
2021-02-22,Materials,0.11850000000000001,0.010286666666666666,5
2021-02-23,Materials,0.010286666666666666,0.05724,5
2021-02-24,Materials,0.05724,-0.03062,5
2021-02-25,Materials,-0.03062,0.0,5
2021-02-26,Materials,0.0,0.029599999999999998,5
2021-03-01,Materials,0.029599999999999998,0.0026699999999999944,5
2021-03-02,Materials,0.0026699999999999944,0.09801,5
2021-03-03,Materials,0.09801,0.09801,5
2021-03-04,Materials,0.09801,0.20720999999999998,5
2021-03-05,Materials,0.20720999999999998,0.16333999999999999,5
2021-03-08,Materials,0.16333999999999999,0.15503333333333333,5
2021-03-09,Materials,0.15503333333333333,0.1353,5
2021-03-10,Materials,0.1353,0.17808000000000002,5
2021-03-11,Materials,0.17808000000000002,0.17104999999999998,5
2021-03-12,Materials,0.17104999999999998,0.14217,5
2021-03-15,Materials,0.14217,0.08297,5
2021-03-16,Materials,0.08297,0.04278,5
2021-03-17,Materials,0.04278,0.07010000000000001,5
2021-03-18,Materials,0.07010000000000001,0.07010000000000001,5
2021-03-19,Materials,0.07010000000000001,0.09532,5
2021-03-22,Materials,0.09532,0.06777999999999999,5
2021-03-23,Materials,0.06777999999999999,-0.05,5
2021-03-24,Materials,-0.05,0.05464,5
2021-03-25,Materials,0.05464,0.10568999999999999,5
2021-03-26,Materials,0.10568999999999999,-0.040029999999999996,5
2021-03-29,Materials,-0.040029999999999996,-0.040029999999999996,5
2021-03-30,Materials,-0.040029999999999996,-0.040029999999999996,5
2021-03-31,Materials,-0.040029999999999996,0.07837,5
2021-04-01,Materials,0.07837,0.0,5
2021-04-05,Materials,0.0,0.061890000000000014,5
2021-04-06,Materials,0.061890000000000014,0.09747000000000001,5
2021-04-07,Materials,0.09747000000000001,-0.08725999999999999,5
2021-04-08,Materials,-0.08725999999999999,0.16572,5
2021-04-09,Materials,0.16572,0.16572,5
2021-04-12,Materials,0.16572,0.19661,5
2021-04-13,Materials,0.19661,0.19661,5
2021-04-14,Materials,0.19661,0.15769,5
2021-04-15,Materials,0.15769,0.15769,5
2021-04-16,Materials,0.15769,0.07704,5
2021-04-19,Materials,0.07704,0.3733,5
2021-04-20,Materials,0.3733,0.36813999999999997,5
2021-04-21,Materials,0.36813999999999997,0.27968000000000004,5
2021-04-22,Materials,0.27968000000000004,0.2527557142857143,5
2021-04-23,Materials,0.2527557142857143,0.2808857142857143,5
2021-04-26,Materials,0.2808857142857143,0.2808857142857143,5
2021-04-27,Materials,0.2808857142857143,0.26498571428571427,5
2021-04-28,Materials,0.26498571428571427,0.33242571428571427,5
2021-04-29,Materials,0.33242571428571427,0.19961333333333336,5
2021-04-30,Materials,0.19961333333333336,0.13462000000000002,5
2021-05-03,Materials,0.13462000000000002,0.023880000000000002,5
2021-05-04,Materials,0.023880000000000002,-0.012937500000000001,5
2021-05-05,Materials,-0.012937500000000001,0.15888249999999998,5
2021-05-06,Materials,0.15888249999999998,0.21586,5
2021-05-07,Materials,0.21586,0.21586,5
2021-05-10,Materials,0.21586,0.15298,5
2021-05-11,Materials,0.15298,0.22105999999999998,5
2021-05-12,Materials,0.22105999999999998,0.25176,5
2021-05-13,Materials,0.25176,0.15298,5
2021-05-14,Materials,0.15298,0.21217999999999998,5
2021-05-17,Materials,0.21217999999999998,0.198496,5
2021-05-18,Materials,0.198496,0.13942000000000002,5
2021-05-19,Materials,0.13942000000000002,-0.02133999999999999,5
2021-05-20,Materials,-0.02133999999999999,0.05904,5
2021-05-21,Materials,0.05904,0.09086000000000001,5
2021-05-24,Materials,0.09086000000000001,0.08449999999999999,5
2021-05-25,Materials,0.08449999999999999,0.12083999999999999,5
2021-05-26,Materials,0.12083999999999999,0.12083999999999999,5
2021-05-27,Materials,0.12083999999999999,0.14282,5
2021-05-28,Materials,0.14282,0.08954,5
2021-06-01,Materials,0.08954,0.07872,5
2021-06-02,Materials,0.07872,0.02408,5
2021-06-03,Materials,0.02408,0.16076,5
2021-06-04,Materials,0.16076,0.16076,5
2021-06-07,Materials,0.16076,0.083835,5
2021-06-08,Materials,0.083835,0.19166,5
2021-06-09,Materials,0.19166,0.19166,5
2021-06-10,Materials,0.19166,0.11942,5
2021-06-11,Materials,0.11942,0.11942,5
2021-06-14,Materials,0.11942,0.22782,5
2021-06-15,Materials,0.22782,0.22782,5
2021-06-16,Materials,0.22782,0.07636,5
2021-06-17,Materials,0.07636,0.11177199999999998,5
2021-06-18,Materials,0.11177199999999998,0.173252,5
2021-06-21,Materials,0.173252,0.09426533333333334,5
2021-06-22,Materials,0.09426533333333334,0.07721533333333333,5
2021-06-23,Materials,0.07721533333333333,0.07721533333333333,5
2021-06-24,Materials,0.07721533333333333,0.10591333333333333,5
2021-06-25,Materials,0.10591333333333333,0.05712666666666667,5
2021-06-28,Materials,0.05712666666666667,0.026973333333333332,5
2021-06-29,Materials,0.026973333333333332,0.03213333333333333,5
2021-06-30,Materials,0.03213333333333333,0.03213333333333333,5
2021-07-01,Materials,0.03213333333333333,0.04562,5
2021-07-02,Materials,0.04562,0.10482,5
2021-07-06,Materials,0.10482,0.12281,5
2021-07-07,Materials,0.12281,0.06817,5
2021-07-08,Materials,0.06817,0.01032,5
2021-07-09,Materials,0.01032,0.01032,5
2021-07-12,Materials,0.01032,0.07636,5
2021-07-13,Materials,0.07636,0.0,5
2021-07-14,Materials,0.0,0.0,5
2021-07-15,Materials,0.0,0.08038,5
2021-07-16,Materials,0.08038,0.20758000000000001,5
2021-07-19,Materials,0.20758000000000001,0.05437000000000001,5
2021-07-20,Materials,0.05437000000000001,0.06118,5
2021-07-21,Materials,0.06118,0.011053333333333332,5
2021-07-22,Materials,0.011053333333333332,0.095724,5
2021-07-23,Materials,0.095724,0.16170400000000001,5
2021-07-26,Materials,0.16170400000000001,0.225144,5
2021-07-27,Materials,0.225144,0.19231066666666669,5
2021-07-28,Materials,0.19231066666666669,0.19231066666666669,5
2021-07-29,Materials,0.19231066666666669,0.298744,5
2021-07-30,Materials,0.298744,0.312064,5
2021-08-02,Materials,0.312064,0.250544,5
2021-08-03,Materials,0.250544,0.303969,5
2021-08-04,Materials,0.303969,0.0,5
2021-08-05,Materials,0.0,0.0,5
2021-08-06,Materials,0.0,0.0,5
2021-08-09,Materials,0.0,0.018213333333333335,5
2021-08-10,Materials,0.018213333333333335,0.01366,5
2021-08-11,Materials,0.01366,-0.08430444444444445,5
2021-08-12,Materials,-0.08430444444444445,0.08038,5
2021-08-13,Materials,0.08038,0.17572000000000002,5
2021-08-16,Materials,0.17572000000000002,0.04046,5
2021-08-17,Materials,0.04046,0.14350000000000002,5
2021-08-18,Materials,0.14350000000000002,0.12294000000000001,5
2021-08-19,Materials,0.12294000000000001,0.11207,5
2021-08-20,Materials,0.11207,0.12021000000000001,5
2021-08-23,Materials,0.12021000000000001,0.16944,5
2021-08-24,Materials,0.16944,0.12083999999999999,5
2021-08-25,Materials,0.12083999999999999,0.04046,5
2021-08-26,Materials,0.04046,0.09966,5
2021-08-27,Materials,0.09966,0.19844,5
2021-08-30,Materials,0.19844,0.11148,5
2021-08-31,Materials,0.11148,0.1341466666666667,5
2021-09-01,Materials,0.1341466666666667,0.11148,5
2021-09-02,Materials,0.11148,0.0,5
2021-09-03,Materials,0.0,0.0,5
2021-09-07,Materials,0.0,0.02679333333333333,5
2021-09-08,Materials,0.02679333333333333,-0.10744000000000001,5
2021-09-09,Materials,-0.10744000000000001,-0.07901999999999999,5
2021-09-10,Materials,-0.07901999999999999,-0.14701999999999998,5
2021-09-13,Materials,-0.14701999999999998,0.07007333333333333,5
2021-09-14,Materials,0.07007333333333333,0.13493333333333332,5
2021-09-15,Materials,0.13493333333333332,0.13493333333333332,5
2021-09-16,Materials,0.13493333333333332,0.15453999999999998,5
2021-09-17,Materials,0.15453999999999998,0.12798,5
2021-09-20,Materials,0.12798,0.12561,5
2021-09-21,Materials,0.12561,0.05484666666666667,5
2021-09-22,Materials,0.05484666666666667,0.03682,5
2021-09-23,Materials,0.03682,0.03682,5
2021-09-24,Materials,0.03682,0.04019,5
2021-09-27,Materials,0.04019,0.08038,5
2021-09-28,Materials,0.08038,0.04019,5
2021-09-29,Materials,0.04019,0.04019,5
2021-09-30,Materials,0.04019,0.12498000000000001,5
2021-10-01,Materials,0.12498000000000001,0.12498000000000001,5
2021-10-04,Materials,0.12498000000000001,0.12498000000000001,5
2021-10-05,Materials,0.12498000000000001,-0.00411999999999999,5
2021-10-06,Materials,-0.00411999999999999,0.1747809523809524,5
2021-10-07,Materials,0.1747809523809524,0.19962,5
2021-10-08,Materials,0.19962,0.27538,5
2021-10-11,Materials,0.27538,0.1889,5
2021-10-12,Materials,0.1889,0.06917000000000001,5
2021-10-13,Materials,0.06917000000000001,0.11456499999999999,5
2021-10-14,Materials,0.11456499999999999,-0.05986000000000001,5
2021-10-15,Materials,-0.05986000000000001,-0.05986000000000001,5
2021-10-18,Materials,-0.05986000000000001,0.005919999999999992,5
2021-10-19,Materials,0.005919999999999992,0.07392,5
2021-10-20,Materials,0.07392,-0.01779,5
2021-10-21,Materials,-0.01779,0.08891833333333334,5
2021-10-22,Materials,0.08891833333333334,0.18731333333333336,5
2021-10-25,Materials,0.18731333333333336,0.16006333333333334,5
2021-10-26,Materials,0.16006333333333334,0.09579333333333334,5
2021-10-27,Materials,0.09579333333333334,0.1464933333333333,5
2021-10-28,Materials,0.1464933333333333,0.023139999999999994,5
2021-10-29,Materials,0.023139999999999994,0.12153333333333331,5
2021-11-01,Materials,0.12153333333333331,0.03634,5
2021-11-02,Materials,0.03634,-0.16771727272727271,5
2021-11-03,Materials,-0.16771727272727271,-0.16771727272727271,5
2021-11-04,Materials,-0.16771727272727271,-0.15598,5
2021-11-05,Materials,-0.15598,-0.0018900000000000028,5
2021-11-08,Materials,-0.0018900000000000028,0.062056000000000014,5
2021-11-09,Materials,0.062056000000000014,0.12125599999999999,5
2021-11-10,Materials,0.12125599999999999,0.15234933333333336,5
2021-11-11,Materials,0.15234933333333336,0.11410333333333336,5
2021-11-12,Materials,0.11410333333333336,0.15962,5
2021-11-15,Materials,0.15962,0.17363333333333336,5
2021-11-16,Materials,0.17363333333333336,0.16397333333333333,5
2021-11-17,Materials,0.16397333333333333,0.23429333333333333,5
2021-11-18,Materials,0.23429333333333333,0.25989333333333337,5
2021-11-19,Materials,0.25989333333333337,0.18353333333333335,5
2021-11-22,Materials,0.18353333333333335,0.25709499999999996,5
2021-11-23,Materials,0.25709499999999996,0.19970000000000002,5
2021-11-24,Materials,0.19970000000000002,0.08092,5
2021-11-26,Materials,0.08092,0.04046,5
2021-11-29,Materials,0.04046,0.04046,5
2021-11-30,Materials,0.04046,0.08065,5
2021-12-01,Materials,0.08065,0.0005000000000000004,5
2021-12-02,Materials,0.0005000000000000004,-0.18216666666666667,5
2021-12-03,Materials,-0.18216666666666667,-0.01212666666666666,5
2021-12-06,Materials,-0.01212666666666666,0.047670000000000004,5
2021-12-07,Materials,0.047670000000000004,0.047670000000000004,5
2021-12-08,Materials,0.047670000000000004,0.08808,5
2021-12-09,Materials,0.08808,0.28986999999999996,5
2021-12-10,Materials,0.28986999999999996,0.35787,5
2021-12-13,Materials,0.35787,0.20353000000000004,5
2021-12-14,Materials,0.20353000000000004,0.18571,5
2021-12-15,Materials,0.18571,0.13557999999999998,5
2021-12-16,Materials,0.13557999999999998,0.06671333333333333,5
2021-12-17,Materials,0.06671333333333333,0.06671333333333333,5
2021-12-20,Materials,0.06671333333333333,0.07782000000000001,5
2021-12-21,Materials,0.07782000000000001,0.07782000000000001,5
2021-12-22,Materials,0.07782000000000001,0.07782000000000001,5
2021-12-23,Materials,0.07782000000000001,0.16787,5
2021-12-27,Materials,0.16787,0.07015999999999999,5
2021-12-28,Materials,0.07015999999999999,0.18919,5
2021-12-29,Materials,0.18919,0.28667,5
2021-12-30,Materials,0.28667,0.27754999999999996,5
2021-12-31,Materials,0.27754999999999996,0.27754999999999996,5
2022-01-03,Materials,0.27754999999999996,0.20803,5
2022-01-04,Materials,0.20803,0.12738,5
2022-01-05,Materials,0.12738,0.018213333333333335,5
2022-01-06,Materials,0.018213333333333335,0.14086666666666667,5
2022-01-07,Materials,0.14086666666666667,0.18105666666666667,5
2022-01-10,Materials,0.18105666666666667,0.24025666666666665,5
2022-01-11,Materials,0.24025666666666665,0.20006666666666667,5
2022-01-12,Materials,0.20006666666666667,0.14086666666666667,5
2022-01-13,Materials,0.14086666666666667,0.23784,5
2022-01-14,Materials,0.23784,0.19232666666666667,5
2022-01-18,Materials,0.19232666666666667,0.07902533333333335,5
2022-01-19,Materials,0.07902533333333335,0.15393866666666667,5
2022-01-20,Materials,0.15393866666666667,0.01323333333333333,5
2022-01-21,Materials,0.01323333333333333,0.08034666666666666,5
2022-01-24,Materials,0.08034666666666666,0.13702,5
2022-01-25,Materials,0.13702,0.09738,5
2022-01-26,Materials,0.09738,0.07742,5
2022-01-27,Materials,0.07742,0.09305250000000001,5
2022-01-28,Materials,0.09305250000000001,0.0356775,5
2022-01-31,Materials,0.0356775,-0.025259999999999994,5
2022-02-01,Materials,-0.025259999999999994,0.06943333333333335,5
2022-02-02,Materials,0.06943333333333335,0.12924333333333335,5
2022-02-03,Materials,0.12924333333333335,0.0005600000000000049,5
2022-02-04,Materials,0.0005600000000000049,0.12264000000000001,5
2022-02-07,Materials,0.12264000000000001,0.13164,5
2022-02-08,Materials,0.13164,0.1199,5
2022-02-09,Materials,0.1199,0.13896,5
2022-02-10,Materials,0.13896,0.05922000000000001,5
2022-02-11,Materials,0.05922000000000001,0.24967999999999999,5
2022-02-14,Materials,0.24967999999999999,0.16333999999999999,5
2022-02-15,Materials,0.16333999999999999,0.09534000000000001,5
2022-02-16,Materials,0.09534000000000001,-0.003920000000000002,5
2022-02-17,Materials,-0.003920000000000002,0.0,5
2022-02-18,Materials,0.0,-0.15641600000000003,5
2022-02-22,Materials,-0.15641600000000003,0.10001666666666668,5
2022-02-23,Materials,0.10001666666666668,0.23998999999999998,5
2022-02-24,Materials,0.23998999999999998,0.22519,5
2022-02-25,Materials,0.22519,0.09534000000000001,5
2022-02-28,Materials,0.09534000000000001,-0.0034399999999999986,5
2022-03-01,Materials,-0.0034399999999999986,0.10212000000000002,5
2022-03-02,Materials,0.10212000000000002,0.07998999999999999,5
2022-03-03,Materials,0.07998999999999999,0.07998999999999999,5
2022-03-04,Materials,0.07998999999999999,-0.0041799999999999945,5
2022-03-07,Materials,-0.0041799999999999945,0.04526,5
2022-03-08,Materials,0.04526,0.10216,5
2022-03-09,Materials,0.10216,0.055900000000000005,5
2022-03-10,Materials,0.055900000000000005,0.13502,5
2022-03-11,Materials,0.13502,0.10415333333333335,5
2022-03-14,Materials,0.10415333333333335,0.15415333333333334,5
2022-03-15,Materials,0.15415333333333334,0.21619333333333338,5
2022-03-16,Materials,0.21619333333333338,0.22168333333333332,5
2022-03-17,Materials,0.22168333333333332,0.182325,5
2022-03-18,Materials,0.182325,0.010940000000000016,5
2022-03-21,Materials,0.010940000000000016,0.16297333333333333,5
2022-03-22,Materials,0.16297333333333333,0.1183,5
2022-03-23,Materials,0.1183,0.034,5
2022-03-24,Materials,0.034,0.10037,5
2022-03-25,Materials,0.10037,0.17660666666666666,5
2022-03-28,Materials,0.17660666666666666,0.21276,5
2022-03-29,Materials,0.21276,-0.0010066666666666668,5
2022-03-30,Materials,-0.0010066666666666668,0.068,5
2022-03-31,Materials,0.068,0.30778999999999995,5
2022-04-01,Materials,0.30778999999999995,0.43062999999999996,5
2022-04-04,Materials,0.43062999999999996,0.19585000000000002,5
2022-04-05,Materials,0.19585000000000002,0.16853999999999997,5
2022-04-06,Materials,0.16853999999999997,0.16645333333333334,5
2022-04-07,Materials,0.16645333333333334,0.16132,5
2022-04-08,Materials,0.16132,0.17911000000000002,5
2022-04-11,Materials,0.17911000000000002,0.33958000000000005,5
2022-04-12,Materials,0.33958000000000005,0.15298099999999998,5
2022-04-13,Materials,0.15298099999999998,0.2803916666666667,5
2022-04-14,Materials,0.2803916666666667,0.166475,5
2022-04-18,Materials,0.166475,0.12001500000000001,5
2022-04-19,Materials,0.12001500000000001,-0.03286,5
2022-04-20,Materials,-0.03286,-0.014888666666666661,5
2022-04-21,Materials,-0.014888666666666661,0.06708044444444444,5
2022-04-22,Materials,0.06708044444444444,0.03382488888888889,5
2022-04-25,Materials,0.03382488888888889,0.19662083333333333,5
2022-04-26,Materials,0.19662083333333333,0.09084,5
2022-04-27,Materials,0.09084,0.005510000000000004,5
2022-04-28,Materials,0.005510000000000004,-0.038823333333333335,5
2022-04-29,Materials,-0.038823333333333335,0.045476666666666665,5
2022-05-02,Materials,0.045476666666666665,-0.018213333333333335,5
2022-05-03,Materials,-0.018213333333333335,-0.03238666666666666,5
2022-05-04,Materials,-0.03238666666666666,0.05425333333333334,5
2022-05-05,Materials,0.05425333333333334,0.14361333333333337,5
2022-05-06,Materials,0.14361333333333337,0.13005666666666665,5
2022-05-09,Materials,0.13005666666666665,0.01752666666666668,5
2022-05-10,Materials,0.01752666666666668,0.2419,5
2022-05-11,Materials,0.2419,0.2419,5
2022-05-12,Materials,0.2419,0.3014266666666666,5
2022-05-13,Materials,0.3014266666666666,0.2880366666666666,5
2022-05-16,Materials,0.2880366666666666,0.24240666666666666,5
2022-05-17,Materials,0.24240666666666666,0.20361166666666666,5
2022-05-18,Materials,0.20361166666666666,0.26281166666666667,5
2022-05-19,Materials,0.26281166666666667,0.21696666666666667,5
2022-05-20,Materials,0.21696666666666667,0.23373,5
2022-05-23,Materials,0.23373,0.286215,5
2022-05-24,Materials,0.286215,0.06038,5
2022-05-25,Materials,0.06038,0.2143066666666667,5
2022-05-26,Materials,0.2143066666666667,0.116025,5
2022-05-27,Materials,0.116025,0.0060599999999999985,5
2022-05-31,Materials,0.0060599999999999985,0.15314999999999998,5
2022-06-01,Materials,0.15314999999999998,0.0791,5
2022-06-02,Materials,0.0791,0.16463999999999998,5
2022-06-03,Materials,0.16463999999999998,0.05983999999999999,5
2022-06-06,Materials,0.05983999999999999,0.13911,5
2022-06-07,Materials,0.13911,0.11139999999999999,5
2022-06-08,Materials,0.11139999999999999,-0.024929999999999997,5
2022-06-09,Materials,-0.024929999999999997,0.023219999999999998,5
2022-06-10,Materials,0.023219999999999998,-0.05716000000000001,5
2022-06-13,Materials,-0.05716000000000001,-0.060529999999999994,5
2022-06-14,Materials,-0.060529999999999994,0.12944,5
2022-06-15,Materials,0.12944,0.18414800000000003,5
2022-06-16,Materials,0.18414800000000003,0.249804,5
2022-06-17,Materials,0.249804,0.10868,5
2022-06-21,Materials,0.10868,0.14652000000000004,5
2022-06-22,Materials,0.14652000000000004,0.16743333333333332,5
2022-06-23,Materials,0.16743333333333332,0.14873666666666666,5
2022-06-24,Materials,0.14873666666666666,0.12282666666666667,5
2022-06-27,Materials,0.12282666666666667,0.2773466666666667,5
2022-06-28,Materials,0.2773466666666667,0.2679666666666667,5
2022-06-29,Materials,0.2679666666666667,0.15828666666666666,5
2022-06-30,Materials,0.15828666666666666,0.10093666666666667,5
2022-07-01,Materials,0.10093666666666667,0.15865,5
2022-07-05,Materials,0.15865,0.15793,5
2022-07-06,Materials,0.15793,0.18658000000000002,5
2022-07-07,Materials,0.18658000000000002,-0.040319999999999995,5
2022-07-08,Materials,-0.040319999999999995,-0.008350000000000002,5
2022-07-11,Materials,-0.008350000000000002,-0.018499999999999996,5
2022-07-12,Materials,-0.018499999999999996,-0.018499999999999996,5
2022-07-13,Materials,-0.018499999999999996,0.02324000000000001,5
2022-07-14,Materials,0.02324000000000001,0.004996666666666672,5
2022-07-15,Materials,0.004996666666666672,-0.12583,5
2022-07-18,Materials,-0.12583,0.0068699999999999985,5
2022-07-19,Materials,0.0068699999999999985,0.07680000000000001,5
2022-07-20,Materials,0.07680000000000001,0.04224,5
2022-07-21,Materials,0.04224,0.04465333333333334,5
2022-07-22,Materials,0.04465333333333334,0.032003333333333335,5
2022-07-25,Materials,0.032003333333333335,0.13010921568627454,5
2022-07-26,Materials,0.13010921568627454,-0.015216666666666661,5
2022-07-27,Materials,-0.015216666666666661,0.10222619047619048,5
2022-07-28,Materials,0.10222619047619048,0.07645285714285714,5
2022-07-29,Materials,0.07645285714285714,0.007602857142857142,5
2022-08-01,Materials,0.007602857142857142,0.007602857142857142,5
2022-08-02,Materials,0.007602857142857142,0.04639685714285714,5
2022-08-03,Materials,0.04639685714285714,0.12335399999999996,5
2022-08-04,Materials,0.12335399999999996,0.04609,5
2022-08-05,Materials,0.04609,0.07774,5
2022-08-08,Materials,0.07774,0.14816000000000001,5
2022-08-09,Materials,0.14816000000000001,0.22039999999999998,5
2022-08-10,Materials,0.22039999999999998,0.19866,5
2022-08-11,Materials,0.19866,0.19866,5
2022-08-12,Materials,0.19866,0.19866,5
2022-08-15,Materials,0.19866,0.09979333333333333,5
2022-08-16,Materials,0.09979333333333333,0.03612,5
2022-08-17,Materials,0.03612,0.04404,5
2022-08-18,Materials,0.04404,0.06667000000000001,5
2022-08-19,Materials,0.06667000000000001,0.06667000000000001,5
2022-08-22,Materials,0.06667000000000001,0.09827,5
2022-08-23,Materials,0.09827,0.06087,5
2022-08-24,Materials,0.06087,0.013486666666666666,5
2022-08-25,Materials,0.013486666666666666,0.00258,5
2022-08-26,Materials,0.00258,0.15306999999999998,5
2022-08-29,Materials,0.15306999999999998,0.09715,5
2022-08-30,Materials,0.09715,0.024589999999999994,5
2022-08-31,Materials,0.024589999999999994,0.02794,5
2022-09-01,Materials,0.02794,0.09111,5
2022-09-02,Materials,0.09111,0.09152,5
2022-09-06,Materials,0.09152,0.0,5
2022-09-07,Materials,0.0,0.026530000000000005,5
2022-09-08,Materials,0.026530000000000005,0.18839,5
2022-09-09,Materials,0.18839,0.14855999999999997,5
2022-09-12,Materials,0.14855999999999997,-0.05408999999999999,5
2022-09-13,Materials,-0.05408999999999999,0.04583,5
2022-09-14,Materials,0.04583,0.10938666666666667,5
2022-09-15,Materials,0.10938666666666667,0.01982333333333334,5
2022-09-16,Materials,0.01982333333333334,0.03398666666666667,5
2022-09-19,Materials,0.03398666666666667,-0.09429,5
2022-09-20,Materials,-0.09429,-0.09429,5
2022-09-21,Materials,-0.09429,-0.04379999999999999,5
2022-09-22,Materials,-0.04379999999999999,0.17302666666666666,5
2022-09-23,Materials,0.17302666666666666,0.22188666666666665,5
2022-09-26,Materials,0.22188666666666665,0.23052,5
2022-09-27,Materials,0.23052,0.23052,5
2022-09-28,Materials,0.23052,0.06695333333333334,5
2022-09-29,Materials,0.06695333333333334,0.011219999999999999,5
2022-09-30,Materials,0.011219999999999999,0.00516,5
2022-10-03,Materials,0.00516,0.07601,5
2022-10-04,Materials,0.07601,0.15816000000000002,5
2022-10-05,Materials,0.15816000000000002,0.055900000000000005,5
2022-10-06,Materials,0.055900000000000005,-0.14186,5
2022-10-07,Materials,-0.14186,-0.14894,5
2022-10-10,Materials,-0.14894,0.09469000000000001,5
2022-10-11,Materials,0.09469000000000001,0.04046,5
2022-10-12,Materials,0.04046,0.10846,5
2022-10-13,Materials,0.10846,-0.08795,5
2022-10-14,Materials,-0.08795,-0.003649999999999998,5
2022-10-17,Materials,-0.003649999999999998,-0.03291499999999999,5
2022-10-18,Materials,-0.03291499999999999,0.07888,5
2022-10-19,Materials,0.07888,0.04562,5
2022-10-20,Materials,0.04562,0.014628333333333332,5
2022-10-21,Materials,0.014628333333333332,0.17062333333333335,5
2022-10-24,Materials,0.17062333333333335,0.16315666666666667,5
2022-10-25,Materials,0.16315666666666667,0.09930666666666668,5
2022-10-26,Materials,0.09930666666666668,0.031306666666666684,5
2022-10-27,Materials,0.031306666666666684,0.23017000000000004,5
2022-10-28,Materials,0.23017000000000004,0.12805,5
2022-10-31,Materials,0.12805,0.12805,5
2022-11-01,Materials,0.12805,-0.08116999999999999,5
2022-11-02,Materials,-0.08116999999999999,-0.07396666666666667,5
2022-11-03,Materials,-0.07396666666666667,0.07948999999999999,5
2022-11-04,Materials,0.07948999999999999,0.07948999999999999,5
2022-11-07,Materials,0.07948999999999999,0.0,5
2022-11-08,Materials,0.0,0.041085714285714295,5
2022-11-09,Materials,0.041085714285714295,0.08808,5
2022-11-10,Materials,0.08808,0.0,5
2022-11-11,Materials,0.0,0.0765,5
2022-11-14,Materials,0.0765,0.06600000000000002,5
2022-11-15,Materials,0.06600000000000002,0.23030999999999996,5
2022-11-16,Materials,0.23030999999999996,0.23030999999999996,5
2022-11-17,Materials,0.23030999999999996,0.20261,5
2022-11-18,Materials,0.20261,0.17526666666666668,5
2022-11-21,Materials,0.17526666666666668,0.21030000000000001,5
2022-11-22,Materials,0.21030000000000001,0.21030000000000001,5
2022-11-23,Materials,0.21030000000000001,0.20586000000000002,5
2022-11-25,Materials,0.20586000000000002,0.16540000000000002,5
2022-11-28,Materials,0.16540000000000002,0.16540000000000002,5
2022-11-29,Materials,0.16540000000000002,0.029599999999999998,5
2022-11-30,Materials,0.029599999999999998,0.22732000000000002,5
2022-12-01,Materials,0.22732000000000002,0.12828666666666666,5
2022-12-02,Materials,0.12828666666666666,-0.07071333333333334,5
2022-12-05,Materials,-0.07071333333333334,-0.07071333333333334,5
2022-12-06,Materials,-0.07071333333333334,0.0056666666666666645,5
2022-12-07,Materials,0.0056666666666666645,0.0056666666666666645,5
2022-12-08,Materials,0.0056666666666666645,0.14166666666666666,5
2022-12-09,Materials,0.14166666666666666,0.13735666666666665,5
2022-12-12,Materials,0.13735666666666665,-0.010629999999999995,5
2022-12-13,Materials,-0.010629999999999995,0.1562,5
2022-12-14,Materials,0.1562,0.10186999999999999,5
2022-12-15,Materials,0.10186999999999999,0.10186999999999999,5
2022-12-16,Materials,0.10186999999999999,-0.023110000000000002,5
2022-12-19,Materials,-0.023110000000000002,0.13479666666666665,5
2022-12-20,Materials,0.13479666666666665,0.19609333333333331,5
2022-12-21,Materials,0.19609333333333331,0.14001999999999998,5
2022-12-22,Materials,0.14001999999999998,0.03818,5
2022-12-23,Materials,0.03818,0.03818,5
2022-12-27,Materials,0.03818,0.2083,5
2022-12-28,Materials,0.2083,0.0655,5
2022-12-29,Materials,0.0655,0.13643,5
2022-12-30,Materials,0.13643,0.07729,5
2023-01-03,Materials,0.07729,0.10212000000000002,5
2023-01-04,Materials,0.10212000000000002,0.04404,5
2023-01-05,Materials,0.04404,0.17031000000000002,5
2023-01-06,Materials,0.17031000000000002,0.047670000000000004,5
2023-01-09,Materials,0.047670000000000004,0.12805,5
2023-01-10,Materials,0.12805,0.16076,5
2023-01-11,Materials,0.16076,0.15686166666666668,5
2023-01-12,Materials,0.15686166666666668,0.16082000000000002,5
2023-01-13,Materials,0.16082000000000002,0.28611,5
2023-01-17,Materials,0.28611,0.14957,5
2023-01-18,Materials,0.14957,0.14215499999999998,5
2023-01-19,Materials,0.14215499999999998,0.10161666666666666,5
2023-01-20,Materials,0.10161666666666666,0.1786666666666667,5
2023-01-23,Materials,0.1786666666666667,0.04119333333333333,5
2023-01-24,Materials,0.04119333333333333,0.022205000000000003,5
2023-01-25,Materials,0.022205000000000003,-0.056687999999999995,5
2023-01-26,Materials,-0.056687999999999995,0.06047178571428572,5
2023-01-27,Materials,0.06047178571428572,0.04836928571428571,5
2023-01-30,Materials,0.04836928571428571,0.13146928571428568,5
2023-01-31,Materials,0.13146928571428568,0.048014999999999995,5
2023-02-01,Materials,0.048014999999999995,0.0041049999999999975,5
2023-02-02,Materials,0.0041049999999999975,0.007614999999999999,5
2023-02-03,Materials,0.007614999999999999,0.015421,5
2023-02-06,Materials,0.015421,0.09793499999999997,5
2023-02-07,Materials,0.09793499999999997,-0.06289,5
2023-02-08,Materials,-0.06289,-0.009935000000000005,5
2023-02-09,Materials,-0.009935000000000005,-0.04826999999999999,5
2023-02-10,Materials,-0.04826999999999999,-0.04248,5
2023-02-13,Materials,-0.04248,0.01777,5
2023-02-14,Materials,0.01777,0.01794,5
2023-02-15,Materials,0.01794,0.006237142857142858,5
2023-02-16,Materials,0.006237142857142858,0.12777,5
2023-02-17,Materials,0.12777,0.0006949999999999956,5
2023-02-21,Materials,0.0006949999999999956,-0.051695000000000005,5
2023-02-22,Materials,-0.051695000000000005,0.04289,5
2023-02-23,Materials,0.04289,-0.03507166666666667,5
2023-02-24,Materials,-0.03507166666666667,0.04802333333333333,5
2023-02-27,Materials,0.04802333333333333,0.2454,5
2023-02-28,Materials,0.2454,0.34752,5
2023-03-01,Materials,0.34752,0.18262,5
2023-03-02,Materials,0.18262,0.0638,5
2023-03-03,Materials,0.0638,0.00024799999999999936,5
2023-03-06,Materials,0.00024799999999999936,0.034248,5
2023-03-07,Materials,0.034248,0.047670000000000004,5
2023-03-08,Materials,0.047670000000000004,0.0991,5
2023-03-09,Materials,0.0991,-0.010039999999999999,5
2023-03-10,Materials,-0.010039999999999999,0.11800000000000002,5
2023-03-13,Materials,0.11800000000000002,0.13992,5
2023-03-14,Materials,0.13992,0.06376000000000001,5
2023-03-15,Materials,0.06376000000000001,0.08374181818181818,5
2023-03-16,Materials,0.08374181818181818,0.07726666666666668,5
2023-03-17,Materials,0.07726666666666668,-0.006796190476190472,5
2023-03-20,Materials,-0.006796190476190472,0.14259666666666668,5
2023-03-21,Materials,0.14259666666666668,0.04481500000000001,5
2023-03-22,Materials,0.04481500000000001,0.07820666666666667,5
2023-03-23,Materials,0.07820666666666667,0.046794999999999996,5
2023-03-24,Materials,0.046794999999999996,0.046794999999999996,5
2023-03-27,Materials,0.046794999999999996,0.05826166666666667,5
2023-03-28,Materials,0.05826166666666667,0.14841,5
2023-03-29,Materials,0.14841,0.08631333333333333,5
2023-03-30,Materials,0.08631333333333333,0.02561,5
2023-03-31,Materials,0.02561,0.10028999999999999,5
2023-04-03,Materials,0.10028999999999999,-0.052669999999999995,5
2023-04-04,Materials,-0.052669999999999995,0.06972666666666667,5
2023-04-05,Materials,0.06972666666666667,0.17040000000000002,5
2023-04-06,Materials,0.17040000000000002,0.14561,5
2023-04-10,Materials,0.14561,0.19867285714285715,5
2023-04-11,Materials,0.19867285714285715,0.05121428571428571,5
2023-04-12,Materials,0.05121428571428571,0.09709428571428572,5
2023-04-13,Materials,0.09709428571428572,-0.008149999999999996,5
2023-04-14,Materials,-0.008149999999999996,0.007760000000000003,5
2023-04-17,Materials,0.007760000000000003,0.10533999999999999,5
2023-04-18,Materials,0.10533999999999999,0.09810999999999999,5
2023-04-19,Materials,0.09810999999999999,0.007636666666666672,5
2023-04-20,Materials,0.007636666666666672,0.07934242857142856,5
2023-04-21,Materials,0.07934242857142856,0.043396000000000004,5
2023-04-24,Materials,0.043396000000000004,0.06069,5
2023-04-25,Materials,0.06069,0.021563809523809527,5
2023-04-26,Materials,0.021563809523809527,-0.04766999999999998,5
2023-04-27,Materials,-0.04766999999999998,0.06583333333333334,5
2023-04-28,Materials,0.06583333333333334,0.13098,5
2023-05-01,Materials,0.13098,0.12647,5
2023-05-02,Materials,0.12647,0.034,5
2023-05-03,Materials,0.034,-0.075676,5
2023-05-04,Materials,-0.075676,0.045410000000000006,5
2023-05-05,Materials,0.045410000000000006,0.11587,5
2023-05-08,Materials,0.11587,0.176925,5
2023-05-09,Materials,0.176925,0.142885,5
2023-05-10,Materials,0.142885,0.088005,5
2023-05-11,Materials,0.088005,0.19445666666666667,5
2023-05-12,Materials,0.19445666666666667,0.16918,5
2023-05-15,Materials,0.16918,0.1564057142857143,5
2023-05-16,Materials,0.1564057142857143,0.08112666666666665,5
2023-05-17,Materials,0.08112666666666665,0.05608666666666666,5
2023-05-18,Materials,0.05608666666666666,0.03275,5
2023-05-19,Materials,0.03275,0.0,5
2023-05-22,Materials,0.0,0.09043399999999999,5
2023-05-23,Materials,0.09043399999999999,0.10665200000000001,5
2023-05-24,Materials,0.10665200000000001,0.09176,5
2023-05-25,Materials,0.09176,0.06755066666666668,5
2023-05-26,Materials,0.06755066666666668,0.06214000000000001,5
2023-05-30,Materials,0.06214000000000001,0.139436,5
2023-05-31,Materials,0.139436,0.16268666666666667,5
2023-06-01,Materials,0.16268666666666667,-0.008402999999999994,5
2023-06-02,Materials,-0.008402999999999994,0.07349214285714287,5
2023-06-05,Materials,0.07349214285714287,0.03356,5
2023-06-06,Materials,0.03356,0.011000000000000015,5
2023-06-07,Materials,0.011000000000000015,0.18686,5
2023-06-08,Materials,0.18686,0.13948,5
2023-06-09,Materials,0.13948,0.20748000000000003,5
2023-06-12,Materials,0.20748000000000003,0.19716000000000003,5
2023-06-13,Materials,0.19716000000000003,0.35150000000000003,5
2023-06-14,Materials,0.35150000000000003,0.40534,5
2023-06-15,Materials,0.40534,0.09620999999999999,5
2023-06-16,Materials,0.09620999999999999,0.14135999999999999,5
2023-06-20,Materials,0.14135999999999999,0.18395999999999998,5
2023-06-21,Materials,0.18395999999999998,0.13445000000000001,5
2023-06-22,Materials,0.13445000000000001,0.13041,5
2023-06-23,Materials,0.13041,0.060149999999999995,5
2023-06-26,Materials,0.060149999999999995,0.12383999999999999,5
2023-06-27,Materials,0.12383999999999999,0.12264,5
2023-06-28,Materials,0.12264,0.20529000000000003,5
2023-06-29,Materials,0.20529000000000003,0.03507333333333334,5
2023-06-30,Materials,0.03507333333333334,-0.07432,5
2023-07-03,Materials,-0.07432,-0.05165333333333333,5
2023-07-05,Materials,-0.05165333333333333,0.2187066666666667,5
2023-07-06,Materials,0.2187066666666667,0.18426000000000003,5
2023-07-07,Materials,0.18426000000000003,0.20481600000000003,5
2023-07-10,Materials,0.20481600000000003,0.29897999999999997,5
2023-07-11,Materials,0.29897999999999997,0.09022,5
2023-07-12,Materials,0.09022,0.10863,5
2023-07-13,Materials,0.10863,0.0,5
2023-07-14,Materials,0.0,0.0,5
2023-07-17,Materials,0.0,-0.05453999999999999,5
2023-07-18,Materials,-0.05453999999999999,-0.10099,5
2023-07-19,Materials,-0.10099,-0.04215,5
2023-07-20,Materials,-0.04215,-0.033235,5
2023-07-21,Materials,-0.033235,-0.04404,5
2023-07-24,Materials,-0.04404,0.10476214285714285,5
2023-07-25,Materials,0.10476214285714285,0.13000515151515152,5
2023-07-26,Materials,0.13000515151515152,0.06137533333333332,5
2023-07-27,Materials,0.06137533333333332,0.0072949999999999985,5
2023-07-28,Materials,0.0072949999999999985,0.061935,5
2023-07-31,Materials,0.061935,0.061935,5
2023-08-01,Materials,0.061935,0.16848,5
2023-08-02,Materials,0.16848,-0.006648000000000004,5
2023-08-03,Materials,-0.006648000000000004,0.06111,5
2023-08-04,Materials,0.06111,0.06111,5
2023-08-07,Materials,0.06111,0.06111,5
2023-08-08,Materials,0.06111,0.03585000000000001,5
2023-08-09,Materials,0.03585000000000001,0.15438999999999997,5
2023-08-10,Materials,0.15438999999999997,0.04404,5
2023-08-11,Materials,0.04404,0.10398666666666667,5
2023-08-14,Materials,0.10398666666666667,0.16220333333333334,5
2023-08-15,Materials,0.16220333333333334,0.022365,5
2023-08-16,Materials,0.022365,0.022365,5
2023-08-17,Materials,0.022365,0.133335,5
2023-08-18,Materials,0.133335,0.084485,5
2023-08-21,Materials,0.084485,0.020211428571428578,5
2023-08-22,Materials,0.020211428571428578,0.015086666666666668,5
2023-08-23,Materials,0.015086666666666668,0.015086666666666668,5
2023-08-24,Materials,0.015086666666666668,0.11655,5
2023-08-25,Materials,0.11655,0.18505333333333335,5
2023-08-28,Materials,0.18505333333333335,0.23579333333333335,5
2023-08-29,Materials,0.23579333333333335,0.1477133333333333,5
2023-08-30,Materials,0.1477133333333333,0.20428666666666667,5
2023-08-31,Materials,0.20428666666666667,0.22718666666666665,5
2023-09-01,Materials,0.22718666666666665,0.32808000000000004,5
2023-09-05,Materials,0.32808000000000004,0.06364,5
2023-09-06,Materials,0.06364,0.12696000000000002,5
2023-09-07,Materials,0.12696000000000002,0.08052000000000001,5
2023-09-08,Materials,0.08052000000000001,0.20315333333333335,5
2023-09-11,Materials,0.20315333333333335,0.16076,5
2023-09-12,Materials,0.16076,0.14032,5
2023-09-13,Materials,0.14032,0.15901,5
2023-09-14,Materials,0.15901,0.13516,5
2023-09-15,Materials,0.13516,0.11775499999999998,5
2023-09-18,Materials,0.11775499999999998,0.15597599999999998,5
2023-09-19,Materials,0.15597599999999998,0.039215999999999994,5
2023-09-20,Materials,0.039215999999999994,0.04983,5
2023-09-21,Materials,0.04983,0.10848,5
2023-09-22,Materials,0.10848,0.13144,5
2023-09-25,Materials,0.13144,-0.0769525,5
2023-09-26,Materials,-0.0769525,-0.04963249999999999,5
2023-09-27,Materials,-0.04963249999999999,0.11567333333333334,5
2023-09-28,Materials,0.11567333333333334,0.09181333333333334,5
2023-09-29,Materials,0.09181333333333334,0.09566333333333335,5
2023-10-02,Materials,0.09566333333333335,0.18959,5
2023-10-03,Materials,0.18959,0.15875714285714287,5
2023-10-04,Materials,0.15875714285714287,0.013823809523809516,5
2023-10-05,Materials,0.013823809523809516,0.09684666666666666,5
2023-10-06,Materials,0.09684666666666666,0.11656,5
2023-10-09,Materials,0.11656,0.06788,5
2023-10-10,Materials,0.06788,0.03236,5
2023-10-11,Materials,0.03236,0.15402666666666667,5
2023-10-12,Materials,0.15402666666666667,0.12335,5
2023-10-13,Materials,0.12335,0.10563666666666667,5
2023-10-16,Materials,0.10563666666666667,0.14119166666666666,5
2023-10-17,Materials,0.14119166666666666,0.06980666666666667,5
2023-10-18,Materials,0.06980666666666667,-0.07511999999999999,5
2023-10-19,Materials,-0.07511999999999999,0.02732,5
2023-10-20,Materials,0.02732,-0.10848,5
2023-10-23,Materials,-0.10848,0.09567333333333335,5
2023-10-24,Materials,0.09567333333333335,0.1783575,5
2023-10-25,Materials,0.1783575,0.15714,5
2023-10-26,Materials,0.15714,0.12770083333333332,5
2023-10-27,Materials,0.12770083333333332,0.12016750000000001,5
2023-10-30,Materials,0.12016750000000001,0.16892000000000001,5
2023-10-31,Materials,0.16892000000000001,0.03558,5
2023-11-01,Materials,0.03558,0.23231000000000002,5
2023-11-02,Materials,0.23231000000000002,0.11769999999999999,5
2023-11-03,Materials,0.11769999999999999,0.14933,5
2023-11-06,Materials,0.14933,0.29603999999999997,5
2023-11-07,Materials,0.29603999999999997,0.09720000000000001,5
2023-11-08,Materials,0.09720000000000001,0.08526,5
2023-11-09,Materials,0.08526,0.00129,5
2023-11-10,Materials,0.00129,-0.010600000000000009,5
2023-11-13,Materials,-0.010600000000000009,0.03222666666666667,5
2023-11-14,Materials,0.03222666666666667,0.12562666666666666,5
2023-11-15,Materials,0.12562666666666666,0.19899999999999998,5
2023-11-16,Materials,0.19899999999999998,0.07955,5
2023-11-17,Materials,0.07955,0.23243999999999998,5
2023-11-20,Materials,0.23243999999999998,0.35345,5
2023-11-21,Materials,0.35345,0.11498,5
2023-11-22,Materials,0.11498,0.17488666666666666,5
2023-11-24,Materials,0.17488666666666666,0.09573499999999999,5
2023-11-27,Materials,0.09573499999999999,0.09742666666666666,5
2023-11-28,Materials,0.09742666666666666,0.14300666666666664,5
2023-11-29,Materials,0.14300666666666664,0.1826233333333333,5
2023-11-30,Materials,0.1826233333333333,0.08708,5
2023-12-01,Materials,0.08708,0.12362999999999999,5
2023-12-04,Materials,0.12362999999999999,0.12362999999999999,5
2023-12-05,Materials,0.12362999999999999,0.12362999999999999,5
2023-12-06,Materials,0.12362999999999999,0.08038,5
2023-12-07,Materials,0.08038,0.01587499999999999,5
2023-12-08,Materials,0.01587499999999999,0.15875333333333333,5
2023-12-11,Materials,0.15875333333333333,0.14307333333333333,5
2023-12-12,Materials,0.14307333333333333,0.04636000000000002,5
2023-12-13,Materials,0.04636000000000002,0.3476233333333334,5
2023-12-14,Materials,0.3476233333333334,0.09524000000000002,5
2023-12-15,Materials,0.09524000000000002,0.04060000000000001,5
2023-12-18,Materials,0.04060000000000001,-0.007109999999999994,5
2023-12-19,Materials,-0.007109999999999994,-0.007109999999999994,5
2023-12-20,Materials,-0.007109999999999994,-0.007109999999999994,5
2023-12-21,Materials,-0.007109999999999994,-0.007109999999999994,5
2023-12-22,Materials,-0.007109999999999994,-0.007109999999999994,5
2023-12-26,Materials,-0.007109999999999994,-0.007109999999999994,5
2023-12-27,Materials,-0.007109999999999994,-0.007109999999999994,5
2023-12-28,Materials,-0.007109999999999994,-0.007109999999999994,5
2023-12-29,Materials,-0.007109999999999994,-0.007109999999999994,5
2020-01-02,RealEstate,0.0,0.007240000000000002,5
2020-01-03,RealEstate,0.007240000000000002,-0.038419999999999996,5
2020-01-06,RealEstate,-0.038419999999999996,0.054819999999999994,5
2020-01-07,RealEstate,0.054819999999999994,0.23739999999999997,5
2020-01-08,RealEstate,0.23739999999999997,0.19707999999999998,5
2020-01-09,RealEstate,0.19707999999999998,0.16308,5
2020-01-10,RealEstate,0.16308,-0.08412,5
2020-01-13,RealEstate,-0.08412,0.07472,5
2020-01-14,RealEstate,0.07472,0.017720000000000003,5
2020-01-15,RealEstate,0.017720000000000003,0.048494999999999996,5
2020-01-16,RealEstate,0.048494999999999996,0.18165499999999998,5
2020-01-17,RealEstate,0.18165499999999998,0.15122,5
2020-01-21,RealEstate,0.15122,0.12666666666666665,5
2020-01-22,RealEstate,0.12666666666666665,0.08665999999999999,5
2020-01-23,RealEstate,0.08665999999999999,0.18839999999999998,5
2020-01-24,RealEstate,0.18839999999999998,0.08016000000000001,5
2020-01-27,RealEstate,0.08016000000000001,0.05106000000000001,5
2020-01-28,RealEstate,0.05106000000000001,0.07579,5
2020-01-29,RealEstate,0.07579,0.17457,5
2020-01-30,RealEstate,0.17457,0.02408,5
2020-01-31,RealEstate,0.02408,0.16884000000000002,5
2020-02-03,RealEstate,0.16884000000000002,0.11956,5
2020-02-04,RealEstate,0.11956,0.05198333333333334,5
2020-02-05,RealEstate,0.05198333333333334,0.026530000000000005,5
2020-02-06,RealEstate,0.026530000000000005,0.27351000000000003,5
2020-02-07,RealEstate,0.27351000000000003,0.14371,5
2020-02-10,RealEstate,0.14371,0.10113333333333334,5
2020-02-11,RealEstate,0.10113333333333334,0.06997333333333335,5
2020-02-12,RealEstate,0.06997333333333335,0.15045333333333336,5
2020-02-13,RealEstate,0.15045333333333336,0.110812,5
2020-02-14,RealEstate,0.110812,0.09492,5
2020-02-18,RealEstate,0.09492,0.10593000000000001,5
2020-02-19,RealEstate,0.10593000000000001,0.0,5
2020-02-20,RealEstate,0.0,0.04649366666666667,5
2020-02-21,RealEstate,0.04649366666666667,0.03327666666666666,5
2020-02-24,RealEstate,0.03327666666666666,0.048205,5
2020-02-25,RealEstate,0.048205,0.0320275,5
2020-02-26,RealEstate,0.0320275,0.008821999999999997,5
2020-02-27,RealEstate,0.008821999999999997,0.09872633333333333,5
2020-02-28,RealEstate,0.09872633333333333,-0.02119777777777778,5
2020-03-02,RealEstate,-0.02119777777777778,0.09632266666666667,5
2020-03-03,RealEstate,0.09632266666666667,0.117415,5
2020-03-04,RealEstate,0.117415,0.22469,5
2020-03-05,RealEstate,0.22469,0.28724,5
2020-03-06,RealEstate,0.28724,0.28952999999999995,5
2020-03-09,RealEstate,0.28952999999999995,0.19483999999999999,5
2020-03-10,RealEstate,0.19483999999999999,0.29569,5
2020-03-11,RealEstate,0.29569,0.30446,5
2020-03-12,RealEstate,0.30446,0.014060000000000017,5
2020-03-13,RealEstate,0.014060000000000017,0.14221,5
2020-03-16,RealEstate,0.14221,-0.03439416666666667,5
2020-03-17,RealEstate,-0.03439416666666667,0.10169333333333333,5
2020-03-18,RealEstate,0.10169333333333333,0.12355333333333332,5
2020-03-19,RealEstate,0.12355333333333332,0.22549333333333332,5
2020-03-20,RealEstate,0.22549333333333332,0.14497500000000002,5
2020-03-23,RealEstate,0.14497500000000002,0.04303,5
2020-03-24,RealEstate,0.04303,0.028860000000000004,5
2020-03-25,RealEstate,0.028860000000000004,0.2806,5
2020-03-26,RealEstate,0.2806,0.35171,5
2020-03-27,RealEstate,0.35171,0.37566,5
2020-03-30,RealEstate,0.37566,0.265285,5
2020-03-31,RealEstate,0.265285,-0.13208499999999998,5
2020-04-01,RealEstate,-0.13208499999999998,-0.18782666666666667,5
2020-04-02,RealEstate,-0.18782666666666667,-0.031220000000000005,5
2020-04-03,RealEstate,-0.031220000000000005,0.10811,5
2020-04-06,RealEstate,0.10811,0.18088333333333334,5
2020-04-07,RealEstate,0.18088333333333334,0.09704333333333334,5
2020-04-08,RealEstate,0.09704333333333334,0.43206,5
2020-04-09,RealEstate,0.43206,0.24424714285714283,5
2020-04-13,RealEstate,0.24424714285714283,-0.048139999999999995,5
2020-04-14,RealEstate,-0.048139999999999995,0.30794166666666667,5
2020-04-15,RealEstate,0.30794166666666667,0.07126000000000002,5
2020-04-16,RealEstate,0.07126000000000002,0.14595,5
2020-04-17,RealEstate,0.14595,0.3607,5
2020-04-20,RealEstate,0.3607,0.04218333333333334,5
2020-04-21,RealEstate,0.04218333333333334,0.030495000000000005,5
2020-04-22,RealEstate,0.030495000000000005,0.192355,5
2020-04-23,RealEstate,0.192355,0.2669,5
2020-04-24,RealEstate,0.2669,0.18323499999999998,5
2020-04-27,RealEstate,0.18323499999999998,0.05312333333333334,5
2020-04-28,RealEstate,0.05312333333333334,0.0026000000000000025,5
2020-04-29,RealEstate,0.0026000000000000025,0.055499393939393946,5
2020-04-30,RealEstate,0.055499393939393946,0.004203333333333337,5
2020-05-01,RealEstate,0.004203333333333337,0.16833499999999998,5
2020-05-04,RealEstate,0.16833499999999998,0.17063333333333336,5
2020-05-05,RealEstate,0.17063333333333336,-0.06620000000000001,5
2020-05-06,RealEstate,-0.06620000000000001,-0.017170000000000008,5
2020-05-07,RealEstate,-0.017170000000000008,0.158102,5
2020-05-08,RealEstate,0.158102,0.227705,5
2020-05-11,RealEstate,0.227705,0.221585,5
2020-05-12,RealEstate,0.221585,0.06389666666666666,5
2020-05-13,RealEstate,0.06389666666666666,-0.14689000000000002,5
2020-05-14,RealEstate,-0.14689000000000002,0.15836666666666666,5
2020-05-15,RealEstate,0.15836666666666666,0.07487,5
2020-05-18,RealEstate,0.07487,0.12758999999999998,5
2020-05-19,RealEstate,0.12758999999999998,0.3996666666666667,5
2020-05-20,RealEstate,0.3996666666666667,0.06369,5
2020-05-21,RealEstate,0.06369,0.06369,5
2020-05-22,RealEstate,0.06369,0.06369,5
2020-05-26,RealEstate,0.06369,0.20390000000000003,5
2020-05-27,RealEstate,0.20390000000000003,0.45546999999999993,5
2020-05-28,RealEstate,0.45546999999999993,0.329055,5
2020-05-29,RealEstate,0.329055,0.11661000000000002,5
2020-06-01,RealEstate,0.11661000000000002,-0.05612,5
2020-06-02,RealEstate,-0.05612,-0.018680000000000002,5
2020-06-03,RealEstate,-0.018680000000000002,-0.005730000000000002,5
2020-06-04,RealEstate,-0.005730000000000002,0.11679999999999999,5
2020-06-05,RealEstate,0.11679999999999999,0.0872,5
2020-06-08,RealEstate,0.0872,0.10444,5
2020-06-09,RealEstate,0.10444,0.13014,5
2020-06-10,RealEstate,0.13014,0.14522666666666667,5
2020-06-11,RealEstate,0.14522666666666667,0.12477,5
2020-06-12,RealEstate,0.12477,0.02418,5
2020-06-15,RealEstate,0.02418,0.06437,5
2020-06-16,RealEstate,0.06437,0.11008,5
2020-06-17,RealEstate,0.11008,0.08415999999999998,5
2020-06-18,RealEstate,0.08415999999999998,0.23315000000000002,5
2020-06-19,RealEstate,0.23315000000000002,0.23315000000000002,5
2020-06-22,RealEstate,0.23315000000000002,0.23315000000000002,5
2020-06-23,RealEstate,0.23315000000000002,0.20776,5
2020-06-24,RealEstate,0.20776,0.05514,5
2020-06-25,RealEstate,0.05514,0.05514,5
2020-06-26,RealEstate,0.05514,-0.06842000000000001,5
2020-06-29,RealEstate,-0.06842000000000001,-0.07224,5
2020-06-30,RealEstate,-0.07224,0.14436,5
2020-07-01,RealEstate,0.14436,0.14436,5
2020-07-02,RealEstate,0.14436,-0.0256,5
2020-07-06,RealEstate,-0.0256,-0.06364,5
2020-07-07,RealEstate,-0.06364,0.03313000000000001,5
2020-07-08,RealEstate,0.03313000000000001,-0.02311000000000001,5
2020-07-09,RealEstate,-0.02311000000000001,-0.11988000000000001,5
2020-07-10,RealEstate,-0.11988000000000001,-0.10444,5
2020-07-13,RealEstate,-0.10444,-0.10444,5
2020-07-14,RealEstate,-0.10444,0.01544,5
2020-07-15,RealEstate,0.01544,0.00857,5
2020-07-16,RealEstate,0.00857,0.00857,5
2020-07-17,RealEstate,0.00857,0.00857,5
2020-07-20,RealEstate,0.00857,0.00857,5
2020-07-21,RealEstate,0.00857,0.026185999999999997,5
2020-07-22,RealEstate,0.026185999999999997,0.056055999999999995,5
2020-07-23,RealEstate,0.056055999999999995,0.076816,5
2020-07-24,RealEstate,0.076816,0.059199999999999996,5
2020-07-27,RealEstate,0.059199999999999996,0.1637,5
2020-07-28,RealEstate,0.1637,0.1637,5
2020-07-29,RealEstate,0.1637,0.10452999999999998,5
2020-07-30,RealEstate,0.10452999999999998,-0.09534000000000001,5
2020-07-31,RealEstate,-0.09534000000000001,0.02183999999999999,5
2020-08-03,RealEstate,0.02183999999999999,-0.01032,5
2020-08-04,RealEstate,-0.01032,-0.07026,5
2020-08-05,RealEstate,-0.07026,0.01928,5
2020-08-06,RealEstate,0.01928,0.0,5
2020-08-07,RealEstate,0.0,0.27158000000000004,5
2020-08-10,RealEstate,0.27158000000000004,0.24198000000000003,5
2020-08-11,RealEstate,0.24198000000000003,0.22024,5
2020-08-12,RealEstate,0.22024,0.13986,5
2020-08-13,RealEstate,0.13986,0.13986,5
2020-08-14,RealEstate,0.13986,0.07636,5
2020-08-17,RealEstate,0.07636,0.12738,5
2020-08-18,RealEstate,0.12738,0.23925999999999997,5
2020-08-19,RealEstate,0.23925999999999997,0.0,5
2020-08-20,RealEstate,0.0,0.0,5
2020-08-21,RealEstate,0.0,0.03374666666666666,5
2020-08-24,RealEstate,0.03374666666666666,-0.02054,5
2020-08-25,RealEstate,-0.02054,0.05,5
2020-08-26,RealEstate,0.05,0.09176,5
2020-08-27,RealEstate,0.09176,0.19455,5
2020-08-28,RealEstate,0.19455,0.11839999999999999,5
2020-08-31,RealEstate,0.11839999999999999,0.30096,5
2020-09-01,RealEstate,0.30096,0.08409,5
2020-09-02,RealEstate,0.08409,0.12168000000000001,5
2020-09-03,RealEstate,0.12168000000000001,0.12168000000000001,5
2020-09-04,RealEstate,0.12168000000000001,0.15261333333333332,5
2020-09-08,RealEstate,0.15261333333333332,0.18056333333333333,5
2020-09-09,RealEstate,0.18056333333333333,0.05558333333333332,5
2020-09-10,RealEstate,0.05558333333333332,0.05558333333333332,5
2020-09-11,RealEstate,0.05558333333333332,-0.05656999999999999,5
2020-09-14,RealEstate,-0.05656999999999999,0.13210000000000002,5
2020-09-15,RealEstate,0.13210000000000002,0.09661666666666666,5
2020-09-16,RealEstate,0.09661666666666666,0.06369,5
2020-09-17,RealEstate,0.06369,-0.12248,5
2020-09-18,RealEstate,-0.12248,0.08808,5
2020-09-21,RealEstate,0.08808,0.08808,5
2020-09-22,RealEstate,0.08808,0.0,5
2020-09-23,RealEstate,0.0,0.0,5
2020-09-24,RealEstate,0.0,0.0,5
2020-09-25,RealEstate,0.0,0.0,5
2020-09-28,RealEstate,0.0,0.04046,5
2020-09-29,RealEstate,0.04046,0.0,5
2020-09-30,RealEstate,0.0,0.07636,5
2020-10-01,RealEstate,0.07636,0.07636,5
2020-10-02,RealEstate,0.07636,0.07636,5
2020-10-05,RealEstate,0.07636,0.11438,5
2020-10-06,RealEstate,0.11438,0.20246,5
2020-10-07,RealEstate,0.20246,0.20246,5
2020-10-08,RealEstate,0.20246,0.20246,5
2020-10-09,RealEstate,0.20246,0.20246,5
2020-10-12,RealEstate,0.20246,0.11438,5
2020-10-13,RealEstate,0.11438,0.11438,5
2020-10-14,RealEstate,0.11438,0.16704999999999998,5
2020-10-15,RealEstate,0.16704999999999998,0.16704999999999998,5
2020-10-16,RealEstate,0.16704999999999998,0.16704999999999998,5
2020-10-19,RealEstate,0.16704999999999998,0.16704999999999998,5
2020-10-20,RealEstate,0.16704999999999998,0.19805,5
2020-10-21,RealEstate,0.19805,0.22765,5
2020-10-22,RealEstate,0.22765,0.025499999999999988,5
2020-10-23,RealEstate,0.025499999999999988,0.025499999999999988,5
2020-10-26,RealEstate,0.025499999999999988,0.04009999999999998,5
2020-10-27,RealEstate,0.04009999999999998,0.04009999999999998,5
2020-10-28,RealEstate,0.04009999999999998,0.14616,5
2020-10-29,RealEstate,0.14616,0.05464,5
2020-10-30,RealEstate,0.05464,0.05464,5
2020-11-02,RealEstate,0.05464,0.05464,5
2020-11-03,RealEstate,0.05464,0.05464,5
2020-11-04,RealEstate,0.05464,0.0,5
2020-11-05,RealEstate,0.0,0.02679333333333333,5
2020-11-06,RealEstate,0.02679333333333333,0.09966,5
2020-11-09,RealEstate,0.09966,0.20396,5
2020-11-10,RealEstate,0.20396,0.20396,5
2020-11-11,RealEstate,0.20396,0.20600000000000002,5
2020-11-12,RealEstate,0.20600000000000002,0.20600000000000002,5
2020-11-13,RealEstate,0.20600000000000002,0.16454,5
2020-11-16,RealEstate,0.16454,0.10533999999999999,5
2020-11-17,RealEstate,0.10533999999999999,0.10533999999999999,5
2020-11-18,RealEstate,0.10533999999999999,0.19341999999999998,5
2020-11-19,RealEstate,0.19341999999999998,0.19341999999999998,5
2020-11-20,RealEstate,0.19341999999999998,0.19341999999999998,5
2020-11-23,RealEstate,0.19341999999999998,0.10533999999999999,5
2020-11-24,RealEstate,0.10533999999999999,0.16960999999999998,5
2020-11-25,RealEstate,0.16960999999999998,0.16960999999999998,5
2020-11-27,RealEstate,0.16960999999999998,0.11039999999999998,5
2020-11-30,RealEstate,0.11039999999999998,0.1343,5
2020-12-01,RealEstate,0.1343,0.16183999999999998,5
2020-12-02,RealEstate,0.16183999999999998,0.22056,5
2020-12-03,RealEstate,0.22056,0.31794,5
2020-12-04,RealEstate,0.31794,0.24158,5
2020-12-07,RealEstate,0.24158,0.33692,5
2020-12-08,RealEstate,0.33692,0.27771999999999997,5
2020-12-09,RealEstate,0.27771999999999997,0.21230000000000002,5
2020-12-10,RealEstate,0.21230000000000002,0.21230000000000002,5
2020-12-11,RealEstate,0.21230000000000002,0.00258,5
2020-12-14,RealEstate,0.00258,0.017852,5
2020-12-15,RealEstate,0.017852,0.08424000000000001,5
2020-12-16,RealEstate,0.08424000000000001,0.22136999999999998,5
2020-12-17,RealEstate,0.22136999999999998,0.04019,5
2020-12-18,RealEstate,0.04019,0.07656,5
2020-12-21,RealEstate,0.07656,0.06369,5
2020-12-22,RealEstate,0.06369,0.06369,5
2020-12-23,RealEstate,0.06369,0.06369,5
2020-12-24,RealEstate,0.06369,0.11539999999999999,5
2020-12-28,RealEstate,0.11539999999999999,0.00678,5
2020-12-29,RealEstate,0.00678,0.02732,5
2020-12-30,RealEstate,0.02732,0.0,5
2020-12-31,RealEstate,0.0,0.04074,5
2021-01-04,RealEstate,0.04074,0.0,5
2021-01-05,RealEstate,0.0,0.0,5
2021-01-06,RealEstate,0.0,0.029599999999999998,5
2021-01-07,RealEstate,0.029599999999999998,0.029599999999999998,5
2021-01-08,RealEstate,0.029599999999999998,0.08424000000000001,5
2021-01-11,RealEstate,0.08424000000000001,0.08674,5
2021-01-12,RealEstate,0.08674,-0.025206666666666665,5
2021-01-13,RealEstate,-0.025206666666666665,0.14032666666666666,5
2021-01-14,RealEstate,0.14032666666666666,0.12059333333333333,5
2021-01-15,RealEstate,0.12059333333333333,0.18456999999999998,5
2021-01-19,RealEstate,0.18456999999999998,0.12738,5
2021-01-20,RealEstate,0.12738,0.12993000000000002,5
2021-01-21,RealEstate,0.12993000000000002,0.12993000000000002,5
2021-01-22,RealEstate,0.12993000000000002,0.12993000000000002,5
2021-01-25,RealEstate,0.12993000000000002,0.21038666666666667,5
2021-01-26,RealEstate,0.21038666666666667,0.23012000000000002,5
2021-01-27,RealEstate,0.23012000000000002,0.2950933333333333,5
2021-01-28,RealEstate,0.2950933333333333,0.18111333333333332,5
2021-01-29,RealEstate,0.18111333333333332,0.11890333333333333,5
2021-02-01,RealEstate,0.11890333333333333,0.14471333333333333,5
2021-02-02,RealEstate,0.14471333333333333,0.060193333333333335,5
2021-02-03,RealEstate,0.060193333333333335,0.15488,5
2021-02-04,RealEstate,0.15488,0.12083999999999999,5
2021-02-05,RealEstate,0.12083999999999999,0.17776,5
2021-02-08,RealEstate,0.17776,0.23859999999999998,5
2021-02-09,RealEstate,0.23859999999999998,0.22214,5
2021-02-10,RealEstate,0.22214,0.22214,5
2021-02-11,RealEstate,0.22214,0.08808,5
2021-02-12,RealEstate,0.08808,0.5176999999999999,5
2021-02-16,RealEstate,0.5176999999999999,0.50265,5
2021-02-17,RealEstate,0.50265,0.28719,5
2021-02-18,RealEstate,0.28719,0.28719,5
2021-02-19,RealEstate,0.28719,0.034,5
2021-02-22,RealEstate,0.034,0.0,5
2021-02-23,RealEstate,0.0,0.04046,5
2021-02-24,RealEstate,0.04046,0.02266666666666667,5
2021-02-25,RealEstate,0.02266666666666667,0.031408000000000005,5
2021-02-26,RealEstate,0.031408000000000005,0.07034,5
2021-03-01,RealEstate,0.07034,0.4231,5
2021-03-02,RealEstate,0.4231,0.29572000000000004,5
2021-03-03,RealEstate,0.29572000000000004,0.00172,5
2021-03-04,RealEstate,0.00172,0.11148,5
2021-03-05,RealEstate,0.11148,0.0,5
2021-03-08,RealEstate,0.0,0.22386,5
2021-03-09,RealEstate,0.22386,0.22386,5
2021-03-10,RealEstate,0.22386,0.25944,5
2021-03-11,RealEstate,0.25944,0.32308,5
2021-03-12,RealEstate,0.32308,0.08768000000000001,5
2021-03-15,RealEstate,0.08768000000000001,0.28554666666666667,5
2021-03-16,RealEstate,0.28554666666666667,0.021633333333333334,5
2021-03-17,RealEstate,0.021633333333333334,-0.02571,5
2021-03-18,RealEstate,-0.02571,0.17936000000000002,5
2021-03-19,RealEstate,0.17936000000000002,0.17936000000000002,5
2021-03-22,RealEstate,0.17936000000000002,0.17936000000000002,5
2021-03-23,RealEstate,0.17936000000000002,0.025019999999999997,5
2021-03-24,RealEstate,0.025019999999999997,0.025019999999999997,5
2021-03-25,RealEstate,0.025019999999999997,0.10424,5
2021-03-26,RealEstate,0.10424,0.10424,5
2021-03-29,RealEstate,0.10424,0.06455,5
2021-03-30,RealEstate,0.06455,0.08668,5
2021-03-31,RealEstate,0.08668,0.08668,5
2021-04-01,RealEstate,0.08668,0.027839999999999993,5
2021-04-05,RealEstate,0.027839999999999993,-0.015433333333333344,5
2021-04-06,RealEstate,-0.015433333333333344,0.13874666666666666,5
2021-04-07,RealEstate,0.13874666666666666,0.2624,5
2021-04-08,RealEstate,0.2624,0.16706,5
2021-04-09,RealEstate,0.16706,0.16706,5
2021-04-12,RealEstate,0.16706,0.20804,5
2021-04-13,RealEstate,0.20804,0.19771999999999998,5
2021-04-14,RealEstate,0.19771999999999998,0.12972,5
2021-04-15,RealEstate,0.12972,0.09176,5
2021-04-16,RealEstate,0.09176,0.09176,5
2021-04-19,RealEstate,0.09176,0.10767,5
2021-04-20,RealEstate,0.10767,0.10767,5
2021-04-21,RealEstate,0.10767,0.10767,5
2021-04-22,RealEstate,0.10767,0.09629,5
2021-04-23,RealEstate,0.09629,0.25195,5
2021-04-26,RealEstate,0.25195,0.0636,5
2021-04-27,RealEstate,0.0636,0.0636,5
2021-04-28,RealEstate,0.0636,0.17568666666666669,5
2021-04-29,RealEstate,0.17568666666666669,0.162866,5
2021-04-30,RealEstate,0.162866,0.25803000000000004,5
2021-05-03,RealEstate,0.25803000000000004,0.37956,5
2021-05-04,RealEstate,0.37956,0.37956,5
2021-05-05,RealEstate,0.37956,0.07194,5
2021-05-06,RealEstate,0.07194,0.059840000000000004,5
2021-05-07,RealEstate,0.059840000000000004,0.059840000000000004,5
2021-05-10,RealEstate,0.059840000000000004,0.059840000000000004,5
2021-05-11,RealEstate,0.059840000000000004,0.047099999999999996,5
2021-05-12,RealEstate,0.047099999999999996,0.12747999999999998,5
2021-05-13,RealEstate,0.12747999999999998,0.059199999999999996,5
2021-05-14,RealEstate,0.059199999999999996,0.059199999999999996,5
2021-05-17,RealEstate,0.059199999999999996,0.059199999999999996,5
2021-05-18,RealEstate,0.059199999999999996,0.0,5
2021-05-19,RealEstate,0.0,0.0,5
2021-05-20,RealEstate,0.0,0.0,5
2021-05-21,RealEstate,0.0,0.0,5
2021-05-24,RealEstate,0.0,0.04632,5
2021-05-25,RealEstate,0.04632,0.23349000000000003,5
2021-05-26,RealEstate,0.23349000000000003,0.0,5
2021-05-27,RealEstate,0.0,-0.01027,5
2021-05-28,RealEstate,-0.01027,0.20112000000000002,5
2021-06-01,RealEstate,0.20112000000000002,0.13889999999999997,5
2021-06-02,RealEstate,0.13889999999999997,0.26037,5
2021-06-03,RealEstate,0.26037,0.16021999999999997,5
2021-06-04,RealEstate,0.16021999999999997,0.13904,5
2021-06-07,RealEstate,0.13904,0.17313,5
2021-06-08,RealEstate,0.17313,0.17313,5
2021-06-09,RealEstate,0.17313,0.06952,5
2021-06-10,RealEstate,0.06952,0.15928,5
2021-06-11,RealEstate,0.15928,0.0,5
2021-06-14,RealEstate,0.0,-0.01544,5
2021-06-15,RealEstate,-0.01544,-0.08808,5
2021-06-16,RealEstate,-0.08808,-0.00914666666666667,5
2021-06-17,RealEstate,-0.00914666666666667,0.06645999999999999,5
2021-06-18,RealEstate,0.06645999999999999,0.15689000000000003,5
2021-06-21,RealEstate,0.15689000000000003,0.15689000000000003,5
2021-06-22,RealEstate,0.15689000000000003,0.018739999999999996,5
2021-06-23,RealEstate,0.018739999999999996,0.018739999999999996,5
2021-06-24,RealEstate,0.018739999999999996,-0.057620000000000005,5
2021-06-25,RealEstate,-0.057620000000000005,0.04653,5
2021-06-28,RealEstate,0.04653,-0.004273333333333332,5
2021-06-29,RealEstate,-0.004273333333333332,-0.017159999999999998,5
2021-06-30,RealEstate,-0.017159999999999998,-0.017159999999999998,5
2021-07-01,RealEstate,-0.017159999999999998,0.29901999999999995,5
2021-07-02,RealEstate,0.29901999999999995,0.5466,5
2021-07-06,RealEstate,0.5466,0.37326,5
2021-07-07,RealEstate,0.37326,0.39932,5
2021-07-08,RealEstate,0.39932,0.23212000000000002,5
2021-07-09,RealEstate,0.23212000000000002,0.08762,5
2021-07-12,RealEstate,0.08762,0.02842,5
2021-07-13,RealEstate,0.02842,0.02842,5
2021-07-14,RealEstate,0.02842,0.02023,5
2021-07-15,RealEstate,0.02023,0.0,5
2021-07-16,RealEstate,0.0,0.0,5
2021-07-19,RealEstate,0.0,-0.11438,5
2021-07-20,RealEstate,-0.11438,-0.11438,5
2021-07-21,RealEstate,-0.11438,-0.11438,5
2021-07-22,RealEstate,-0.11438,0.059199999999999996,5
2021-07-23,RealEstate,0.059199999999999996,0.059199999999999996,5
2021-07-26,RealEstate,0.059199999999999996,0.15591,5
2021-07-27,RealEstate,0.15591,0.15591,5
2021-07-28,RealEstate,0.15591,0.12630999999999998,5
2021-07-29,RealEstate,0.12630999999999998,-0.068,5
2021-07-30,RealEstate,-0.068,-0.068,5
2021-08-02,RealEstate,-0.068,-0.044020000000000004,5
2021-08-03,RealEstate,-0.044020000000000004,0.014569999999999994,5
2021-08-04,RealEstate,0.014569999999999994,0.014569999999999994,5
2021-08-05,RealEstate,0.014569999999999994,0.014569999999999994,5
2021-08-06,RealEstate,0.014569999999999994,0.08879999999999999,5
2021-08-09,RealEstate,0.08879999999999999,0.08366499999999999,5
2021-08-10,RealEstate,0.08366499999999999,0.27538,5
2021-08-11,RealEstate,0.27538,0.29412000000000005,5
2021-08-12,RealEstate,0.29412000000000005,0.29412000000000005,5
2021-08-13,RealEstate,0.29412000000000005,0.29412000000000005,5
2021-08-16,RealEstate,0.29412000000000005,0.10316999999999998,5
2021-08-17,RealEstate,0.10316999999999998,0.19795,5
2021-08-18,RealEstate,0.19795,0.41389999999999993,5
2021-08-19,RealEstate,0.41389999999999993,0.41450999999999993,5
2021-08-20,RealEstate,0.41450999999999993,0.36837,5
2021-08-23,RealEstate,0.36837,0.28863,5
2021-08-24,RealEstate,0.28863,0.29783,5
2021-08-25,RealEstate,0.29783,0.23501,5
2021-08-26,RealEstate,0.23501,0.23501,5
2021-08-27,RealEstate,0.23501,0.08848999999999999,5
2021-08-30,RealEstate,0.08848999999999999,0.0612,5
2021-08-31,RealEstate,0.0612,0.009059999999999999,5
2021-09-01,RealEstate,0.009059999999999999,0.0637,5
2021-09-02,RealEstate,0.0637,0.0637,5
2021-09-03,RealEstate,0.0637,0.044419999999999994,5
2021-09-07,RealEstate,0.044419999999999994,0.12201999999999999,5
2021-09-08,RealEstate,0.12201999999999999,0.07954,5
2021-09-09,RealEstate,0.07954,0.06282,5
2021-09-10,RealEstate,0.06282,0.13578666666666667,5
2021-09-13,RealEstate,0.13578666666666667,0.0,5
2021-09-14,RealEstate,0.0,0.20424000000000003,5
2021-09-15,RealEstate,0.20424000000000003,0.10212000000000002,5
2021-09-16,RealEstate,0.10212000000000002,0.014099999999999991,5
2021-09-17,RealEstate,0.014099999999999991,-0.08556,5
2021-09-20,RealEstate,-0.08556,0.058589999999999996,5
2021-09-21,RealEstate,0.058589999999999996,0.034,5
2021-09-22,RealEstate,0.034,0.09469000000000001,5
2021-09-23,RealEstate,0.09469000000000001,0.09469000000000001,5
2021-09-24,RealEstate,0.09469000000000001,0.07446,5
2021-09-27,RealEstate,0.07446,0.14803,5
2021-09-28,RealEstate,0.14803,0.25337,5
2021-09-29,RealEstate,0.25337,0.13494,5
2021-09-30,RealEstate,0.13494,0.15044,5
2021-10-01,RealEstate,0.15044,0.12083999999999999,5
2021-10-04,RealEstate,0.12083999999999999,0.0,5
2021-10-05,RealEstate,0.0,0.0,5
2021-10-06,RealEstate,0.0,0.14811000000000002,5
2021-10-07,RealEstate,0.14811000000000002,0.14811000000000002,5
2021-10-08,RealEstate,0.14811000000000002,0.27549,5
2021-10-11,RealEstate,0.27549,0.08038,5
2021-10-12,RealEstate,0.08038,0.08038,5
2021-10-13,RealEstate,0.08038,0.20754,5
2021-10-14,RealEstate,0.20754,0.19206333333333334,5
2021-10-15,RealEstate,0.19206333333333334,0.21822,5
2021-10-18,RealEstate,0.21822,0.15698,5
2021-10-19,RealEstate,0.15698,0.10595999999999998,5
2021-10-20,RealEstate,0.10595999999999998,0.15596,5
2021-10-21,RealEstate,0.15596,0.128,5
2021-10-22,RealEstate,0.128,0.1836,5
2021-10-25,RealEstate,0.1836,0.060149999999999995,5
2021-10-26,RealEstate,0.060149999999999995,0.13843,5
2021-10-27,RealEstate,0.13843,0.027600000000000006,5
2021-10-28,RealEstate,0.027600000000000006,0.16318,5
2021-10-29,RealEstate,0.16318,0.14464333333333335,5
2021-11-01,RealEstate,0.14464333333333335,0.043289999999999995,5
2021-11-02,RealEstate,0.043289999999999995,0.05677666666666666,5
2021-11-03,RealEstate,0.05677666666666666,0.05677666666666666,5
2021-11-04,RealEstate,0.05677666666666666,0.1357,5
2021-11-05,RealEstate,0.1357,0.1357,5
2021-11-08,RealEstate,0.1357,0.00996,5
2021-11-09,RealEstate,0.00996,0.13899,5
2021-11-10,RealEstate,0.13899,0.13899,5
2021-11-11,RealEstate,0.13899,0.23664000000000002,5
2021-11-12,RealEstate,0.23664000000000002,0.16812,5
2021-11-15,RealEstate,0.16812,0.16999866666666666,5
2021-11-16,RealEstate,0.16999866666666666,0.15507666666666667,5
2021-11-17,RealEstate,0.15507666666666667,0.16519166666666668,5
2021-11-18,RealEstate,0.16519166666666668,0.3014166666666666,5
2021-11-19,RealEstate,0.3014166666666666,0.3014166666666666,5
2021-11-22,RealEstate,0.3014166666666666,0.24979666666666667,5
2021-11-23,RealEstate,0.24979666666666667,0.24979666666666667,5
2021-11-24,RealEstate,0.24979666666666667,0.25916666666666666,5
2021-11-26,RealEstate,0.25916666666666666,0.2823966666666667,5
2021-11-29,RealEstate,0.2823966666666667,0.12578,5
2021-11-30,RealEstate,0.12578,0.0,5
2021-12-01,RealEstate,0.0,0.04046,5
2021-12-02,RealEstate,0.04046,0.22946,5
2021-12-03,RealEstate,0.22946,0.02109999999999999,5
2021-12-06,RealEstate,0.02109999999999999,-0.0048099999999999974,5
2021-12-07,RealEstate,-0.0048099999999999974,-0.05464,5
2021-12-08,RealEstate,-0.05464,-0.04544,5
2021-12-09,RealEstate,-0.04544,0.18891999999999998,5
2021-12-10,RealEstate,0.18891999999999998,0.20424000000000003,5
2021-12-13,RealEstate,0.20424000000000003,0.013486666666666666,5
2021-12-14,RealEstate,0.013486666666666666,0.29263666666666666,5
2021-12-15,RealEstate,0.29263666666666666,0.1783266666666667,5
2021-12-16,RealEstate,0.1783266666666667,0.12493000000000001,5
2021-12-17,RealEstate,0.12493000000000001,0.10772999999999999,5
2021-12-20,RealEstate,0.10772999999999999,0.15667,5
2021-12-21,RealEstate,0.15667,0.27568,5
2021-12-22,RealEstate,0.27568,0.23521999999999998,5
2021-12-23,RealEstate,0.23521999999999998,0.12083999999999999,5
2021-12-27,RealEstate,0.12083999999999999,-0.0251,5
2021-12-28,RealEstate,-0.0251,0.0005000000000000004,5
2021-12-29,RealEstate,0.0005000000000000004,0.11879999999999999,5
2021-12-30,RealEstate,0.11879999999999999,0.17148999999999998,5
2021-12-31,RealEstate,0.17148999999999998,0.14518999999999999,5
2022-01-03,RealEstate,0.14518999999999999,0.10752999999999999,5
2022-01-04,RealEstate,0.10752999999999999,0.16673,5
2022-01-05,RealEstate,0.16673,0.10681999999999998,5
2022-01-06,RealEstate,0.10681999999999998,0.17759999999999998,5
2022-01-07,RealEstate,0.17759999999999998,0.17759999999999998,5
2022-01-10,RealEstate,0.17759999999999998,0.30498000000000003,5
2022-01-11,RealEstate,0.30498000000000003,0.012219999999999964,5
2022-01-12,RealEstate,0.012219999999999964,-0.174105,5
2022-01-13,RealEstate,-0.174105,-0.006319999999999992,5
2022-01-14,RealEstate,-0.006319999999999992,0.1226,5
2022-01-18,RealEstate,0.1226,-0.007669999999999999,5
2022-01-19,RealEstate,-0.007669999999999999,0.16993,5
2022-01-20,RealEstate,0.16993,0.27708,5
2022-01-21,RealEstate,0.27708,0.31821,5
2022-01-24,RealEstate,0.31821,0.16029,5
2022-01-25,RealEstate,0.16029,0.204535,5
2022-01-26,RealEstate,0.204535,0.12587500000000001,5
2022-01-27,RealEstate,0.12587500000000001,0.33623000000000003,5
2022-01-28,RealEstate,0.33623000000000003,0.009009999999999985,5
2022-01-31,RealEstate,0.009009999999999985,0.45203,5
2022-02-01,RealEstate,0.45203,0.39248000000000005,5
2022-02-02,RealEstate,0.39248000000000005,0.18727,5
2022-02-03,RealEstate,0.18727,0.19870000000000002,5
2022-02-04,RealEstate,0.19870000000000002,0.19870000000000002,5
2022-02-07,RealEstate,0.19870000000000002,0.062490000000000004,5
2022-02-08,RealEstate,0.062490000000000004,0.08823,5
2022-02-09,RealEstate,0.08823,0.06493,5
2022-02-10,RealEstate,0.06493,0.19182000000000002,5
2022-02-11,RealEstate,0.19182000000000002,0.08147,5
2022-02-14,RealEstate,0.08147,0.37518999999999997,5
2022-02-15,RealEstate,0.37518999999999997,0.38062,5
2022-02-16,RealEstate,0.38062,0.38026,5
2022-02-17,RealEstate,0.38026,0.04166,5
2022-02-18,RealEstate,0.04166,0.022399999999999996,5
2022-02-22,RealEstate,0.022399999999999996,0.106737,5
2022-02-23,RealEstate,0.106737,0.05957000000000001,5
2022-02-24,RealEstate,0.05957000000000001,0.234458,5
2022-02-25,RealEstate,0.234458,0.2160966666666667,5
2022-02-28,RealEstate,0.2160966666666667,0.04884666666666666,5
2022-03-01,RealEstate,0.04884666666666666,0.053946666666666664,5
2022-03-02,RealEstate,0.053946666666666664,0.06597,5
2022-03-03,RealEstate,0.06597,0.174575,5
2022-03-04,RealEstate,0.174575,0.26384833333333335,5
2022-03-07,RealEstate,0.26384833333333335,0.21774666666666667,5
2022-03-08,RealEstate,0.21774666666666667,0.1826866666666667,5
2022-03-09,RealEstate,0.1826866666666667,0.03414000000000001,5
2022-03-10,RealEstate,0.03414000000000001,0.10200000000000001,5
2022-03-11,RealEstate,0.10200000000000001,0.18164,5
2022-03-14,RealEstate,0.18164,0.12754000000000001,5
2022-03-15,RealEstate,0.12754000000000001,0.22911333333333336,5
2022-03-16,RealEstate,0.22911333333333336,0.30772000000000005,5
2022-03-17,RealEstate,0.30772000000000005,0.30772000000000005,5
2022-03-18,RealEstate,0.30772000000000005,0.07003000000000001,5
2022-03-21,RealEstate,0.07003000000000001,0.10527166666666665,5
2022-03-22,RealEstate,0.10527166666666665,0.11564666666666668,5
2022-03-23,RealEstate,0.11564666666666668,0.20372666666666667,5
2022-03-24,RealEstate,0.20372666666666667,0.12196666666666667,5
2022-03-25,RealEstate,0.12196666666666667,0.09628,5
2022-03-28,RealEstate,0.09628,0.13802,5
2022-03-29,RealEstate,0.13802,0.24170666666666668,5
2022-03-30,RealEstate,0.24170666666666668,0.3529966666666667,5
2022-03-31,RealEstate,0.3529966666666667,-0.0044399999999999995,5
2022-04-01,RealEstate,-0.0044399999999999995,0.24547999999999998,5
2022-04-04,RealEstate,0.24547999999999998,0.162575,5
2022-04-05,RealEstate,0.162575,0.191888,5
2022-04-06,RealEstate,0.191888,0.15688799999999997,5
2022-04-07,RealEstate,0.15688799999999997,0.08236,5
2022-04-08,RealEstate,0.08236,0.11839999999999999,5
2022-04-11,RealEstate,0.11839999999999999,0.021853333333333325,5
2022-04-12,RealEstate,0.021853333333333325,0.28442,5
2022-04-13,RealEstate,0.28442,0.24861,5
2022-04-14,RealEstate,0.24861,0.26885,5
2022-04-18,RealEstate,0.26885,0.128055,5
2022-04-19,RealEstate,0.128055,-0.04619399999999999,5
2022-04-20,RealEstate,-0.04619399999999999,-0.08509900000000001,5
2022-04-21,RealEstate,-0.08509900000000001,-0.015175000000000004,5
2022-04-22,RealEstate,-0.015175000000000004,0.11336500000000001,5
2022-04-25,RealEstate,0.11336500000000001,0.13704666666666668,5
2022-04-26,RealEstate,0.13704666666666668,0.0,5
2022-04-27,RealEstate,0.0,0.03168,5
2022-04-28,RealEstate,0.03168,0.10732,5
2022-04-29,RealEstate,0.10732,0.22458999999999998,5
2022-05-02,RealEstate,0.22458999999999998,0.19521000000000002,5
2022-05-03,RealEstate,0.19521000000000002,0.12713000000000002,5
2022-05-04,RealEstate,0.12713000000000002,0.08978666666666667,5
2022-05-05,RealEstate,0.08978666666666667,0.13503333333333334,5
2022-05-06,RealEstate,0.13503333333333334,0.07346,5
2022-05-09,RealEstate,0.07346,0.13553,5
2022-05-10,RealEstate,0.13553,0.04052000000000001,5
2022-05-11,RealEstate,0.04052000000000001,0.00647666666666667,5
2022-05-12,RealEstate,0.00647666666666667,0.26493333333333335,5
2022-05-13,RealEstate,0.26493333333333335,0.19337000000000001,5
2022-05-16,RealEstate,0.19337000000000001,0.15299666666666667,5
2022-05-17,RealEstate,0.15299666666666667,0.23020000000000002,5
2022-05-18,RealEstate,0.23020000000000002,0.0026599999999999957,5
2022-05-19,RealEstate,0.0026599999999999957,0.027245,5
2022-05-20,RealEstate,0.027245,0.07935999999999999,5
2022-05-23,RealEstate,0.07935999999999999,0.09847400000000002,5
2022-05-24,RealEstate,0.09847400000000002,0.284724,5
2022-05-25,RealEstate,0.284724,0.24749,5
2022-05-26,RealEstate,0.24749,0.14989000000000002,5
2022-05-27,RealEstate,0.14989000000000002,0.16845000000000002,5
2022-05-31,RealEstate,0.16845000000000002,0.135575,5
2022-06-01,RealEstate,0.135575,0.20380000000000004,5
2022-06-02,RealEstate,0.20380000000000004,0.23184,5
2022-06-03,RealEstate,0.23184,0.26971,5
2022-06-06,RealEstate,0.26971,0.14860199999999998,5
2022-06-07,RealEstate,0.14860199999999998,0.04432666666666667,5
2022-06-08,RealEstate,0.04432666666666667,0.11264400000000001,5
2022-06-09,RealEstate,0.11264400000000001,0.16446666666666668,5
2022-06-10,RealEstate,0.16446666666666668,0.15456666666666666,5
2022-06-13,RealEstate,0.15456666666666666,0.09178800000000001,5
2022-06-14,RealEstate,0.09178800000000001,0.08678999999999999,5
2022-06-15,RealEstate,0.08678999999999999,-0.02241,5
2022-06-16,RealEstate,-0.02241,0.08519,5
2022-06-17,RealEstate,0.08519,0.31608400000000003,5
2022-06-21,RealEstate,0.31608400000000003,0.22520333333333334,5
2022-06-22,RealEstate,0.22520333333333334,0.22565,5
2022-06-23,RealEstate,0.22565,0.20191999999999996,5
2022-06-24,RealEstate,0.20191999999999996,0.05606,5
2022-06-27,RealEstate,0.05606,0.08831,5
2022-06-28,RealEstate,0.08831,0.0913,5
2022-06-29,RealEstate,0.0913,0.14172999999999997,5
2022-06-30,RealEstate,0.14172999999999997,0.1464,5
2022-07-01,RealEstate,0.1464,0.09706000000000001,5
2022-07-05,RealEstate,0.09706000000000001,0.12405333333333335,5
2022-07-06,RealEstate,0.12405333333333335,-0.024019999999999996,5
2022-07-07,RealEstate,-0.024019999999999996,0.041206666666666676,5
2022-07-08,RealEstate,0.041206666666666676,0.19090000000000001,5
2022-07-11,RealEstate,0.19090000000000001,0.29322,5
2022-07-12,RealEstate,0.29322,0.12677999999999998,5
2022-07-13,RealEstate,0.12677999999999998,0.26908999999999994,5
2022-07-14,RealEstate,0.26908999999999994,0.25259,5
2022-07-15,RealEstate,0.25259,-0.190974,5
2022-07-18,RealEstate,-0.190974,0.09613000000000001,5
2022-07-19,RealEstate,0.09613000000000001,0.05084999999999999,5
2022-07-20,RealEstate,0.05084999999999999,0.11766000000000001,5
2022-07-21,RealEstate,0.11766000000000001,0.20354,5
2022-07-22,RealEstate,0.20354,0.38395999999999997,5
2022-07-25,RealEstate,0.38395999999999997,0.21288000000000004,5
2022-07-26,RealEstate,0.21288000000000004,0.10462,5
2022-07-27,RealEstate,0.10462,0.24497866666666662,5
2022-07-28,RealEstate,0.24497866666666662,0.12925166666666668,5
2022-07-29,RealEstate,0.12925166666666668,0.26866,5
2022-08-01,RealEstate,0.26866,0.35557,5
2022-08-02,RealEstate,0.35557,0.3383216666666667,5
2022-08-03,RealEstate,0.3383216666666667,0.12439666666666667,5
2022-08-04,RealEstate,0.12439666666666667,0.10949333333333336,5
2022-08-05,RealEstate,0.10949333333333336,0.22848000000000002,5
2022-08-08,RealEstate,0.22848000000000002,0.15362,5
2022-08-09,RealEstate,0.15362,0.27804,5
2022-08-10,RealEstate,0.27804,0.11800000000000002,5
2022-08-11,RealEstate,0.11800000000000002,0.25048,5
2022-08-12,RealEstate,0.25048,0.08175,5
2022-08-15,RealEstate,0.08175,-0.03005000000000002,5
2022-08-16,RealEstate,-0.03005000000000002,0.14214000000000002,5
2022-08-17,RealEstate,0.14214000000000002,0.175945,5
2022-08-18,RealEstate,0.175945,0.10484500000000001,5
2022-08-19,RealEstate,0.10484500000000001,0.33251,5
2022-08-22,RealEstate,0.33251,0.388542,5
2022-08-23,RealEstate,0.388542,0.233122,5
2022-08-24,RealEstate,0.233122,0.16047000000000003,5
2022-08-25,RealEstate,0.16047000000000003,0.30311,5
2022-08-26,RealEstate,0.30311,0.38002,5
2022-08-29,RealEstate,0.38002,0.19603833333333337,5
2022-08-30,RealEstate,0.19603833333333337,0.148545,5
2022-08-31,RealEstate,0.148545,0.22335,5
2022-09-01,RealEstate,0.22335,0.18867,5
2022-09-02,RealEstate,0.18867,0.19683333333333336,5
2022-09-06,RealEstate,0.19683333333333336,0.29120999999999997,5
2022-09-07,RealEstate,0.29120999999999997,0.05066666666666667,5
2022-09-08,RealEstate,0.05066666666666667,0.23678,5
2022-09-09,RealEstate,0.23678,0.5577,5
2022-09-12,RealEstate,0.5577,0.33622833333333335,5
2022-09-13,RealEstate,0.33622833333333335,0.09451000000000001,5
2022-09-14,RealEstate,0.09451000000000001,0.12735000000000002,5
2022-09-15,RealEstate,0.12735000000000002,0.25329999999999997,5
2022-09-16,RealEstate,0.25329999999999997,0.26837600000000006,5
2022-09-19,RealEstate,0.26837600000000006,0.237128,5
2022-09-20,RealEstate,0.237128,0.21516833333333335,5
2022-09-21,RealEstate,0.21516833333333335,0.09312000000000001,5
2022-09-22,RealEstate,0.09312000000000001,-0.09832999999999999,5
2022-09-23,RealEstate,-0.09832999999999999,-0.046493333333333324,5
2022-09-26,RealEstate,-0.046493333333333324,0.07312142857142859,5
2022-09-27,RealEstate,0.07312142857142859,0.2414214285714286,5
2022-09-28,RealEstate,0.2414214285714286,0.056676666666666674,5
2022-09-29,RealEstate,0.056676666666666674,0.13099666666666668,5
2022-09-30,RealEstate,0.13099666666666668,0.26187,5
2022-10-03,RealEstate,0.26187,0.28084000000000003,5
2022-10-04,RealEstate,0.28084000000000003,0.33353,5
2022-10-05,RealEstate,0.33353,0.19954999999999998,5
2022-10-06,RealEstate,0.19954999999999998,0.0843,5
2022-10-07,RealEstate,0.0843,0.13022499999999998,5
2022-10-10,RealEstate,0.13022499999999998,0.10796999999999998,5
2022-10-11,RealEstate,0.10796999999999998,0.04206,5
2022-10-12,RealEstate,0.04206,0.11249,5
2022-10-13,RealEstate,0.11249,0.05,5
2022-10-14,RealEstate,0.05,0.041640000000000024,5
2022-10-17,RealEstate,0.041640000000000024,0.10390800000000004,5
2022-10-18,RealEstate,0.10390800000000004,0.169123,5
2022-10-19,RealEstate,0.169123,0.15442,5
2022-10-20,RealEstate,0.15442,0.21181999999999998,5
2022-10-21,RealEstate,0.21181999999999998,0.300555,5
2022-10-24,RealEstate,0.300555,0.25793000000000005,5
2022-10-25,RealEstate,0.25793000000000005,0.09152,5
2022-10-26,RealEstate,0.09152,0.11638000000000001,5
2022-10-27,RealEstate,0.11638000000000001,-0.075526,5
2022-10-28,RealEstate,-0.075526,-0.075526,5
2022-10-31,RealEstate,-0.075526,0.19326714285714286,5
2022-11-01,RealEstate,0.19326714285714286,0.11007666666666667,5
2022-11-02,RealEstate,0.11007666666666667,0.04720333333333333,5
2022-11-03,RealEstate,0.04720333333333333,0.09317500000000001,5
2022-11-04,RealEstate,0.09317500000000001,0.014700000000000001,5
2022-11-07,RealEstate,0.014700000000000001,0.106415,5
2022-11-08,RealEstate,0.106415,0.187135,5
2022-11-09,RealEstate,0.187135,0.17314500000000002,5
2022-11-10,RealEstate,0.17314500000000002,0.09027500000000001,5
2022-11-11,RealEstate,0.09027500000000001,0.327605,5
2022-11-14,RealEstate,0.327605,0.2981183333333333,5
2022-11-15,RealEstate,0.2981183333333333,0.30513833333333334,5
2022-11-16,RealEstate,0.30513833333333334,0.2992533333333333,5
2022-11-17,RealEstate,0.2992533333333333,0.2992533333333333,5
2022-11-18,RealEstate,0.2992533333333333,0.0818533333333333,5
2022-11-21,RealEstate,0.0818533333333333,0.23056000000000001,5
2022-11-22,RealEstate,0.23056000000000001,0.05504,5
2022-11-23,RealEstate,0.05504,0.35184,5
2022-11-25,RealEstate,0.35184,0.35680000000000006,5
2022-11-28,RealEstate,0.35680000000000006,0.36463,5
2022-11-29,RealEstate,0.36463,0.36463,5
2022-11-30,RealEstate,0.36463,0.16735,5
2022-12-01,RealEstate,0.16735,0.25305999999999995,5
2022-12-02,RealEstate,0.25305999999999995,0.16166,5
2022-12-05,RealEstate,0.16166,0.26104000000000005,5
2022-12-06,RealEstate,0.26104000000000005,0.23544,5
2022-12-07,RealEstate,0.23544,0.32924,5
2022-12-08,RealEstate,0.32924,0.29524,5
2022-12-09,RealEstate,0.29524,0.4748099999999999,5
2022-12-12,RealEstate,0.4748099999999999,0.26774,5
2022-12-13,RealEstate,0.26774,0.04482000000000001,5
2022-12-14,RealEstate,0.04482000000000001,0.10200000000000001,5
2022-12-15,RealEstate,0.10200000000000001,0.034526666666666664,5
2022-12-16,RealEstate,0.034526666666666664,0.24228666666666668,5
2022-12-19,RealEstate,0.24228666666666668,0.16439499999999999,5
2022-12-20,RealEstate,0.16439499999999999,0.08515666666666667,5
2022-12-21,RealEstate,0.08515666666666667,0.02636,5
2022-12-22,RealEstate,0.02636,0.02636,5
2022-12-23,RealEstate,0.02636,0.02636,5
2022-12-27,RealEstate,0.02636,0.276205,5
2022-12-28,RealEstate,0.276205,0.25238666666666665,5
2022-12-29,RealEstate,0.25238666666666665,0.14012,5
2022-12-30,RealEstate,0.14012,0.11124999999999999,5
2023-01-03,RealEstate,0.11124999999999999,0.23373,5
2023-01-04,RealEstate,0.23373,0.22115999999999997,5
2023-01-05,RealEstate,0.22115999999999997,0.21685333333333334,5
2023-01-06,RealEstate,0.21685333333333334,0.15727833333333333,5
2023-01-09,RealEstate,0.15727833333333333,0.09050000000000002,5
2023-01-10,RealEstate,0.09050000000000002,-0.01629999999999999,5
2023-01-11,RealEstate,-0.01629999999999999,0.02188000000000001,5
2023-01-12,RealEstate,0.02188000000000001,-0.04803999999999999,5
2023-01-13,RealEstate,-0.04803999999999999,-0.06406999999999999,5
2023-01-17,RealEstate,-0.06406999999999999,0.02135,5
2023-01-18,RealEstate,0.02135,0.028216666666666668,5
2023-01-19,RealEstate,0.028216666666666668,0.17648,5
2023-01-20,RealEstate,0.17648,0.14062666666666668,5
2023-01-23,RealEstate,0.14062666666666668,0.08778,5
2023-01-24,RealEstate,0.08778,0.23321,5
2023-01-25,RealEstate,0.23321,0.3434666666666667,5
2023-01-26,RealEstate,0.3434666666666667,0.19529333333333335,5
2023-01-27,RealEstate,0.19529333333333335,0.24477333333333334,5
2023-01-30,RealEstate,0.24477333333333334,0.281555,5
2023-01-31,RealEstate,0.281555,0.19296000000000002,5
2023-02-01,RealEstate,0.19296000000000002,0.31418,5
2023-02-02,RealEstate,0.31418,0.17594,5
2023-02-03,RealEstate,0.17594,0.08510666666666666,5
2023-02-06,RealEstate,0.08510666666666666,0.17055904761904764,5
2023-02-07,RealEstate,0.17055904761904764,0.0911647619047619,5
2023-02-08,RealEstate,0.0911647619047619,-0.029599999999999998,5
2023-02-09,RealEstate,-0.029599999999999998,0.10973999999999999,5
2023-02-10,RealEstate,0.10973999999999999,0.25075000000000003,5
2023-02-13,RealEstate,0.25075000000000003,0.379235,5
2023-02-14,RealEstate,0.379235,0.15886,5
2023-02-15,RealEstate,0.15886,0.11417666666666666,5
2023-02-16,RealEstate,0.11417666666666666,0.07278333333333334,5
2023-02-17,RealEstate,0.07278333333333334,-0.019635000000000003,5
2023-02-21,RealEstate,-0.019635000000000003,0.05991777777777779,5
2023-02-22,RealEstate,0.05991777777777779,0.14578166666666667,5
2023-02-23,RealEstate,0.14578166666666667,0.08899666666666668,5
2023-02-24,RealEstate,0.08899666666666668,0.01942,5
2023-02-27,RealEstate,0.01942,0.09504,5
2023-02-28,RealEstate,0.09504,0.11682000000000001,5
2023-03-01,RealEstate,0.11682000000000001,0.13406,5
2023-03-02,RealEstate,0.13406,0.20618666666666668,5
2023-03-03,RealEstate,0.20618666666666668,0.13778666666666667,5
2023-03-06,RealEstate,0.13778666666666667,0.04136,5
2023-03-07,RealEstate,0.04136,0.12358,5
2023-03-08,RealEstate,0.12358,0.21033,5
2023-03-09,RealEstate,0.21033,0.16455,5
2023-03-10,RealEstate,0.16455,0.26161999999999996,5
2023-03-13,RealEstate,0.26161999999999996,0.021646666666666658,5
2023-03-14,RealEstate,0.021646666666666658,0.20270000000000002,5
2023-03-15,RealEstate,0.20270000000000002,0.185554,5
2023-03-16,RealEstate,0.185554,0.227,5
2023-03-17,RealEstate,0.227,0.23986999999999997,5
2023-03-20,RealEstate,0.23986999999999997,0.040580000000000005,5
2023-03-21,RealEstate,0.040580000000000005,0.35960666666666663,5
2023-03-22,RealEstate,0.35960666666666663,0.21108000000000002,5
2023-03-23,RealEstate,0.21108000000000002,0.14966,5
2023-03-24,RealEstate,0.14966,0.1272,5
2023-03-27,RealEstate,0.1272,0.040598,5
2023-03-28,RealEstate,0.040598,0.084488,5
2023-03-29,RealEstate,0.084488,0.12131333333333334,5
2023-03-30,RealEstate,0.12131333333333334,0.20723666666666668,5
2023-03-31,RealEstate,0.20723666666666668,0.23277,5
2023-04-03,RealEstate,0.23277,0.154318,5
2023-04-04,RealEstate,0.154318,0.21719500000000003,5
2023-04-05,RealEstate,0.21719500000000003,0.23837785714285714,5
2023-04-06,RealEstate,0.23837785714285714,0.16269,5
2023-04-10,RealEstate,0.16269,0.07998166666666667,5
2023-04-11,RealEstate,0.07998166666666667,0.35245000000000004,5
2023-04-12,RealEstate,0.35245000000000004,0.37478666666666666,5
2023-04-13,RealEstate,0.37478666666666666,0.15111000000000002,5
2023-04-14,RealEstate,0.15111000000000002,0.07364,5
2023-04-17,RealEstate,0.07364,0.010589999999999999,5
2023-04-18,RealEstate,0.010589999999999999,0.07534083333333333,5
2023-04-19,RealEstate,0.07534083333333333,0.08524466666666666,5
2023-04-20,RealEstate,0.08524466666666666,0.12767166666666668,5
2023-04-21,RealEstate,0.12767166666666668,0.22035999999999997,5
2023-04-24,RealEstate,0.22035999999999997,0.17015333333333332,5
2023-04-25,RealEstate,0.17015333333333332,0.07972666666666667,5
2023-04-26,RealEstate,0.07972666666666667,-0.021108333333333333,5
2023-04-27,RealEstate,-0.021108333333333333,0.03009,5
2023-04-28,RealEstate,0.03009,0.15228,5
2023-05-01,RealEstate,0.15228,0.07571333333333333,5
2023-05-02,RealEstate,0.07571333333333333,0.04447333333333333,5
2023-05-03,RealEstate,0.04447333333333333,0.06244000000000001,5
2023-05-04,RealEstate,0.06244000000000001,0.047404,5
2023-05-05,RealEstate,0.047404,0.1686933333333334,5
2023-05-08,RealEstate,0.1686933333333334,0.11322666666666667,5
2023-05-09,RealEstate,0.11322666666666667,0.15368666666666667,5
2023-05-10,RealEstate,0.15368666666666667,0.011099999999999999,5
2023-05-11,RealEstate,0.011099999999999999,0.04404,5
2023-05-12,RealEstate,0.04404,0.10773000000000002,5
2023-05-15,RealEstate,0.10773000000000002,0.1353166666666667,5
2023-05-16,RealEstate,0.1353166666666667,0.08574000000000001,5
2023-05-17,RealEstate,0.08574000000000001,0.068,5
2023-05-18,RealEstate,0.068,0.04904333333333333,5
2023-05-19,RealEstate,0.04904333333333333,0.041893333333333324,5
2023-05-22,RealEstate,0.041893333333333324,0.16393333333333332,5
2023-05-23,RealEstate,0.16393333333333332,0.09618,5
2023-05-24,RealEstate,0.09618,0.18024,5
2023-05-25,RealEstate,0.18024,0.1068,5
2023-05-26,RealEstate,0.1068,0.1068,5
2023-05-30,RealEstate,0.1068,0.15797,5
2023-05-31,RealEstate,0.15797,0.24384,5
2023-06-01,RealEstate,0.24384,0.15748666666666666,5
2023-06-02,RealEstate,0.15748666666666666,0.0344,5
2023-06-05,RealEstate,0.0344,0.08667333333333334,5
2023-06-06,RealEstate,0.08667333333333334,0.14470666666666665,5
2023-06-07,RealEstate,0.14470666666666665,0.17645999999999998,5
2023-06-08,RealEstate,0.17645999999999998,0.054165,5
2023-06-09,RealEstate,0.054165,0.15136500000000003,5
2023-06-12,RealEstate,0.15136500000000003,0.221325,5
2023-06-13,RealEstate,0.221325,0.118485,5
2023-06-14,RealEstate,0.118485,0.11719499999999998,5
2023-06-15,RealEstate,0.11719499999999998,0.11988000000000001,5
2023-06-16,RealEstate,0.11988000000000001,0.004733333333333348,5
2023-06-20,RealEstate,0.004733333333333348,-0.023386666666666663,5
2023-06-21,RealEstate,-0.023386666666666663,0.0,5
2023-06-22,RealEstate,0.0,0.046345000000000004,5
2023-06-23,RealEstate,0.046345000000000004,0.11247666666666664,5
2023-06-26,RealEstate,0.11247666666666664,0.15677,5
2023-06-27,RealEstate,0.15677,0.29811999999999994,5
2023-06-28,RealEstate,0.29811999999999994,0.25156999999999996,5
2023-06-29,RealEstate,0.25156999999999996,0.28229000000000004,5
2023-06-30,RealEstate,0.28229000000000004,0.18713,5
2023-07-03,RealEstate,0.18713,0.198415,5
2023-07-05,RealEstate,0.198415,0.21950333333333333,5
2023-07-06,RealEstate,0.21950333333333333,0.09404666666666665,5
2023-07-07,RealEstate,0.09404666666666665,-0.05175666666666667,5
2023-07-10,RealEstate,-0.05175666666666667,0.053630000000000025,5
2023-07-11,RealEstate,0.053630000000000025,0.019569999999999997,5
2023-07-12,RealEstate,0.019569999999999997,0.1404,5
2023-07-13,RealEstate,0.1404,0.12031666666666667,5
2023-07-14,RealEstate,0.12031666666666667,0.033350000000000005,5
2023-07-17,RealEstate,0.033350000000000005,0.20958133333333331,5
2023-07-18,RealEstate,0.20958133333333331,0.11400133333333333,5
2023-07-19,RealEstate,0.11400133333333333,0.15344000000000002,5
2023-07-20,RealEstate,0.15344000000000002,0.018511047619047618,5
2023-07-21,RealEstate,0.018511047619047618,0.15518200000000001,5
2023-07-24,RealEstate,0.15518200000000001,0.28876333333333337,5
2023-07-25,RealEstate,0.28876333333333337,0.08721999999999999,5
2023-07-26,RealEstate,0.08721999999999999,0.07527466666666666,5
2023-07-27,RealEstate,0.07527466666666666,0.13904,5
2023-07-28,RealEstate,0.13904,0.25882666666666665,5
2023-07-31,RealEstate,0.25882666666666665,0.133585,5
2023-08-01,RealEstate,0.133585,0.11908,5
2023-08-02,RealEstate,0.11908,0.062884,5
2023-08-03,RealEstate,0.062884,-0.0043533333333333315,5
2023-08-04,RealEstate,-0.0043533333333333315,-0.08486,5
2023-08-07,RealEstate,-0.08486,-0.06077333333333333,5
2023-08-08,RealEstate,-0.06077333333333333,-0.024653333333333336,5
2023-08-09,RealEstate,-0.024653333333333336,-0.08808,5
2023-08-10,RealEstate,-0.08808,0.326865,5
2023-08-11,RealEstate,0.326865,0.27958,5
2023-08-14,RealEstate,0.27958,0.2165633333333333,5
2023-08-15,RealEstate,0.2165633333333333,0.13365,5
2023-08-16,RealEstate,0.13365,0.19539,5
2023-08-17,RealEstate,0.19539,0.07299833333333332,5
2023-08-18,RealEstate,0.07299833333333332,0.12370333333333335,5
2023-08-21,RealEstate,0.12370333333333335,0.16249333333333332,5
2023-08-22,RealEstate,0.16249333333333332,0.28146,5
2023-08-23,RealEstate,0.28146,0.28146,5
2023-08-24,RealEstate,0.28146,0.06904,5
2023-08-25,RealEstate,0.06904,0.07510666666666667,5
2023-08-28,RealEstate,0.07510666666666667,0.19812,5
2023-08-29,RealEstate,0.19812,0.20947999999999997,5
2023-08-30,RealEstate,0.20947999999999997,0.20192000000000002,5
2023-08-31,RealEstate,0.20192000000000002,0.162438,5
2023-09-01,RealEstate,0.162438,0.29385999999999995,5
2023-09-05,RealEstate,0.29385999999999995,0.1552346666666667,5
2023-09-06,RealEstate,0.1552346666666667,0.19938666666666668,5
2023-09-07,RealEstate,0.19938666666666668,0.02266666666666667,5
2023-09-08,RealEstate,0.02266666666666667,0.20400000000000001,5
2023-09-11,RealEstate,0.20400000000000001,0.24696600000000002,5
2023-09-12,RealEstate,0.24696600000000002,-0.04018999999999999,5
2023-09-13,RealEstate,-0.04018999999999999,0.12744333333333333,5
2023-09-14,RealEstate,0.12744333333333333,0.11438,5
2023-09-15,RealEstate,0.11438,0.2822766666666666,5
2023-09-18,RealEstate,0.2822766666666666,0.17939000000000002,5
2023-09-19,RealEstate,0.17939000000000002,0.264,5
2023-09-20,RealEstate,0.264,0.46643000000000007,5
2023-09-21,RealEstate,0.46643000000000007,0.2015366666666667,5
2023-09-22,RealEstate,0.2015366666666667,0.18021,5
2023-09-25,RealEstate,0.18021,0.05838666666666668,5
2023-09-26,RealEstate,0.05838666666666668,0.12237,5
2023-09-27,RealEstate,0.12237,0.20518999999999998,5
2023-09-28,RealEstate,0.20518999999999998,0.3845599999999999,5
2023-09-29,RealEstate,0.3845599999999999,0.23498000000000002,5
2023-10-02,RealEstate,0.23498000000000002,0.30891,5
2023-10-03,RealEstate,0.30891,0.16413,5
2023-10-04,RealEstate,0.16413,0.21181,5
2023-10-05,RealEstate,0.21181,0.23905000000000004,5
2023-10-06,RealEstate,0.23905000000000004,0.27163000000000004,5
2023-10-09,RealEstate,0.27163000000000004,0.18170999999999998,5
2023-10-10,RealEstate,0.18170999999999998,0.17531000000000002,5
2023-10-11,RealEstate,0.17531000000000002,0.16310000000000002,5
2023-10-12,RealEstate,0.16310000000000002,0.3387466666666667,5
2023-10-13,RealEstate,0.3387466666666667,0.36688,5
2023-10-16,RealEstate,0.36688,0.16840900000000003,5
2023-10-17,RealEstate,0.16840900000000003,-0.004630000000000012,5
2023-10-18,RealEstate,-0.004630000000000012,0.17223000000000002,5
2023-10-19,RealEstate,0.17223000000000002,0.06254914285714286,5
2023-10-20,RealEstate,0.06254914285714286,0.26274,5
2023-10-23,RealEstate,0.26274,0.25582000000000005,5
2023-10-24,RealEstate,0.25582000000000005,0.21791999999999997,5
2023-10-25,RealEstate,0.21791999999999997,0.14182,5
2023-10-26,RealEstate,0.14182,0.0508175,5
2023-10-27,RealEstate,0.0508175,0.120655,5
2023-10-30,RealEstate,0.120655,0.24114400000000002,5
2023-10-31,RealEstate,0.24114400000000002,0.08281999999999999,5
2023-11-01,RealEstate,0.08281999999999999,0.04389333333333334,5
2023-11-02,RealEstate,0.04389333333333334,0.14692133333333332,5
2023-11-03,RealEstate,0.14692133333333332,0.007020000000000004,5
2023-11-06,RealEstate,0.007020000000000004,0.06939000000000001,5
2023-11-07,RealEstate,0.06939000000000001,0.2251,5
2023-11-08,RealEstate,0.2251,0.0925,5
2023-11-09,RealEstate,0.0925,0.20298500000000003,5
2023-11-10,RealEstate,0.20298500000000003,0.0427,5
2023-11-13,RealEstate,0.0427,0.127965,5
2023-11-14,RealEstate,0.127965,0.17575,5
2023-11-15,RealEstate,0.17575,0.21908,5
2023-11-16,RealEstate,0.21908,0.162144,5
2023-11-17,RealEstate,0.162144,0.09611499999999999,5
2023-11-20,RealEstate,0.09611499999999999,0.13638666666666666,5
2023-11-21,RealEstate,0.13638666666666666,0.16892000000000001,5
2023-11-22,RealEstate,0.16892000000000001,0.08738666666666668,5
2023-11-24,RealEstate,0.08738666666666668,0.02023,5
2023-11-27,RealEstate,0.02023,0.05815025641025641,5
2023-11-28,RealEstate,0.05815025641025641,0.11213333333333333,5
2023-11-29,RealEstate,0.11213333333333333,0.09998266666666666,5
2023-11-30,RealEstate,0.09998266666666666,0.08189,5
2023-12-01,RealEstate,0.08189,0.159122,5
2023-12-04,RealEstate,0.159122,0.16784,5
2023-12-05,RealEstate,0.16784,0.27031,5
2023-12-06,RealEstate,0.27031,0.14081666666666667,5
2023-12-07,RealEstate,0.14081666666666667,0.072255,5
2023-12-08,RealEstate,0.072255,0.14109,5
2023-12-11,RealEstate,0.14109,0.06682333333333333,5
2023-12-12,RealEstate,0.06682333333333333,0.08254333333333333,5
2023-12-13,RealEstate,0.08254333333333333,0.257262,5
2023-12-14,RealEstate,0.257262,0.15428199999999997,5
2023-12-15,RealEstate,0.15428199999999997,0.12951999999999997,5
2023-12-18,RealEstate,0.12951999999999997,0.1692183333333333,5
2023-12-19,RealEstate,0.1692183333333333,0.1692183333333333,5
2023-12-20,RealEstate,0.1692183333333333,0.1692183333333333,5
2023-12-21,RealEstate,0.1692183333333333,0.1692183333333333,5
2023-12-22,RealEstate,0.1692183333333333,0.1692183333333333,5
2023-12-26,RealEstate,0.1692183333333333,0.1692183333333333,5
2023-12-27,RealEstate,0.1692183333333333,0.1692183333333333,5
2023-12-28,RealEstate,0.1692183333333333,0.1692183333333333,5
2023-12-29,RealEstate,0.1692183333333333,0.1692183333333333,5
2020-01-02,Tech,0.0,0.06159097435897435,5
2020-01-03,Tech,0.06159097435897435,0.0784682142857143,5
2020-01-06,Tech,0.0784682142857143,-0.013116666666666676,5
2020-01-07,Tech,-0.013116666666666676,-0.07656785714285715,5
2020-01-08,Tech,-0.07656785714285715,0.0699545,5
2020-01-09,Tech,0.0699545,0.14117066666666667,5
2020-01-10,Tech,0.14117066666666667,0.265226,5
2020-01-13,Tech,0.265226,0.24012108333333332,5
2020-01-14,Tech,0.24012108333333332,0.2803593333333333,5
2020-01-15,Tech,0.2803593333333333,0.03681566666666666,5
2020-01-16,Tech,0.03681566666666666,0.16987511111111112,5
2020-01-17,Tech,0.16987511111111112,0.12358919413919414,5
2020-01-21,Tech,0.12358919413919414,0.014458666666666675,5
2020-01-22,Tech,0.014458666666666675,0.08765800000000001,5
2020-01-23,Tech,0.08765800000000001,0.03565,5
2020-01-24,Tech,0.03565,0.06600430107526882,5
2020-01-27,Tech,0.06600430107526882,-0.17560166666666666,5
2020-01-28,Tech,-0.17560166666666666,0.05485461538461538,5
2020-01-29,Tech,0.05485461538461538,0.11887746031746031,5
2020-01-30,Tech,0.11887746031746031,0.009163333333333334,5
2020-01-31,Tech,0.009163333333333334,-0.05879444444444443,5
2020-02-03,Tech,-0.05879444444444443,0.04733333333333334,5
2020-02-04,Tech,0.04733333333333334,0.10372966666666668,5
2020-02-05,Tech,0.10372966666666668,0.10774550000000001,5
2020-02-06,Tech,0.10774550000000001,0.2808013888888889,5
2020-02-07,Tech,0.2808013888888889,0.16757428571428573,5
2020-02-10,Tech,0.16757428571428573,0.20244333333333336,5
2020-02-11,Tech,0.20244333333333336,0.12817307359307356,5
2020-02-12,Tech,0.12817307359307356,0.09002233333333333,5
2020-02-13,Tech,0.09002233333333333,0.008434909090909081,5
2020-02-14,Tech,0.008434909090909081,0.07842668817204301,5
2020-02-18,Tech,0.07842668817204301,-0.03954619047619048,5
2020-02-19,Tech,-0.03954619047619048,0.011137301587301581,5
2020-02-20,Tech,0.011137301587301581,-0.004390095238095237,5
2020-02-21,Tech,-0.004390095238095237,-0.2589611428571429,5
2020-02-24,Tech,-0.2589611428571429,-0.09591136363636363,5
2020-02-25,Tech,-0.09591136363636363,0.09417500000000001,5
2020-02-26,Tech,0.09417500000000001,0.26374583333333335,5
2020-02-27,Tech,0.26374583333333335,-0.143561,5
2020-02-28,Tech,-0.143561,0.13931900000000003,5
2020-03-02,Tech,0.13931900000000003,0.08398999999999998,5
2020-03-03,Tech,0.08398999999999998,0.019002999999999992,5
2020-03-04,Tech,0.019002999999999992,0.3957859523809523,5
2020-03-05,Tech,0.3957859523809523,0.01948700000000001,5
2020-03-06,Tech,0.01948700000000001,0.057259076923076926,5
2020-03-09,Tech,0.057259076923076926,-0.11020666666666665,5
2020-03-10,Tech,-0.11020666666666665,0.42459499999999994,5
2020-03-11,Tech,0.42459499999999994,0.09418166666666665,5
2020-03-12,Tech,0.09418166666666665,-0.16937285714285713,5
2020-03-13,Tech,-0.16937285714285713,0.1860659523809524,5
2020-03-16,Tech,0.1860659523809524,-0.1818887445887446,5
2020-03-17,Tech,-0.1818887445887446,0.25165566666666667,5
2020-03-18,Tech,0.25165566666666667,-0.20031309523809523,5
2020-03-19,Tech,-0.20031309523809523,-0.10715666666666665,5
2020-03-20,Tech,-0.10715666666666665,0.17221999999999998,5
2020-03-23,Tech,0.17221999999999998,0.18370166666666668,5
2020-03-24,Tech,0.18370166666666668,0.42704616666666667,5
2020-03-25,Tech,0.42704616666666667,0.189314,5
2020-03-26,Tech,0.189314,0.24827399999999997,5
2020-03-27,Tech,0.24827399999999997,0.2786383333333333,5
2020-03-30,Tech,0.2786383333333333,0.21775333333333338,5
2020-03-31,Tech,0.21775333333333338,0.018877333333333322,5
2020-04-01,Tech,0.018877333333333322,0.03861000000000002,5
2020-04-02,Tech,0.03861000000000002,0.070655,5
2020-04-03,Tech,0.070655,-0.16289666666666666,5
2020-04-06,Tech,-0.16289666666666666,0.2966640909090909,5
2020-04-07,Tech,0.2966640909090909,0.10907399999999998,5
2020-04-08,Tech,0.10907399999999998,0.21992285714285717,5
2020-04-09,Tech,0.21992285714285717,0.21167666666666668,5
2020-04-13,Tech,0.21167666666666668,0.2833909803921568,5
2020-04-14,Tech,0.2833909803921568,0.570381619047619,5
2020-04-15,Tech,0.570381619047619,0.0731985,5
2020-04-16,Tech,0.0731985,0.3072485555555556,5
2020-04-17,Tech,0.3072485555555556,0.08612657142857144,5
2020-04-20,Tech,0.08612657142857144,0.2293379166666667,5
2020-04-21,Tech,0.2293379166666667,-0.3496233333333333,5
2020-04-22,Tech,-0.3496233333333333,0.3114923809523809,5
2020-04-23,Tech,0.3114923809523809,0.21206261904761906,5
2020-04-24,Tech,0.21206261904761906,0.13086435483870967,5
2020-04-27,Tech,0.13086435483870967,0.14598163636363637,5
2020-04-28,Tech,0.14598163636363637,0.1261088888888889,5
2020-04-29,Tech,0.1261088888888889,0.1726877142857143,5
2020-04-30,Tech,0.1726877142857143,0.06328700000000001,5
2020-05-01,Tech,0.06328700000000001,-0.15165642857142858,5
2020-05-04,Tech,-0.15165642857142858,0.35003823529411765,5
2020-05-05,Tech,0.35003823529411765,0.30905249999999995,5
2020-05-06,Tech,0.30905249999999995,0.2172883333333333,5
2020-05-07,Tech,0.2172883333333333,0.2797753333333334,5
2020-05-08,Tech,0.2797753333333334,0.4422091428571429,5
2020-05-11,Tech,0.4422091428571429,0.12826677777777779,5
2020-05-12,Tech,0.12826677777777779,-0.04530033333333333,5
2020-05-13,Tech,-0.04530033333333333,0.14363022222222221,5
2020-05-14,Tech,0.14363022222222221,0.1571266666666667,5
2020-05-15,Tech,0.1571266666666667,0.006856210526315798,5
2020-05-18,Tech,0.006856210526315798,0.05269952380952381,5
2020-05-19,Tech,0.05269952380952381,0.069282,5
2020-05-20,Tech,0.069282,0.14379666666666668,5
2020-05-21,Tech,0.14379666666666668,0.07761166666666666,5
2020-05-22,Tech,0.07761166666666666,-0.154696,5
2020-05-26,Tech,-0.154696,0.10741580952380951,5
2020-05-27,Tech,0.10741580952380951,-0.12060666666666668,5
2020-05-28,Tech,-0.12060666666666668,0.1845525,5
2020-05-29,Tech,0.1845525,0.07078,5
2020-06-01,Tech,0.07078,0.14604,5
2020-06-02,Tech,0.14604,0.29619500000000004,5
2020-06-03,Tech,0.29619500000000004,0.20708500000000002,5
2020-06-04,Tech,0.20708500000000002,0.159623,5
2020-06-05,Tech,0.159623,0.06904,5
2020-06-08,Tech,0.06904,0.181696,5
2020-06-09,Tech,0.181696,0.13602190476190473,5
2020-06-10,Tech,0.13602190476190473,0.13926514285714284,5
2020-06-11,Tech,0.13926514285714284,0.25012500000000004,5
2020-06-12,Tech,0.25012500000000004,0.12238666666666667,5
2020-06-15,Tech,0.12238666666666667,0.19851333333333335,5
2020-06-16,Tech,0.19851333333333335,0.19705666666666666,5
2020-06-17,Tech,0.19705666666666666,0.09365666666666667,5
2020-06-18,Tech,0.09365666666666667,0.2190066666666667,5
2020-06-19,Tech,0.2190066666666667,0.042546666666666656,5
2020-06-22,Tech,0.042546666666666656,0.24335638095238096,5
2020-06-23,Tech,0.24335638095238096,0.11080000000000001,5
2020-06-24,Tech,0.11080000000000001,-0.19331,5
2020-06-25,Tech,-0.19331,-0.24219333333333334,5
2020-06-26,Tech,-0.24219333333333334,-0.15841333333333335,5
2020-06-29,Tech,-0.15841333333333335,0.11204999999999998,5
2020-06-30,Tech,0.11204999999999998,0.19499266666666665,5
2020-07-01,Tech,0.19499266666666665,0.12337666666666666,5
2020-07-02,Tech,0.12337666666666666,0.21642666666666668,5
2020-07-06,Tech,0.21642666666666668,0.10418614718614719,5
2020-07-07,Tech,0.10418614718614719,0.2590952380952381,5
2020-07-08,Tech,0.2590952380952381,0.052879238095238104,5
2020-07-09,Tech,0.052879238095238104,0.06413809523809524,5
2020-07-10,Tech,0.06413809523809524,-0.03315333333333333,5
2020-07-13,Tech,-0.03315333333333333,0.3150066666666667,5
2020-07-14,Tech,0.3150066666666667,0.13780266666666666,5
2020-07-15,Tech,0.13780266666666666,0.11368666666666667,5
2020-07-16,Tech,0.11368666666666667,0.04436933333333335,5
2020-07-17,Tech,0.04436933333333335,0.01659866666666666,5
2020-07-20,Tech,0.01659866666666666,0.15336051282051283,5
2020-07-21,Tech,0.15336051282051283,0.24127466666666667,5
2020-07-22,Tech,0.24127466666666667,0.18529,5
2020-07-23,Tech,0.18529,0.27572444444444444,5
2020-07-24,Tech,0.27572444444444444,0.25839523809523807,5
2020-07-27,Tech,0.25839523809523807,0.18254333333333334,5
2020-07-28,Tech,0.18254333333333334,0.10475880952380952,5
2020-07-29,Tech,0.10475880952380952,0.2374121903820817,5
2020-07-30,Tech,0.2374121903820817,0.07781888888888888,5
2020-07-31,Tech,0.07781888888888888,0.23512,5
2020-08-03,Tech,0.23512,0.19560966666666668,5
2020-08-04,Tech,0.19560966666666668,0.13169272727272727,5
2020-08-05,Tech,0.13169272727272727,0.11916595238095237,5
2020-08-06,Tech,0.11916595238095237,0.09757666666666667,5
2020-08-07,Tech,0.09757666666666667,0.18659666666666666,5
2020-08-10,Tech,0.18659666666666666,0.14822666666666665,5
2020-08-11,Tech,0.14822666666666665,0.23579766666666666,5
2020-08-12,Tech,0.23579766666666666,-0.00816428571428572,5
2020-08-13,Tech,-0.00816428571428572,0.09413523809523809,5
2020-08-14,Tech,0.09413523809523809,0.2745033333333334,5
2020-08-17,Tech,0.2745033333333334,0.050252666666666654,5
2020-08-18,Tech,0.050252666666666654,0.08400333333333335,5
2020-08-19,Tech,0.08400333333333335,0.06326666666666667,5
2020-08-20,Tech,0.06326666666666667,-0.013307777777777776,5
2020-08-21,Tech,-0.013307777777777776,0.05917599999999999,5
2020-08-24,Tech,0.05917599999999999,0.1483183333333333,5
2020-08-25,Tech,0.1483183333333333,0.09233566666666666,5
2020-08-26,Tech,0.09233566666666666,0.14317333333333332,5
2020-08-27,Tech,0.14317333333333332,0.12998833333333332,5
2020-08-28,Tech,0.12998833333333332,0.26077500000000003,5
2020-08-31,Tech,0.26077500000000003,0.15092857142857144,5
2020-09-01,Tech,0.15092857142857144,0.06673166666666666,5
2020-09-02,Tech,0.06673166666666666,0.1800740476190476,5
2020-09-03,Tech,0.1800740476190476,0.14297738095238094,5
2020-09-04,Tech,0.14297738095238094,0.27497666666666665,5
2020-09-08,Tech,0.27497666666666665,0.17393166666666665,5
2020-09-09,Tech,0.17393166666666665,0.12723666666666666,5
2020-09-10,Tech,0.12723666666666666,0.14638,5
2020-09-11,Tech,0.14638,0.16960333333333333,5
2020-09-14,Tech,0.16960333333333333,0.10890916666666665,5
2020-09-15,Tech,0.10890916666666665,-0.05771599999999999,5
2020-09-16,Tech,-0.05771599999999999,0.25361066666666665,5
2020-09-17,Tech,0.25361066666666665,0.2543261904761905,5
2020-09-18,Tech,0.2543261904761905,0.13173333333333334,5
2020-09-21,Tech,0.13173333333333334,0.11478,5
2020-09-22,Tech,0.11478,0.14201333333333332,5
2020-09-23,Tech,0.14201333333333332,0.14414,5
2020-09-24,Tech,0.14414,0.17506166666666664,5
2020-09-25,Tech,0.17506166666666664,0.020559999999999995,5
2020-09-28,Tech,0.020559999999999995,0.24471500000000002,5
2020-09-29,Tech,0.24471500000000002,0.2315333333333333,5
2020-09-30,Tech,0.2315333333333333,0.21560666666666667,5
2020-10-01,Tech,0.21560666666666667,0.17742666666666668,5
2020-10-02,Tech,0.17742666666666668,0.20184133333333337,5
2020-10-05,Tech,0.20184133333333337,0.23869866666666667,5
2020-10-06,Tech,0.23869866666666667,0.09378,5
2020-10-07,Tech,0.09378,0.31670666666666664,5
2020-10-08,Tech,0.31670666666666664,0.20918857142857145,5
2020-10-09,Tech,0.20918857142857145,0.204668,5
2020-10-12,Tech,0.204668,0.19761,5
2020-10-13,Tech,0.19761,0.06832333333333333,5
2020-10-14,Tech,0.06832333333333333,0.10311666666666666,5
2020-10-15,Tech,0.10311666666666666,0.19694333333333333,5
2020-10-16,Tech,0.19694333333333333,0.16528,5
2020-10-19,Tech,0.16528,0.07194916666666666,5
2020-10-20,Tech,0.07194916666666666,0.08597166666666667,5
2020-10-21,Tech,0.08597166666666667,0.19357666666666667,5
2020-10-22,Tech,0.19357666666666667,0.2565966666666667,5
2020-10-23,Tech,0.2565966666666667,0.23566848484848485,5
2020-10-26,Tech,0.23566848484848485,0.10076166666666667,5
2020-10-27,Tech,0.10076166666666667,0.19630546666666665,5
2020-10-28,Tech,0.19630546666666665,0.11835809523809523,5
2020-10-29,Tech,0.11835809523809523,0.17210666666666669,5
2020-10-30,Tech,0.17210666666666669,0.10688666666666666,5
2020-11-02,Tech,0.10688666666666666,0.14800916666666666,5
2020-11-03,Tech,0.14800916666666666,0.16305866666666669,5
2020-11-04,Tech,0.16305866666666669,0.13673333333333332,5
2020-11-05,Tech,0.13673333333333332,0.13840666666666668,5
2020-11-06,Tech,0.13840666666666668,0.17769666666666667,5
2020-11-09,Tech,0.17769666666666667,0.03539333333333333,5
2020-11-10,Tech,0.03539333333333333,0.028909333333333325,5
2020-11-11,Tech,0.028909333333333325,0.16580285714285714,5
2020-11-12,Tech,0.16580285714285714,0.23601333333333332,5
2020-11-13,Tech,0.23601333333333332,0.13245200000000001,5
2020-11-16,Tech,0.13245200000000001,0.3373533333333333,5
2020-11-17,Tech,0.3373533333333333,0.35640333333333335,5
2020-11-18,Tech,0.35640333333333335,0.25156166666666663,5
2020-11-19,Tech,0.25156166666666663,0.02987666666666667,5
2020-11-20,Tech,0.02987666666666667,0.18235,5
2020-11-23,Tech,0.18235,0.12216666666666667,5
2020-11-24,Tech,0.12216666666666667,0.10078666666666666,5
2020-11-25,Tech,0.10078666666666666,0.12569333333333335,5
2020-11-27,Tech,0.12569333333333335,0.26699666666666666,5
2020-11-30,Tech,0.26699666666666666,0.08244833333333332,5
2020-12-01,Tech,0.08244833333333332,0.09381333333333333,5
2020-12-02,Tech,0.09381333333333333,0.21134166666666668,5
2020-12-03,Tech,0.21134166666666668,0.16238999999999998,5
2020-12-04,Tech,0.16238999999999998,0.2015966666666667,5
2020-12-07,Tech,0.2015966666666667,0.12115444444444445,5
2020-12-08,Tech,0.12115444444444445,0.15873666666666666,5
2020-12-09,Tech,0.15873666666666666,0.268554,5
2020-12-10,Tech,0.268554,0.287185,5
2020-12-11,Tech,0.287185,0.09642566666666667,5
2020-12-14,Tech,0.09642566666666667,0.12706266666666668,5
2020-12-15,Tech,0.12706266666666668,0.11549266666666666,5
2020-12-16,Tech,0.11549266666666666,0.09160666666666666,5
2020-12-17,Tech,0.09160666666666666,0.2838609523809524,5
2020-12-18,Tech,0.2838609523809524,0.2437266666666667,5
2020-12-21,Tech,0.2437266666666667,0.22602780952380952,5
2020-12-22,Tech,0.22602780952380952,0.21262666666666669,5
2020-12-23,Tech,0.21262666666666669,0.2034466666666667,5
2020-12-24,Tech,0.2034466666666667,0.18578999999999998,5
2020-12-28,Tech,0.18578999999999998,0.19705583333333332,5
2020-12-29,Tech,0.19705583333333332,0.03158466666666667,5
2020-12-30,Tech,0.03158466666666667,0.22110166666666667,5
2020-12-31,Tech,0.22110166666666667,0.2463566666666667,5
2021-01-04,Tech,0.2463566666666667,0.15751666666666667,5
2021-01-05,Tech,0.15751666666666667,0.10422666666666666,5
2021-01-06,Tech,0.10422666666666666,0.16217733333333334,5
2021-01-07,Tech,0.16217733333333334,0.061607333333333326,5
2021-01-08,Tech,0.061607333333333326,0.08554,5
2021-01-11,Tech,0.08554,0.08732405555555554,5
2021-01-12,Tech,0.08732405555555554,0.10303266666666666,5
2021-01-13,Tech,0.10303266666666666,0.12119511387163559,5
2021-01-14,Tech,0.12119511387163559,0.17442666666666665,5
2021-01-15,Tech,0.17442666666666665,0.12324466666666664,5
2021-01-19,Tech,0.12324466666666664,0.11204605128205128,5
2021-01-20,Tech,0.11204605128205128,0.16063333333333332,5
2021-01-21,Tech,0.16063333333333332,0.21965000000000004,5
2021-01-22,Tech,0.21965000000000004,0.17354599999999998,5
2021-01-25,Tech,0.17354599999999998,0.17613743589743588,5
2021-01-26,Tech,0.17613743589743588,0.16783566666666666,5
2021-01-27,Tech,0.16783566666666666,0.291231,5
2021-01-28,Tech,0.291231,-0.03190444444444442,5
2021-01-29,Tech,-0.03190444444444442,0.15655166666666664,5
2021-02-01,Tech,0.15655166666666664,0.27856638095238095,5
2021-02-02,Tech,0.27856638095238095,0.37622666666666665,5
2021-02-03,Tech,0.37622666666666665,0.22739916666666665,5
2021-02-04,Tech,0.22739916666666665,0.16598831168831168,5
2021-02-05,Tech,0.16598831168831168,0.2231,5
2021-02-08,Tech,0.2231,0.16643666666666665,5
2021-02-09,Tech,0.16643666666666665,0.16241666666666665,5
2021-02-10,Tech,0.16241666666666665,0.11696666666666666,5
2021-02-11,Tech,0.11696666666666666,0.14028266666666664,5
2021-02-12,Tech,0.14028266666666664,0.14588,5
2021-02-16,Tech,0.14588,0.08983666666666666,5
2021-02-17,Tech,0.08983666666666666,0.17954799999999999,5
2021-02-18,Tech,0.17954799999999999,0.12176666666666666,5
2021-02-19,Tech,0.12176666666666666,0.20662666666666668,5
2021-02-22,Tech,0.20662666666666668,0.2395666666666667,5
2021-02-23,Tech,0.2395666666666667,0.269945,5
2021-02-24,Tech,0.269945,0.1772333333333333,5
2021-02-25,Tech,0.1772333333333333,0.044866666666666666,5
2021-02-26,Tech,0.044866666666666666,0.105975,5
2021-03-01,Tech,0.105975,0.09625666666666666,5
2021-03-02,Tech,0.09625666666666666,0.009173333333333339,5
2021-03-03,Tech,0.009173333333333339,0.18730666666666665,5
2021-03-04,Tech,0.18730666666666665,0.10348666666666669,5
2021-03-05,Tech,0.10348666666666669,0.06947333333333333,5
2021-03-08,Tech,0.06947333333333333,0.25068866666666667,5
2021-03-09,Tech,0.25068866666666667,0.041041666666666664,5
2021-03-10,Tech,0.041041666666666664,0.17612666666666668,5
2021-03-11,Tech,0.17612666666666668,0.1305152380952381,5
2021-03-12,Tech,0.1305152380952381,0.24221666666666666,5
2021-03-15,Tech,0.24221666666666666,0.11751466666666666,5
2021-03-16,Tech,0.11751466666666666,0.03509466666666666,5
2021-03-17,Tech,0.03509466666666666,0.2478466666666667,5
2021-03-18,Tech,0.2478466666666667,0.22388,5
2021-03-19,Tech,0.22388,0.19842666666666667,5
2021-03-22,Tech,0.19842666666666667,0.13055766666666666,5
2021-03-23,Tech,0.13055766666666666,0.2550633333333333,5
2021-03-24,Tech,0.2550633333333333,0.025441666666666658,5
2021-03-25,Tech,0.025441666666666658,0.04526666666666666,5
2021-03-26,Tech,0.04526666666666666,0.04303666666666667,5
2021-03-29,Tech,0.04303666666666667,0.2561616666666667,5
2021-03-30,Tech,0.2561616666666667,0.27957,5
2021-03-31,Tech,0.27957,0.15783333333333333,5
2021-04-01,Tech,0.15783333333333333,0.05095466666666667,5
2021-04-05,Tech,0.05095466666666667,0.14308974358974363,5
2021-04-06,Tech,0.14308974358974363,0.041865999999999993,5
2021-04-07,Tech,0.041865999999999993,0.1668066666666667,5
2021-04-08,Tech,0.1668066666666667,0.10334666666666666,5
2021-04-09,Tech,0.10334666666666666,0.17342833333333332,5
2021-04-12,Tech,0.17342833333333332,0.12794166666666668,5
2021-04-13,Tech,0.12794166666666668,0.13301,5
2021-04-14,Tech,0.13301,0.12513333333333335,5
2021-04-15,Tech,0.12513333333333335,0.21253666666666665,5
2021-04-16,Tech,0.21253666666666665,0.06399266666666667,5
2021-04-19,Tech,0.06399266666666667,0.09126361904761905,5
2021-04-20,Tech,0.09126361904761905,0.11677016666666666,5
2021-04-21,Tech,0.11677016666666666,0.07912666666666666,5
2021-04-22,Tech,0.07912666666666666,0.18567966666666663,5
2021-04-23,Tech,0.18567966666666663,0.10905871794871795,5
2021-04-26,Tech,0.10905871794871795,0.19410888888888891,5
2021-04-27,Tech,0.19410888888888891,0.19893466666666665,5
2021-04-28,Tech,0.19893466666666665,0.10532354978354978,5
2021-04-29,Tech,0.10532354978354978,0.15954666666666667,5
2021-04-30,Tech,0.15954666666666667,0.15472333333333335,5
2021-05-03,Tech,0.15472333333333335,0.16888083333333334,5
2021-05-04,Tech,0.16888083333333334,0.02934166666666666,5
2021-05-05,Tech,0.02934166666666666,0.17992333333333332,5
2021-05-06,Tech,0.17992333333333332,0.2735766666666667,5
2021-05-07,Tech,0.2735766666666667,0.20233333333333334,5
2021-05-10,Tech,0.20233333333333334,0.22382666666666667,5
2021-05-11,Tech,0.22382666666666667,0.05298666666666666,5
2021-05-12,Tech,0.05298666666666666,0.18326666666666666,5
2021-05-13,Tech,0.18326666666666666,0.030916666666666665,5
2021-05-14,Tech,0.030916666666666665,0.12849333333333332,5
2021-05-17,Tech,0.12849333333333332,0.1586433333333333,5
2021-05-18,Tech,0.1586433333333333,0.2124766666666667,5
2021-05-19,Tech,0.2124766666666667,-0.06526190476190477,5
2021-05-20,Tech,-0.06526190476190477,0.18311133333333335,5
2021-05-21,Tech,0.18311133333333335,0.27786666666666665,5
2021-05-24,Tech,0.27786666666666665,0.3418166666666667,5
2021-05-25,Tech,0.3418166666666667,0.08769266666666667,5
2021-05-26,Tech,0.08769266666666667,0.31156666666666666,5
2021-05-27,Tech,0.31156666666666666,0.23199866666666663,5
2021-05-28,Tech,0.23199866666666663,0.16747666666666666,5
2021-06-01,Tech,0.16747666666666666,0.14672566666666667,5
2021-06-02,Tech,0.14672566666666667,0.15673333333333334,5
2021-06-03,Tech,0.15673333333333334,0.10065666666666666,5
2021-06-04,Tech,0.10065666666666666,0.14123266666666665,5
2021-06-07,Tech,0.14123266666666665,0.29235916666666667,5
2021-06-08,Tech,0.29235916666666667,0.2975066666666667,5
2021-06-09,Tech,0.2975066666666667,0.23319666666666672,5
2021-06-10,Tech,0.23319666666666672,0.17085416666666667,5
2021-06-11,Tech,0.17085416666666667,0.045161666666666656,5
2021-06-14,Tech,0.045161666666666656,0.02521266666666666,5
2021-06-15,Tech,0.02521266666666666,0.06722266666666667,5
2021-06-16,Tech,0.06722266666666667,0.16025999999999999,5
2021-06-17,Tech,0.16025999999999999,0.0941691111111111,5
2021-06-18,Tech,0.0941691111111111,0.13810216666666666,5
2021-06-21,Tech,0.13810216666666666,0.15456916666666667,5
2021-06-22,Tech,0.15456916666666667,0.15760066666666667,5
2021-06-23,Tech,0.15760066666666667,0.16937266666666667,5
2021-06-24,Tech,0.16937266666666667,0.26609333333333335,5
2021-06-25,Tech,0.26609333333333335,0.3883166666666667,5
2021-06-28,Tech,0.3883166666666667,0.06882733333333332,5
2021-06-29,Tech,0.06882733333333332,0.3172416666666667,5
2021-06-30,Tech,0.3172416666666667,0.11322533333333336,5
2021-07-01,Tech,0.11322533333333336,0.15760666666666664,5
2021-07-02,Tech,0.15760666666666664,-0.03310666666666668,5
2021-07-06,Tech,-0.03310666666666668,0.21317,5
2021-07-07,Tech,0.21317,0.26544,5
2021-07-08,Tech,0.26544,0.21462166666666666,5
2021-07-09,Tech,0.21462166666666666,0.16752166666666665,5
2021-07-12,Tech,0.16752166666666665,0.15863,5
2021-07-13,Tech,0.15863,0.21116666666666667,5
2021-07-14,Tech,0.21116666666666667,0.06503466666666666,5
2021-07-15,Tech,0.06503466666666666,0.07165552380952381,5
2021-07-16,Tech,0.07165552380952381,0.12074882051282051,5
2021-07-19,Tech,0.12074882051282051,-0.011623095238095248,5
2021-07-20,Tech,-0.011623095238095248,0.15061666666666668,5
2021-07-21,Tech,0.15061666666666668,0.13086166666666665,5
2021-07-22,Tech,0.13086166666666665,0.11934166666666665,5
2021-07-23,Tech,0.11934166666666665,0.01300433333333333,5
2021-07-26,Tech,0.01300433333333333,0.14594993589743588,5
2021-07-27,Tech,0.14594993589743588,0.06698858585858586,5
2021-07-28,Tech,0.06698858585858586,0.15239380952380954,5
2021-07-29,Tech,0.15239380952380954,0.169215,5
2021-07-30,Tech,0.169215,0.20547166666666666,5
2021-08-02,Tech,0.20547166666666666,0.13573031746031744,5
2021-08-03,Tech,0.13573031746031744,0.12482750000000001,5
2021-08-04,Tech,0.12482750000000001,0.018747499999999997,5
2021-08-05,Tech,0.018747499999999997,0.13204714285714286,5
2021-08-06,Tech,0.13204714285714286,0.076472,5
2021-08-09,Tech,0.076472,0.09462166666666666,5
2021-08-10,Tech,0.09462166666666666,0.06549766666666665,5
2021-08-11,Tech,0.06549766666666665,0.06126166666666666,5
2021-08-12,Tech,0.06126166666666666,0.18520833333333334,5
2021-08-13,Tech,0.18520833333333334,0.16878833333333335,5
2021-08-16,Tech,0.16878833333333335,0.16837333333333335,5
2021-08-17,Tech,0.16837333333333335,-0.02628666666666667,5
2021-08-18,Tech,-0.02628666666666667,0.30077174999999995,5
2021-08-19,Tech,0.30077174999999995,0.05930952380952381,5
2021-08-20,Tech,0.05930952380952381,-0.014069999999999994,5
2021-08-23,Tech,-0.014069999999999994,0.10318545454545455,5
2021-08-24,Tech,0.10318545454545455,0.00973936507936508,5
2021-08-25,Tech,0.00973936507936508,0.01366,5
2021-08-26,Tech,0.01366,0.18797099999999997,5
2021-08-27,Tech,0.18797099999999997,-0.013860000000000006,5
2021-08-30,Tech,-0.013860000000000006,0.2620406666666667,5
2021-08-31,Tech,0.2620406666666667,0.020034999999999997,5
2021-09-01,Tech,0.020034999999999997,-0.02976333333333333,5
2021-09-02,Tech,-0.02976333333333333,0.25962999999999997,5
2021-09-03,Tech,0.25962999999999997,0.2505233333333333,5
2021-09-07,Tech,0.2505233333333333,0.19489523809523807,5
2021-09-08,Tech,0.19489523809523807,0.19633000000000003,5
2021-09-09,Tech,0.19633000000000003,0.18947166666666665,5
2021-09-10,Tech,0.18947166666666665,-0.10527333333333336,5
2021-09-13,Tech,-0.10527333333333336,0.052699666666666665,5
2021-09-14,Tech,0.052699666666666665,0.24345,5
2021-09-15,Tech,0.24345,0.07102428571428572,5
2021-09-16,Tech,0.07102428571428572,0.20064333333333337,5
2021-09-17,Tech,0.20064333333333337,-0.004446666666666654,5
2021-09-20,Tech,-0.004446666666666654,0.29294333333333333,5
2021-09-21,Tech,0.29294333333333333,0.1111717857142857,5
2021-09-22,Tech,0.1111717857142857,0.08091866666666667,5
2021-09-23,Tech,0.08091866666666667,0.04324833333333335,5
2021-09-24,Tech,0.04324833333333335,0.17522,5
2021-09-27,Tech,0.17522,0.18366033333333334,5
2021-09-28,Tech,0.18366033333333334,0.151244,5
2021-09-29,Tech,0.151244,0.2259253333333333,5
2021-09-30,Tech,0.2259253333333333,0.16957166666666665,5
2021-10-01,Tech,0.16957166666666665,-0.171766,5
2021-10-04,Tech,-0.171766,0.16395857142857143,5
2021-10-05,Tech,0.16395857142857143,0.13896,5
2021-10-06,Tech,0.13896,0.13686450000000003,5
2021-10-07,Tech,0.13686450000000003,-0.010751666666666677,5
2021-10-08,Tech,-0.010751666666666677,0.05983433333333334,5
2021-10-11,Tech,0.05983433333333334,0.15872266666666665,5
2021-10-12,Tech,0.15872266666666665,0.21382933333333334,5
2021-10-13,Tech,0.21382933333333334,0.11946333333333334,5
2021-10-14,Tech,0.11946333333333334,0.07378599999999999,5
2021-10-15,Tech,0.07378599999999999,0.12802,5
2021-10-18,Tech,0.12802,0.06688361904761904,5
2021-10-19,Tech,0.06688361904761904,0.2747116666666667,5
2021-10-20,Tech,0.2747116666666667,0.1382533333333333,5
2021-10-21,Tech,0.1382533333333333,0.070488,5
2021-10-22,Tech,0.070488,0.2094126666666667,5
2021-10-25,Tech,0.2094126666666667,-0.02313166666666666,5
2021-10-26,Tech,-0.02313166666666666,0.09469119047619048,5
2021-10-27,Tech,0.09469119047619048,0.09342185714285715,5
2021-10-28,Tech,0.09342185714285715,0.21003333333333335,5
2021-10-29,Tech,0.21003333333333335,0.13058133333333335,5
2021-11-01,Tech,0.13058133333333335,0.2526783333333334,5
2021-11-02,Tech,0.2526783333333334,0.15081666666666665,5
2021-11-03,Tech,0.15081666666666665,0.20185400000000003,5
2021-11-04,Tech,0.20185400000000003,0.2003686944634313,5
2021-11-05,Tech,0.2003686944634313,-0.023136666666666656,5
2021-11-08,Tech,-0.023136666666666656,0.06309800000000002,5
2021-11-09,Tech,0.06309800000000002,0.11493666666666669,5
2021-11-10,Tech,0.11493666666666669,0.06053277777777778,5
2021-11-11,Tech,0.06053277777777778,0.19683439393939395,5
2021-11-12,Tech,0.19683439393939395,0.08585499999999999,5
2021-11-15,Tech,0.08585499999999999,0.14626166666666668,5
2021-11-16,Tech,0.14626166666666668,0.20187727272727277,5
2021-11-17,Tech,0.20187727272727277,0.09941343137254902,5
2021-11-18,Tech,0.09941343137254902,0.11729138752052544,5
2021-11-19,Tech,0.11729138752052544,0.08771157894736842,5
2021-11-22,Tech,0.08771157894736842,0.17787450000000002,5
2021-11-23,Tech,0.17787450000000002,0.362866,5
2021-11-24,Tech,0.362866,0.021984444444444445,5
2021-11-26,Tech,0.021984444444444445,0.047150000000000004,5
2021-11-29,Tech,0.047150000000000004,0.13986166233766234,5
2021-11-30,Tech,0.13986166233766234,0.02141722222222222,5
2021-12-01,Tech,0.02141722222222222,-0.06669999999999998,5
2021-12-02,Tech,-0.06669999999999998,0.1719369696969697,5
2021-12-03,Tech,0.1719369696969697,0.1397248214285714,5
2021-12-06,Tech,0.1397248214285714,0.16958031818181818,5
2021-12-07,Tech,0.16958031818181818,0.18975738687782806,5
2021-12-08,Tech,0.18975738687782806,0.06750083333333333,5
2021-12-09,Tech,0.06750083333333333,0.12470518181818183,5
2021-12-10,Tech,0.12470518181818183,0.10673863636363634,5
2021-12-13,Tech,0.10673863636363634,0.08031590909090909,5
2021-12-14,Tech,0.08031590909090909,0.02925833333333333,5
2021-12-15,Tech,0.02925833333333333,0.20407466666666668,5
2021-12-16,Tech,0.20407466666666668,0.08213541666666667,5
2021-12-17,Tech,0.08213541666666667,-0.12269000000000001,5
2021-12-20,Tech,-0.12269000000000001,-0.031255,5
2021-12-21,Tech,-0.031255,0.2818544444444445,5
2021-12-22,Tech,0.2818544444444445,0.5496633333333334,5
2021-12-23,Tech,0.5496633333333334,0.12270833333333334,5
2021-12-27,Tech,0.12270833333333334,0.1307965,5
2021-12-28,Tech,0.1307965,0.18943031818181816,5
2021-12-29,Tech,0.18943031818181816,0.16931966666666667,5
2021-12-30,Tech,0.16931966666666667,0.15874000000000002,5
2021-12-31,Tech,0.15874000000000002,0.23946871428571428,5
2022-01-03,Tech,0.23946871428571428,0.2739595238095238,5
2022-01-04,Tech,0.2739595238095238,0.061587843137254905,5
2022-01-05,Tech,0.061587843137254905,0.13162372727272725,5
2022-01-06,Tech,0.13162372727272725,0.15982,5
2022-01-07,Tech,0.15982,0.046414,5
2022-01-10,Tech,0.046414,0.0809375,5
2022-01-11,Tech,0.0809375,0.11937288888888889,5
2022-01-12,Tech,0.11937288888888889,0.16460800000000003,5
2022-01-13,Tech,0.16460800000000003,0.22538711111111112,5
2022-01-14,Tech,0.22538711111111112,0.20481952380952378,5
2022-01-18,Tech,0.20481952380952378,0.18140290476190474,5
2022-01-19,Tech,0.18140290476190474,0.18287533333333333,5
2022-01-20,Tech,0.18287533333333333,0.22160061904761905,5
2022-01-21,Tech,0.22160061904761905,0.1800627272727273,5
2022-01-24,Tech,0.1800627272727273,0.14664045066045067,5
2022-01-25,Tech,0.14664045066045067,0.03062633333333332,5
2022-01-26,Tech,0.03062633333333332,0.058070380496696286,5
2022-01-27,Tech,0.058070380496696286,0.12130031818181822,5
2022-01-28,Tech,0.12130031818181822,0.17496276190476193,5
2022-01-31,Tech,0.17496276190476193,0.10036300000000001,5
2022-02-01,Tech,0.10036300000000001,0.1348472962962963,5
2022-02-02,Tech,0.1348472962962963,0.18746341392649907,5
2022-02-03,Tech,0.18746341392649907,0.12997171428571427,5
2022-02-04,Tech,0.12997171428571427,0.010281111111111112,5
2022-02-07,Tech,0.010281111111111112,0.08413238095238096,5
2022-02-08,Tech,0.08413238095238096,0.23028738095238097,5
2022-02-09,Tech,0.23028738095238097,0.14806276923076922,5
2022-02-10,Tech,0.14806276923076922,0.07350999999999999,5
2022-02-11,Tech,0.07350999999999999,0.047325,5
2022-02-14,Tech,0.047325,0.06476535256410257,5
2022-02-15,Tech,0.06476535256410257,0.12391388235294118,5
2022-02-16,Tech,0.12391388235294118,0.14924050980392156,5
2022-02-17,Tech,0.14924050980392156,0.0832732888888889,5
2022-02-18,Tech,0.0832732888888889,0.14117266666666667,5
2022-02-22,Tech,0.14117266666666667,0.15833740476190475,5
2022-02-23,Tech,0.15833740476190475,0.21207666666666664,5
2022-02-24,Tech,0.21207666666666664,0.06595333333333335,5
2022-02-25,Tech,0.06595333333333335,-0.11762380952380953,5
2022-02-28,Tech,-0.11762380952380953,0.1367560606060606,5
2022-03-01,Tech,0.1367560606060606,0.1823533333333333,5
2022-03-02,Tech,0.1823533333333333,0.27929400000000004,5
2022-03-03,Tech,0.27929400000000004,0.11351196969696971,5
2022-03-04,Tech,0.11351196969696971,0.06558861904761906,5
2022-03-07,Tech,0.06558861904761906,0.018420619047619054,5
2022-03-08,Tech,0.018420619047619054,0.07245572727272727,5
2022-03-09,Tech,0.07245572727272727,0.07840942857142856,5
2022-03-10,Tech,0.07840942857142856,0.2873676923076923,5
2022-03-11,Tech,0.2873676923076923,0.073668,5
2022-03-14,Tech,0.073668,0.26458244444444445,5
2022-03-15,Tech,0.26458244444444445,0.11050971284271287,5
2022-03-16,Tech,0.11050971284271287,0.15264024675324675,5
2022-03-17,Tech,0.15264024675324675,0.07864466666666667,5
2022-03-18,Tech,0.07864466666666667,0.1473853333333333,5
2022-03-21,Tech,0.1473853333333333,0.10049066666666664,5
2022-03-22,Tech,0.10049066666666664,0.11089219047619045,5
2022-03-23,Tech,0.11089219047619045,0.07619296969696969,5
2022-03-24,Tech,0.07619296969696969,0.13048670396270395,5
2022-03-25,Tech,0.13048670396270395,0.13006791666666664,5
2022-03-28,Tech,0.13006791666666664,0.26842,5
2022-03-29,Tech,0.26842,0.1361829523809524,5
2022-03-30,Tech,0.1361829523809524,0.14768283333333335,5
2022-03-31,Tech,0.14768283333333335,0.1397956349206349,5
2022-04-01,Tech,0.1397956349206349,0.10838135198135199,5
2022-04-04,Tech,0.10838135198135199,0.11491586466165413,5
2022-04-05,Tech,0.11491586466165413,0.021702346153846155,5
2022-04-06,Tech,0.021702346153846155,0.1552212857142857,5
2022-04-07,Tech,0.1552212857142857,0.2320217142857143,5
2022-04-08,Tech,0.2320217142857143,0.38193333333333335,5
2022-04-11,Tech,0.38193333333333335,0.2097458006993007,5
2022-04-12,Tech,0.2097458006993007,0.12285428571428572,5
2022-04-13,Tech,0.12285428571428572,0.10979166666666665,5
2022-04-14,Tech,0.10979166666666665,0.006591666666666667,5
2022-04-18,Tech,0.006591666666666667,0.09196999999999998,5
2022-04-19,Tech,0.09196999999999998,0.17060755555555557,5
2022-04-20,Tech,0.17060755555555557,0.220681,5
2022-04-21,Tech,0.220681,0.01950880952380952,5
2022-04-22,Tech,0.01950880952380952,0.027360000000000002,5
2022-04-25,Tech,0.027360000000000002,0.15357402380952384,5
2022-04-26,Tech,0.15357402380952384,0.135942,5
2022-04-27,Tech,0.135942,0.12966955555555554,5
2022-04-28,Tech,0.12966955555555554,0.06793534090909091,5
2022-04-29,Tech,0.06793534090909091,0.0014425108225108194,5
2022-05-02,Tech,0.0014425108225108194,0.04112515151515152,5
2022-05-03,Tech,0.04112515151515152,0.006565079365079367,5
2022-05-04,Tech,0.006565079365079367,-0.09706685897435897,5
2022-05-05,Tech,-0.09706685897435897,0.27581316666666666,5
2022-05-06,Tech,0.27581316666666666,0.07282428571428572,5
2022-05-09,Tech,0.07282428571428572,0.0890825641025641,5
2022-05-10,Tech,0.0890825641025641,0.19980564102564102,5
2022-05-11,Tech,0.19980564102564102,0.0599325,5
2022-05-12,Tech,0.0599325,-0.0025790476190476223,5
2022-05-13,Tech,-0.0025790476190476223,0.10319121212121211,5
2022-05-16,Tech,0.10319121212121211,0.058055999999999996,5
2022-05-17,Tech,0.058055999999999996,0.17985300366300366,5
2022-05-18,Tech,0.17985300366300366,0.26934499999999995,5
2022-05-19,Tech,0.26934499999999995,0.24256159090909088,5
2022-05-20,Tech,0.24256159090909088,0.2797958333333333,5
2022-05-23,Tech,0.2797958333333333,0.16491123809523808,5
2022-05-24,Tech,0.16491123809523808,0.30274,5
2022-05-25,Tech,0.30274,0.0241180808080808,5
2022-05-26,Tech,0.0241180808080808,0.23671999999999999,5
2022-05-27,Tech,0.23671999999999999,0.02278555555555555,5
2022-05-31,Tech,0.02278555555555555,0.2941422222222222,5
2022-06-01,Tech,0.2941422222222222,0.27265611111111115,5
2022-06-02,Tech,0.27265611111111115,0.10932380952380952,5
2022-06-03,Tech,0.10932380952380952,0.11425733333333335,5
2022-06-06,Tech,0.11425733333333335,0.09899499999999999,5
2022-06-07,Tech,0.09899499999999999,0.06256533333333332,5
2022-06-08,Tech,0.06256533333333332,0.030609000000000004,5
2022-06-09,Tech,0.030609000000000004,0.069614,5
2022-06-10,Tech,0.069614,0.04853750000000001,5
2022-06-13,Tech,0.04853750000000001,0.12153770634920633,5
2022-06-14,Tech,0.12153770634920633,0.10068880952380951,5
2022-06-15,Tech,0.10068880952380951,0.234733,5
2022-06-16,Tech,0.234733,0.09310640692640693,5
2022-06-17,Tech,0.09310640692640693,0.14203833333333332,5
2022-06-21,Tech,0.14203833333333332,0.11244008974358974,5
2022-06-22,Tech,0.11244008974358974,0.1888419047619047,5
2022-06-23,Tech,0.1888419047619047,0.1661,5
2022-06-24,Tech,0.1661,-0.009807999999999994,5
2022-06-27,Tech,-0.009807999999999994,0.21778266666666668,5
2022-06-28,Tech,0.21778266666666668,0.07973964285714286,5
2022-06-29,Tech,0.07973964285714286,0.16612555555555558,5
2022-06-30,Tech,0.16612555555555558,0.10023933333333332,5
2022-07-01,Tech,0.10023933333333332,0.17648452380952379,5
2022-07-05,Tech,0.17648452380952379,0.29129277777777773,5
2022-07-06,Tech,0.29129277777777773,0.14264000000000002,5
2022-07-07,Tech,0.14264000000000002,0.09723884126984127,5
2022-07-08,Tech,0.09723884126984127,0.09711866666666667,5
2022-07-11,Tech,0.09711866666666667,0.2371707142857143,5
2022-07-12,Tech,0.2371707142857143,0.1152452380952381,5
2022-07-13,Tech,0.1152452380952381,0.010469365079365087,5
2022-07-14,Tech,0.010469365079365087,0.15716000000000002,5
2022-07-15,Tech,0.15716000000000002,0.15673071428571428,5
2022-07-18,Tech,0.15673071428571428,0.2379355714285714,5
2022-07-19,Tech,0.2379355714285714,0.144888,5
2022-07-20,Tech,0.144888,0.1332546428571429,5
2022-07-21,Tech,0.1332546428571429,0.17586166666666667,5
2022-07-22,Tech,0.17586166666666667,0.20978000000000002,5
2022-07-25,Tech,0.20978000000000002,0.07361013636363636,5
2022-07-26,Tech,0.07361013636363636,0.05625466666666666,5
2022-07-27,Tech,0.05625466666666666,0.13333233766233762,5
2022-07-28,Tech,0.13333233766233762,0.08416427272727274,5
2022-07-29,Tech,0.08416427272727274,0.2209129239766082,5
2022-08-01,Tech,0.2209129239766082,0.22423138888888888,5
2022-08-02,Tech,0.22423138888888888,-0.034189285714285714,5
2022-08-03,Tech,-0.034189285714285714,0.2004577142857143,5
2022-08-04,Tech,0.2004577142857143,0.03801,5
2022-08-05,Tech,0.03801,0.14875333333333335,5
2022-08-08,Tech,0.14875333333333335,0.15207251851851852,5
2022-08-09,Tech,0.15207251851851852,0.0713476923076923,5
2022-08-10,Tech,0.0713476923076923,0.08451339682539682,5
2022-08-11,Tech,0.08451339682539682,0.09493837662337663,5
2022-08-12,Tech,0.09493837662337663,0.26976766666666663,5
2022-08-15,Tech,0.26976766666666663,0.1521658095238095,5
2022-08-16,Tech,0.1521658095238095,0.19299066666666667,5
2022-08-17,Tech,0.19299066666666667,0.14981111111111112,5
2022-08-18,Tech,0.14981111111111112,0.10242,5
2022-08-19,Tech,0.10242,0.16227,5
2022-08-22,Tech,0.16227,0.26539666666666667,5
2022-08-23,Tech,0.26539666666666667,0.136524,5
2022-08-24,Tech,0.136524,0.14824991596638656,5
2022-08-25,Tech,0.14824991596638656,0.16630333333333333,5
2022-08-26,Tech,0.16630333333333333,0.19178323809523812,5
2022-08-29,Tech,0.19178323809523812,0.08097333333333334,5
2022-08-30,Tech,0.08097333333333334,0.1270565,5
2022-08-31,Tech,0.1270565,0.25483416666666664,5
2022-09-01,Tech,0.25483416666666664,-0.0029941246498599305,5
2022-09-02,Tech,-0.0029941246498599305,0.22613571428571427,5
2022-09-06,Tech,0.22613571428571427,0.09657909420289855,5
2022-09-07,Tech,0.09657909420289855,0.17825166666666667,5
2022-09-08,Tech,0.17825166666666667,0.02906000000000001,5
2022-09-09,Tech,0.02906000000000001,0.1466486666666667,5
2022-09-12,Tech,0.1466486666666667,0.02714535714285714,5
2022-09-13,Tech,0.02714535714285714,0.025618333333333326,5
2022-09-14,Tech,0.025618333333333326,0.09731583333333334,5
2022-09-15,Tech,0.09731583333333334,-0.007140478260869566,5
2022-09-16,Tech,-0.007140478260869566,0.04540142857142857,5
2022-09-19,Tech,0.04540142857142857,0.09093066666666665,5
2022-09-20,Tech,0.09093066666666665,0.07047895238095239,5
2022-09-21,Tech,0.07047895238095239,0.03157551282051283,5
2022-09-22,Tech,0.03157551282051283,0.09538914285714287,5
2022-09-23,Tech,0.09538914285714287,0.03931514285714287,5
2022-09-26,Tech,0.03931514285714287,0.0676072619047619,5
2022-09-27,Tech,0.0676072619047619,0.18781806349206348,5
2022-09-28,Tech,0.18781806349206348,-0.0035425714285714283,5
2022-09-29,Tech,-0.0035425714285714283,0.08149150000000001,5
2022-09-30,Tech,0.08149150000000001,-0.1387766666666667,5
2022-10-03,Tech,-0.1387766666666667,0.31188523809523805,5
2022-10-04,Tech,0.31188523809523805,0.14983649350649347,5
2022-10-05,Tech,0.14983649350649347,0.10330316666666665,5
2022-10-06,Tech,0.10330316666666665,0.014379999999999993,5
2022-10-07,Tech,0.014379999999999993,0.05010140350877192,5
2022-10-10,Tech,0.05010140350877192,0.07669666666666666,5
2022-10-11,Tech,0.07669666666666666,-0.056649166666666674,5
2022-10-12,Tech,-0.056649166666666674,-0.037791388888888874,5
2022-10-13,Tech,-0.037791388888888874,0.002154999999999996,5
2022-10-14,Tech,0.002154999999999996,0.07374,5
2022-10-17,Tech,0.07374,0.021602000000000003,5
2022-10-18,Tech,0.021602000000000003,0.13744,5
2022-10-19,Tech,0.13744,-0.09869666666666668,5
2022-10-20,Tech,-0.09869666666666668,0.17582000000000003,5
2022-10-21,Tech,0.17582000000000003,0.029272,5
2022-10-24,Tech,0.029272,-0.002347380952380947,5
2022-10-25,Tech,-0.002347380952380947,-0.026790666666666664,5
2022-10-26,Tech,-0.026790666666666664,0.28639333333333333,5
2022-10-27,Tech,0.28639333333333333,0.012193777777777777,5
2022-10-28,Tech,0.012193777777777777,0.06735060606060606,5
2022-10-31,Tech,0.06735060606060606,0.151471,5
2022-11-01,Tech,0.151471,0.09773733333333334,5
2022-11-02,Tech,0.09773733333333334,0.03447555555555556,5
2022-11-03,Tech,0.03447555555555556,0.019614761904761906,5
2022-11-04,Tech,0.019614761904761906,0.055600000000000004,5
2022-11-07,Tech,0.055600000000000004,0.15052076190476188,5
2022-11-08,Tech,0.15052076190476188,0.09983095238095238,5
2022-11-09,Tech,0.09983095238095238,0.026945000000000007,5
2022-11-10,Tech,0.026945000000000007,0.07427292307692307,5
2022-11-11,Tech,0.07427292307692307,0.1276092857142857,5
2022-11-14,Tech,0.1276092857142857,0.052409279609279616,5
2022-11-15,Tech,0.052409279609279616,0.110026,5
2022-11-16,Tech,0.110026,-0.02240138888888889,5
2022-11-17,Tech,-0.02240138888888889,0.08583533333333333,5
2022-11-18,Tech,0.08583533333333333,0.24541000000000004,5
2022-11-21,Tech,0.24541000000000004,0.176582,5
2022-11-22,Tech,0.176582,0.004435,5
2022-11-23,Tech,0.004435,0.20595333333333335,5
2022-11-25,Tech,0.20595333333333335,0.06496000000000002,5
2022-11-28,Tech,0.06496000000000002,0.09956784615384616,5
2022-11-29,Tech,0.09956784615384616,-0.08916533333333333,5
2022-11-30,Tech,-0.08916533333333333,0.09827666666666665,5
2022-12-01,Tech,0.09827666666666665,0.23367100000000002,5
2022-12-02,Tech,0.23367100000000002,0.08436190476190476,5
2022-12-05,Tech,0.08436190476190476,0.08007428571428572,5
2022-12-06,Tech,0.08007428571428572,-0.052709333333333316,5
2022-12-07,Tech,-0.052709333333333316,0.21540485714285715,5
2022-12-08,Tech,0.21540485714285715,0.141103,5
2022-12-09,Tech,0.141103,0.10536500000000001,5
2022-12-12,Tech,0.10536500000000001,0.13574380952380954,5
2022-12-13,Tech,0.13574380952380954,0.16928690476190478,5
2022-12-14,Tech,0.16928690476190478,0.004423333333333332,5
2022-12-15,Tech,0.004423333333333332,-0.06620595238095237,5
2022-12-16,Tech,-0.06620595238095237,0.07642216666666665,5
2022-12-19,Tech,0.07642216666666665,0.012095333333333328,5
2022-12-20,Tech,0.012095333333333328,0.187667,5
2022-12-21,Tech,0.187667,0.18500171428571427,5
2022-12-22,Tech,0.18500171428571427,-0.11699016666666666,5
2022-12-23,Tech,-0.11699016666666666,0.046097833333333324,5
2022-12-27,Tech,0.046097833333333324,-0.04709417316017316,5
2022-12-28,Tech,-0.04709417316017316,0.07834333333333332,5
2022-12-29,Tech,0.07834333333333332,0.17852666666666667,5
2022-12-30,Tech,0.17852666666666667,0.04451771428571429,5
2023-01-03,Tech,0.04451771428571429,0.09884962292609352,5
2023-01-04,Tech,0.09884962292609352,0.048024500000000005,5
2023-01-05,Tech,0.048024500000000005,0.22351533333333334,5
2023-01-06,Tech,0.22351533333333334,0.2231595238095238,5
2023-01-09,Tech,0.2231595238095238,0.12115619047619046,5
2023-01-10,Tech,0.12115619047619046,0.23811809523809524,5
2023-01-11,Tech,0.23811809523809524,0.06118666666666667,5
2023-01-12,Tech,0.06118666666666667,0.056658333333333345,5
2023-01-13,Tech,0.056658333333333345,0.10006499999999999,5
2023-01-17,Tech,0.10006499999999999,0.14185309523809525,5
2023-01-18,Tech,0.14185309523809525,0.18735714285714286,5
2023-01-19,Tech,0.18735714285714286,0.12815714285714286,5
2023-01-20,Tech,0.12815714285714286,0.07984266666666667,5
2023-01-23,Tech,0.07984266666666667,0.05240378446115289,5
2023-01-24,Tech,0.05240378446115289,0.009819000000000008,5
2023-01-25,Tech,0.009819000000000008,0.061449166666666666,5
2023-01-26,Tech,0.061449166666666666,0.06030255555555555,5
2023-01-27,Tech,0.06030255555555555,-0.023116999999999995,5
2023-01-30,Tech,-0.023116999999999995,0.08135,5
2023-01-31,Tech,0.08135,-0.012983999999999996,5
2023-02-01,Tech,-0.012983999999999996,-0.06427003813882533,5
2023-02-02,Tech,-0.06427003813882533,0.19343,5
2023-02-03,Tech,0.19343,-0.045935833333333335,5
2023-02-06,Tech,-0.045935833333333335,0.21325583333333334,5
2023-02-07,Tech,0.21325583333333334,0.19244266666666668,5
2023-02-08,Tech,0.19244266666666668,0.15681728571428571,5
2023-02-09,Tech,0.15681728571428571,0.21136499999999997,5
2023-02-10,Tech,0.21136499999999997,-0.01482333333333333,5
2023-02-13,Tech,-0.01482333333333333,0.21249109243697478,5
2023-02-14,Tech,0.21249109243697478,0.21975484848484847,5
2023-02-15,Tech,0.21975484848484847,-0.009739999999999993,5
2023-02-16,Tech,-0.009739999999999993,0.20507805194805195,5
2023-02-17,Tech,0.20507805194805195,0.09892727272727272,5
2023-02-21,Tech,0.09892727272727272,0.11450090909090908,5
2023-02-22,Tech,0.11450090909090908,0.10889800000000001,5
2023-02-23,Tech,0.10889800000000001,0.015046581300813017,5
2023-02-24,Tech,0.015046581300813017,-0.009499999999999998,5
2023-02-27,Tech,-0.009499999999999998,0.07360492063492063,5
2023-02-28,Tech,0.07360492063492063,0.24963571428571432,5
2023-03-01,Tech,0.24963571428571432,0.183314126984127,5
2023-03-02,Tech,0.183314126984127,0.07698166666666667,5
2023-03-03,Tech,0.07698166666666667,0.21968155555555557,5
2023-03-06,Tech,0.21968155555555557,0.07911199999999999,5
2023-03-07,Tech,0.07911199999999999,0.11298444444444444,5
2023-03-08,Tech,0.11298444444444444,0.10503611111111111,5
2023-03-09,Tech,0.10503611111111111,0.1660287878787879,5
2023-03-10,Tech,0.1660287878787879,0.11482700000000001,5
2023-03-13,Tech,0.11482700000000001,0.058681,5
2023-03-14,Tech,0.058681,0.16459083333333333,5
2023-03-15,Tech,0.16459083333333333,-0.01291476190476191,5
2023-03-16,Tech,-0.01291476190476191,0.11989663636363637,5
2023-03-17,Tech,0.11989663636363637,0.07199966666666666,5
2023-03-20,Tech,0.07199966666666666,0.10704233333333335,5
2023-03-21,Tech,0.10704233333333335,0.08250033333333334,5
2023-03-22,Tech,0.08250033333333334,0.05857650375939849,5
2023-03-23,Tech,0.05857650375939849,0.1406757142857143,5
2023-03-24,Tech,0.1406757142857143,0.05493119047619048,5
2023-03-27,Tech,0.05493119047619048,0.14500497435897436,5
2023-03-28,Tech,0.14500497435897436,0.12816,5
2023-03-29,Tech,0.12816,0.12355000000000001,5
2023-03-30,Tech,0.12355000000000001,0.16753085714285715,5
2023-03-31,Tech,0.16753085714285715,0.16096566666666667,5
2023-04-03,Tech,0.16096566666666667,0.15402867116791255,5
2023-04-04,Tech,0.15402867116791255,0.12598650649350648,5
2023-04-05,Tech,0.12598650649350648,0.11254924812030076,5
2023-04-06,Tech,0.11254924812030076,0.3178369230769231,5
2023-04-10,Tech,0.3178369230769231,0.1816367177559283,5
2023-04-11,Tech,0.1816367177559283,0.062146,5
2023-04-12,Tech,0.062146,0.12446133333333334,5
2023-04-13,Tech,0.12446133333333334,0.04786155158730159,5
2023-04-14,Tech,0.04786155158730159,0.1956424761904762,5
2023-04-17,Tech,0.1956424761904762,0.13280434523809526,5
2023-04-18,Tech,0.13280434523809526,0.23982142857142855,5
2023-04-19,Tech,0.23982142857142855,0.14302,5
2023-04-20,Tech,0.14302,0.03889100000000001,5
2023-04-21,Tech,0.03889100000000001,0.11072671428571428,5
2023-04-24,Tech,0.11072671428571428,0.2665737777777778,5
2023-04-25,Tech,0.2665737777777778,0.25492476190476193,5
2023-04-26,Tech,0.25492476190476193,0.0997595,5
2023-04-27,Tech,0.0997595,0.11259833333333333,5
2023-04-28,Tech,0.11259833333333333,0.06789535714285713,5
2023-05-01,Tech,0.06789535714285713,0.14170411111111111,5
2023-05-02,Tech,0.14170411111111111,0.048055000000000014,5
2023-05-03,Tech,0.048055000000000014,0.1363976392724922,5
2023-05-04,Tech,0.1363976392724922,0.0624583253968254,5
2023-05-05,Tech,0.0624583253968254,0.015095238095238092,5
2023-05-08,Tech,0.015095238095238092,0.13794771428571428,5
2023-05-09,Tech,0.13794771428571428,0.03553512820512822,5
2023-05-10,Tech,0.03553512820512822,0.084552,5
2023-05-11,Tech,0.084552,0.05073159090909091,5
2023-05-12,Tech,0.05073159090909091,0.1103,5
2023-05-15,Tech,0.1103,0.17601240259740258,5
2023-05-16,Tech,0.17601240259740258,0.08500666666666667,5
2023-05-17,Tech,0.08500666666666667,0.14877263636363638,5
2023-05-18,Tech,0.14877263636363638,0.130715,5
2023-05-19,Tech,0.130715,0.2726375,5
2023-05-22,Tech,0.2726375,-0.0001465311355311416,5
2023-05-23,Tech,-0.0001465311355311416,0.23763,5
2023-05-24,Tech,0.23763,0.035610555555555555,5
2023-05-25,Tech,0.035610555555555555,0.20660182916374406,5
2023-05-26,Tech,0.20660182916374406,0.13152178861788616,5
2023-05-30,Tech,0.13152178861788616,0.10903382695374801,5
2023-05-31,Tech,0.10903382695374801,0.1022645674470457,5
2023-06-01,Tech,0.1022645674470457,0.1742191891891892,5
2023-06-02,Tech,0.1742191891891892,0.08822628571428572,5
2023-06-05,Tech,0.08822628571428572,0.07524702597402598,5
2023-06-06,Tech,0.07524702597402598,0.028340761904761903,5
2023-06-07,Tech,0.028340761904761903,0.16101533333333334,5
2023-06-08,Tech,0.16101533333333334,0.11187153246753248,5
2023-06-09,Tech,0.11187153246753248,0.0663551754385965,5
2023-06-12,Tech,0.0663551754385965,0.12280266666666666,5
2023-06-13,Tech,0.12280266666666666,0.1291906218487395,5
2023-06-14,Tech,0.1291906218487395,0.22483330384785494,5
2023-06-15,Tech,0.22483330384785494,0.13265575617930456,5
2023-06-16,Tech,0.13265575617930456,0.1324245543478261,5
2023-06-20,Tech,0.1324245543478261,0.09686978723404256,5
2023-06-21,Tech,0.09686978723404256,-0.02086030000000001,5
2023-06-22,Tech,-0.02086030000000001,0.1101747619047619,5
2023-06-23,Tech,0.1101747619047619,0.144575873015873,5
2023-06-26,Tech,0.144575873015873,0.15853735353535353,5
2023-06-27,Tech,0.15853735353535353,0.18255900000000003,5
2023-06-28,Tech,0.18255900000000003,0.04862068244524485,5
2023-06-29,Tech,0.04862068244524485,0.0661257857142857,5
2023-06-30,Tech,0.0661257857142857,0.06819096774193548,5
2023-07-03,Tech,0.06819096774193548,0.29837233333333335,5
2023-07-05,Tech,0.29837233333333335,0.15283009523809526,5
2023-07-06,Tech,0.15283009523809526,-0.006500684870684867,5
2023-07-07,Tech,-0.006500684870684867,0.0105125,5
2023-07-10,Tech,0.0105125,0.13286641679957473,5
2023-07-11,Tech,0.13286641679957473,0.13941472161172164,5
2023-07-12,Tech,0.13941472161172164,0.14795548148148147,5
2023-07-13,Tech,0.14795548148148147,0.1522211111111111,5
2023-07-14,Tech,0.1522211111111111,0.13538973076923078,5
2023-07-17,Tech,0.13538973076923078,0.1274972087912088,5
2023-07-18,Tech,0.1274972087912088,0.27812781159420286,5
2023-07-19,Tech,0.27812781159420286,0.20008000000000004,5
2023-07-20,Tech,0.20008000000000004,0.08139271678321677,5
2023-07-21,Tech,0.08139271678321677,0.09099630303030302,5
2023-07-24,Tech,0.09099630303030302,0.16126200000000002,5
2023-07-25,Tech,0.16126200000000002,0.011902809523809524,5
2023-07-26,Tech,0.011902809523809524,0.07329879370629369,5
2023-07-27,Tech,0.07329879370629369,0.06615267946894263,5
2023-07-28,Tech,0.06615267946894263,0.24819001177394034,5
2023-07-31,Tech,0.24819001177394034,0.19949421296296296,5
2023-08-01,Tech,0.19949421296296296,0.20660894117647058,5
2023-08-02,Tech,0.20660894117647058,-0.0018133118174806125,5
2023-08-03,Tech,-0.0018133118174806125,0.05965636604136604,5
2023-08-04,Tech,0.05965636604136604,0.07226816666666666,5
2023-08-07,Tech,0.07226816666666666,0.04432166666666667,5
2023-08-08,Tech,0.04432166666666667,0.12620619047619047,5
2023-08-09,Tech,0.12620619047619047,0.131267,5
2023-08-10,Tech,0.131267,0.054040823529411766,5
2023-08-11,Tech,0.054040823529411766,0.1481859259259259,5
2023-08-14,Tech,0.1481859259259259,0.13544012987012988,5
2023-08-15,Tech,0.13544012987012988,0.14969414285714286,5
2023-08-16,Tech,0.14969414285714286,0.13421111111111111,5
2023-08-17,Tech,0.13421111111111111,0.07741811965811965,5
2023-08-18,Tech,0.07741811965811965,0.164643,5
2023-08-21,Tech,0.164643,0.02278447391688772,5
2023-08-22,Tech,0.02278447391688772,0.10596752380952382,5
2023-08-23,Tech,0.10596752380952382,0.18106781818181816,5
2023-08-24,Tech,0.18106781818181816,0.14362205406027145,5
2023-08-25,Tech,0.14362205406027145,0.07256510638297872,5
2023-08-28,Tech,0.07256510638297872,0.1749528893801234,5
2023-08-29,Tech,0.1749528893801234,0.18202757142857143,5
2023-08-30,Tech,0.18202757142857143,0.13625923436041082,5
2023-08-31,Tech,0.13625923436041082,0.10259163492063492,5
2023-09-01,Tech,0.10259163492063492,0.23327714285714288,5
2023-09-05,Tech,0.23327714285714288,0.22010691904761903,5
2023-09-06,Tech,0.22010691904761903,0.10438733333333335,5
2023-09-07,Tech,0.10438733333333335,0.13130234722222223,5
2023-09-08,Tech,0.13130234722222223,0.08768556332556332,5
2023-09-11,Tech,0.08768556332556332,0.22847957298136645,5
2023-09-12,Tech,0.22847957298136645,0.06973090000000001,5
2023-09-13,Tech,0.06973090000000001,0.3545271428571429,5
2023-09-14,Tech,0.3545271428571429,0.1817830462962963,5
2023-09-15,Tech,0.1817830462962963,-0.01706945564516129,5
2023-09-18,Tech,-0.01706945564516129,0.1563322274966413,5
2023-09-19,Tech,0.1563322274966413,0.10076291666666667,5
2023-09-20,Tech,0.10076291666666667,0.045994126984126985,5
2023-09-21,Tech,0.045994126984126985,0.19356929166666664,5
2023-09-22,Tech,0.19356929166666664,0.10214920634920635,5
2023-09-25,Tech,0.10214920634920635,0.07235129426129425,5
2023-09-26,Tech,0.07235129426129425,0.017632380952380945,5
2023-09-27,Tech,0.017632380952380945,0.12319106666666665,5
2023-09-28,Tech,0.12319106666666665,0.020198666666666663,5
2023-09-29,Tech,0.020198666666666663,0.08384396103896104,5
2023-10-02,Tech,0.08384396103896104,0.20524565567765568,5
2023-10-03,Tech,0.20524565567765568,0.24084764957264956,5
2023-10-04,Tech,0.24084764957264956,0.0888695076923077,5
2023-10-05,Tech,0.0888695076923077,0.19900871794871794,5
2023-10-06,Tech,0.19900871794871794,0.10763076923076924,5
2023-10-09,Tech,0.10763076923076924,0.12484396810207336,5
2023-10-10,Tech,0.12484396810207336,0.13884384615384618,5
2023-10-11,Tech,0.13884384615384618,0.19455512361712363,5
2023-10-12,Tech,0.19455512361712363,0.10810073333333334,5
2023-10-13,Tech,0.10810073333333334,0.16763161904761908,5
2023-10-16,Tech,0.16763161904761908,0.14096538095238093,5
2023-10-17,Tech,0.14096538095238093,0.08516546158176189,5
2023-10-18,Tech,0.08516546158176189,0.041153208109719744,5
2023-10-19,Tech,0.041153208109719744,0.11662679487179486,5
2023-10-20,Tech,0.11662679487179486,0.13437321256038648,5
2023-10-23,Tech,0.13437321256038648,0.13393824074074073,5
2023-10-24,Tech,0.13393824074074073,0.16618165834165835,5
2023-10-25,Tech,0.16618165834165835,0.16701650584795322,5
2023-10-26,Tech,0.16701650584795322,0.18928578151260506,5
2023-10-27,Tech,0.18928578151260506,0.1873210867293626,5
2023-10-30,Tech,0.1873210867293626,0.02855916816516817,5
2023-10-31,Tech,0.02855916816516817,0.12211015939278938,5
2023-11-01,Tech,0.12211015939278938,0.10254947550034506,5
2023-11-02,Tech,0.10254947550034506,0.18541493333333334,5
2023-11-03,Tech,0.18541493333333334,0.192192,5
2023-11-06,Tech,0.192192,0.17505172727272728,5
2023-11-07,Tech,0.17505172727272728,0.342199898989899,5
2023-11-08,Tech,0.342199898989899,0.02572083333333334,5
2023-11-09,Tech,0.02572083333333334,0.23585066666666665,5
2023-11-10,Tech,0.23585066666666665,0.25193690579710143,5
2023-11-13,Tech,0.25193690579710143,0.15307514285714288,5
2023-11-14,Tech,0.15307514285714288,0.26826717554858936,5
2023-11-15,Tech,0.26826717554858936,0.07499481962481962,5
2023-11-16,Tech,0.07499481962481962,0.1112770238095238,5
2023-11-17,Tech,0.1112770238095238,0.13920559999999998,5
2023-11-20,Tech,0.13920559999999998,0.20513315602836882,5
2023-11-21,Tech,0.20513315602836882,0.14069820175438597,5
2023-11-22,Tech,0.14069820175438597,0.11202260784313726,5
2023-11-24,Tech,0.11202260784313726,0.10605318181818182,5
2023-11-27,Tech,0.10605318181818182,0.15630985294117644,5
2023-11-28,Tech,0.15630985294117644,0.1617667857142857,5
2023-11-29,Tech,0.1617667857142857,0.21583023809523808,5
2023-11-30,Tech,0.21583023809523808,0.06918904761904762,5
2023-12-01,Tech,0.06918904761904762,0.07004760784313727,5
2023-12-04,Tech,0.07004760784313727,0.166926593837535,5
2023-12-05,Tech,0.166926593837535,0.15690225490196077,5
2023-12-06,Tech,0.15690225490196077,0.17517288888888888,5
2023-12-07,Tech,0.17517288888888888,0.10167930476190476,5
2023-12-08,Tech,0.10167930476190476,0.18275247297863426,5
2023-12-11,Tech,0.18275247297863426,0.11852516326530611,5
2023-12-12,Tech,0.11852516326530611,0.10312683333333332,5
2023-12-13,Tech,0.10312683333333332,0.1831550980392157,5
2023-12-14,Tech,0.1831550980392157,0.144896,5
2023-12-15,Tech,0.144896,0.10970402020202019,5
2023-12-18,Tech,0.10970402020202019,0.11585285714285713,5
2023-12-19,Tech,0.11585285714285713,0.12708476190476192,5
2023-12-20,Tech,0.12708476190476192,0.09493342857142857,5
2023-12-21,Tech,0.09493342857142857,0.12903642857142858,5
2023-12-22,Tech,0.12903642857142858,0.11658942857142858,5
2023-12-26,Tech,0.11658942857142858,0.14006742857142856,5
2023-12-27,Tech,0.14006742857142856,0.1338564285714286,5
2023-12-28,Tech,0.1338564285714286,0.11455142857142857,5
2023-12-29,Tech,0.11455142857142857,0.13785714285714284,5
2020-01-02,Utilities,0.0,0.12738,5
2020-01-03,Utilities,0.12738,0.07092000000000001,5
2020-01-06,Utilities,0.07092000000000001,0.009050000000000002,5
2020-01-07,Utilities,0.009050000000000002,0.19107000000000002,5
2020-01-08,Utilities,0.19107000000000002,0.23153,5
2020-01-09,Utilities,0.23153,0.059199999999999996,5
2020-01-10,Utilities,0.059199999999999996,0.18409666666666666,5
2020-01-13,Utilities,0.18409666666666666,0.06448,5
2020-01-14,Utilities,0.06448,0.28250000000000003,5
2020-01-15,Utilities,0.28250000000000003,0.14214,5
2020-01-16,Utilities,0.14214,0.15667333333333333,5
2020-01-17,Utilities,0.15667333333333333,0.14194133333333334,5
2020-01-21,Utilities,0.14194133333333334,0.17614,5
2020-01-22,Utilities,0.17614,0.10610249999999999,5
2020-01-23,Utilities,0.10610249999999999,-0.028099999999999997,5
2020-01-24,Utilities,-0.028099999999999997,0.1920550588235294,5
2020-01-27,Utilities,0.1920550588235294,0.03120825396825397,5
2020-01-28,Utilities,0.03120825396825397,0.08364000000000002,5
2020-01-29,Utilities,0.08364000000000002,0.20021499999999998,5
2020-01-30,Utilities,0.20021499999999998,0.17747066666666664,5
2020-01-31,Utilities,0.17747066666666664,0.18102,5
2020-02-03,Utilities,0.18102,0.26446000000000003,5
2020-02-04,Utilities,0.26446000000000003,0.18715,5
2020-02-05,Utilities,0.18715,0.03190333333333333,5
2020-02-06,Utilities,0.03190333333333333,0.12708,5
2020-02-07,Utilities,0.12708,0.09882500000000001,5
2020-02-10,Utilities,0.09882500000000001,0.10711833333333334,5
2020-02-11,Utilities,0.10711833333333334,0.13756857142857143,5
2020-02-12,Utilities,0.13756857142857143,0.25366555555555553,5
2020-02-13,Utilities,0.25366555555555553,0.095854,5
2020-02-14,Utilities,0.095854,0.10838350000000001,5
2020-02-18,Utilities,0.10838350000000001,0.19237916666666668,5
2020-02-19,Utilities,0.19237916666666668,0.1555965909090909,5
2020-02-20,Utilities,0.1555965909090909,0.08118410256410255,5
2020-02-21,Utilities,0.08118410256410255,0.22955876923076923,5
2020-02-24,Utilities,0.22955876923076923,0.056410666666666665,5
2020-02-25,Utilities,0.056410666666666665,0.21147333333333332,5
2020-02-26,Utilities,0.21147333333333332,0.14784333333333333,5
2020-02-27,Utilities,0.14784333333333333,0.2729783333333333,5
2020-02-28,Utilities,0.2729783333333333,-0.07798666666666668,5
2020-03-02,Utilities,-0.07798666666666668,0.23668666666666666,5
2020-03-03,Utilities,0.23668666666666666,0.00575,5
2020-03-04,Utilities,0.00575,0.4725693333333334,5
2020-03-05,Utilities,0.4725693333333334,0.07459333333333333,5
2020-03-06,Utilities,0.07459333333333333,0.13833,5
2020-03-09,Utilities,0.13833,-0.17196333333333333,5
2020-03-10,Utilities,-0.17196333333333333,0.15145,5
2020-03-11,Utilities,0.15145,0.03367333333333334,5
2020-03-12,Utilities,0.03367333333333334,-0.062405476190476185,5
2020-03-13,Utilities,-0.062405476190476185,0.206285,5
2020-03-16,Utilities,0.206285,0.29333466666666663,5
2020-03-17,Utilities,0.29333466666666663,0.48240999999999995,5
2020-03-18,Utilities,0.48240999999999995,0.39269,5
2020-03-19,Utilities,0.39269,0.38610666666666665,5
2020-03-20,Utilities,0.38610666666666665,0.17613166666666666,5
2020-03-23,Utilities,0.17613166666666666,-0.014488285714285712,5
2020-03-24,Utilities,-0.014488285714285712,0.1535857142857143,5
2020-03-25,Utilities,0.1535857142857143,0.34169,5
2020-03-26,Utilities,0.34169,0.11198333333333332,5
2020-03-27,Utilities,0.11198333333333332,0.28590499999999996,5
2020-03-30,Utilities,0.28590499999999996,0.14705928571428573,5
2020-03-31,Utilities,0.14705928571428573,-0.140875,5
2020-04-01,Utilities,-0.140875,-0.16130833333333333,5
2020-04-02,Utilities,-0.16130833333333333,0.04542500000000001,5
2020-04-03,Utilities,0.04542500000000001,0.21839999999999998,5
2020-04-06,Utilities,0.21839999999999998,0.35653166666666664,5
2020-04-07,Utilities,0.35653166666666664,0.18673266666666666,5
2020-04-08,Utilities,0.18673266666666666,0.19756666666666664,5
2020-04-09,Utilities,0.19756666666666664,0.39142,5
2020-04-13,Utilities,0.39142,0.010868809523809525,5
2020-04-14,Utilities,0.010868809523809525,0.162404,5
2020-04-15,Utilities,0.162404,-0.0017530000000000017,5
2020-04-16,Utilities,-0.0017530000000000017,0.20834000000000003,5
2020-04-17,Utilities,0.20834000000000003,0.3304314285714286,5
2020-04-20,Utilities,0.3304314285714286,-0.083616,5
2020-04-21,Utilities,-0.083616,-0.11894,5
2020-04-22,Utilities,-0.11894,0.012573461538461537,5
2020-04-23,Utilities,0.012573461538461537,0.14177,5
2020-04-24,Utilities,0.14177,-0.025,5
2020-04-27,Utilities,-0.025,0.16331777777777778,5
2020-04-28,Utilities,0.16331777777777778,0.22255666666666665,5
2020-04-29,Utilities,0.22255666666666665,0.04045,5
2020-04-30,Utilities,0.04045,0.077908,5
2020-05-01,Utilities,0.077908,0.10101249999999999,5
2020-05-04,Utilities,0.10101249999999999,0.17944,5
2020-05-05,Utilities,0.17944,0.2092145,5
2020-05-06,Utilities,0.2092145,0.23026200000000002,5
2020-05-07,Utilities,0.23026200000000002,0.14364333333333335,5
2020-05-08,Utilities,0.14364333333333335,0.028462909090909087,5
2020-05-11,Utilities,0.028462909090909087,0.13961166666666666,5
2020-05-12,Utilities,0.13961166666666666,0.14475722222222223,5
2020-05-13,Utilities,0.14475722222222223,0.27503500000000003,5
2020-05-14,Utilities,0.27503500000000003,0.156695,5
2020-05-15,Utilities,0.156695,0.304895,5
2020-05-18,Utilities,0.304895,0.13759833333333332,5
2020-05-19,Utilities,0.13759833333333332,0.6276666666666666,5
2020-05-20,Utilities,0.6276666666666666,0.16638666666666665,5
2020-05-21,Utilities,0.16638666666666665,0.3298773333333333,5
2020-05-22,Utilities,0.3298773333333333,0.21939333333333327,5
2020-05-26,Utilities,0.21939333333333327,0.31604,5
2020-05-27,Utilities,0.31604,0.15987,5
2020-05-28,Utilities,0.15987,0.1964,5
2020-05-29,Utilities,0.1964,0.17122833333333332,5
2020-06-01,Utilities,0.17122833333333332,0.08177333333333334,5
2020-06-02,Utilities,0.08177333333333334,0.131285,5
2020-06-03,Utilities,0.131285,0.07664499999999999,5
2020-06-04,Utilities,0.07664499999999999,-0.036432,5
2020-06-05,Utilities,-0.036432,-0.018006666666666664,5
2020-06-08,Utilities,-0.018006666666666664,-0.004559999999999997,5
2020-06-09,Utilities,-0.004559999999999997,0.31168,5
2020-06-10,Utilities,0.31168,0.27156,5
2020-06-11,Utilities,0.27156,0.27156,5
2020-06-12,Utilities,0.27156,0.10994999999999999,5
2020-06-15,Utilities,0.10994999999999999,0.21253000000000002,5
2020-06-16,Utilities,0.21253000000000002,0.25468999999999997,5
2020-06-17,Utilities,0.25468999999999997,0.05574,5
2020-06-18,Utilities,0.05574,0.08632,5
2020-06-19,Utilities,0.08632,0.12854000000000002,5
2020-06-22,Utilities,0.12854000000000002,0.028356666666666676,5
2020-06-23,Utilities,0.028356666666666676,0.05464,5
2020-06-24,Utilities,0.05464,0.0341,5
2020-06-25,Utilities,0.0341,0.05464,5
2020-06-26,Utilities,0.05464,0.068,5
2020-06-29,Utilities,0.068,0.068,5
2020-06-30,Utilities,0.068,0.034,5
2020-07-01,Utilities,0.034,0.14079999999999998,5
2020-07-02,Utilities,0.14079999999999998,0.34319,5
2020-07-06,Utilities,0.34319,0.13618717391304347,5
2020-07-07,Utilities,0.13618717391304347,0.005579999999999996,5
2020-07-08,Utilities,0.005579999999999996,-0.05780166666666666,5
2020-07-09,Utilities,-0.05780166666666666,0.10533999999999999,5
2020-07-10,Utilities,0.10533999999999999,0.14728,5
2020-07-13,Utilities,0.14728,0.0162,5
2020-07-14,Utilities,0.0162,0.09741999999999999,5
2020-07-15,Utilities,0.09741999999999999,0.3174,5
2020-07-16,Utilities,0.3174,0.11438,5
2020-07-17,Utilities,0.11438,0.30619999999999997,5
2020-07-20,Utilities,0.30619999999999997,0.12223999999999999,5
2020-07-21,Utilities,0.12223999999999999,0.14819,5
2020-07-22,Utilities,0.14819,0.14819,5
2020-07-23,Utilities,0.14819,0.14972,5
2020-07-24,Utilities,0.14972,0.27325999999999995,5
2020-07-27,Utilities,0.27325999999999995,0.103745,5
2020-07-28,Utilities,0.103745,0.189935,5
2020-07-29,Utilities,0.189935,0.16524,5
2020-07-30,Utilities,0.16524,0.15929,5
2020-07-31,Utilities,0.15929,0.17617,5
2020-08-03,Utilities,0.17617,0.24440666666666666,5
2020-08-04,Utilities,0.24440666666666666,0.24944000000000005,5
2020-08-05,Utilities,0.24944000000000005,0.025939999999999998,5
2020-08-06,Utilities,0.025939999999999998,0.07365,5
2020-08-07,Utilities,0.07365,0.02717,5
2020-08-10,Utilities,0.02717,0.01937666666666667,5
2020-08-11,Utilities,0.01937666666666667,0.17334,5
2020-08-12,Utilities,0.17334,0.12265999999999999,5
2020-08-13,Utilities,0.12265999999999999,0.02732,5
2020-08-14,Utilities,0.02732,0.25476,5
2020-08-17,Utilities,0.25476,0.31689,5
2020-08-18,Utilities,0.31689,0.40841000000000005,5
2020-08-19,Utilities,0.40841000000000005,0.40841000000000005,5
2020-08-20,Utilities,0.40841000000000005,0.18508,5
2020-08-21,Utilities,0.18508,0.24791,5
2020-08-24,Utilities,0.24791,0.04411999999999998,5
2020-08-25,Utilities,0.04411999999999998,0.06702999999999999,5
2020-08-26,Utilities,0.06702999999999999,0.27280799999999994,5
2020-08-27,Utilities,0.27280799999999994,0.22965799999999997,5
2020-08-28,Utilities,0.22965799999999997,0.22965799999999997,5
2020-08-31,Utilities,0.22965799999999997,0.03904333333333333,5
2020-09-01,Utilities,0.03904333333333333,0.00258,5
2020-09-02,Utilities,0.00258,0.35608,5
2020-09-03,Utilities,0.35608,0.38211,5
2020-09-04,Utilities,0.38211,0.28064999999999996,5
2020-09-08,Utilities,0.28064999999999996,-0.16006857142857142,5
2020-09-09,Utilities,-0.16006857142857142,-0.06996,5
2020-09-10,Utilities,-0.06996,0.03932,5
2020-09-11,Utilities,0.03932,0.13466,5
2020-09-14,Utilities,0.13466,0.086595,5
2020-09-15,Utilities,0.086595,0.05510333333333334,5
2020-09-16,Utilities,0.05510333333333334,0.088385,5
2020-09-17,Utilities,0.088385,0.088385,5
2020-09-18,Utilities,0.088385,0.0407,5
2020-09-21,Utilities,0.0407,0.15218,5
2020-09-22,Utilities,0.15218,0.12878,5
2020-09-23,Utilities,0.12878,-0.05464,5
2020-09-24,Utilities,-0.05464,0.0,5
2020-09-25,Utilities,0.0,0.0,5
2020-09-28,Utilities,0.0,0.071464,5
2020-09-29,Utilities,0.071464,0.0598,5
2020-09-30,Utilities,0.0598,0.213744,5
2020-10-01,Utilities,0.213744,0.27494,5
2020-10-02,Utilities,0.27494,0.4051400000000001,5
2020-10-05,Utilities,0.4051400000000001,0.44755500000000004,5
2020-10-06,Utilities,0.44755500000000004,0.4089600000000001,5
2020-10-07,Utilities,0.4089600000000001,0.3375000000000001,5
2020-10-08,Utilities,0.3375000000000001,0.15676,5
2020-10-09,Utilities,0.15676,0.23768000000000003,5
2020-10-12,Utilities,0.23768000000000003,0.3879,5
2020-10-13,Utilities,0.3879,0.18822000000000003,5
2020-10-14,Utilities,0.18822000000000003,0.32068,5
2020-10-15,Utilities,0.32068,0.38042,5
2020-10-16,Utilities,0.38042,0.38042,5
2020-10-19,Utilities,0.38042,0.34524999999999995,5
2020-10-20,Utilities,0.34524999999999995,0.21139999999999998,5
2020-10-21,Utilities,0.21139999999999998,0.16904999999999998,5
2020-10-22,Utilities,0.16904999999999998,0.15596,5
2020-10-23,Utilities,0.15596,0.10568999999999999,5
2020-10-26,Utilities,0.10568999999999999,0.04977499999999999,5
2020-10-27,Utilities,0.04977499999999999,0.04934,5
2020-10-28,Utilities,0.04934,-0.005299999999999999,5
2020-10-29,Utilities,-0.005299999999999999,0.03768,5
2020-10-30,Utilities,0.03768,0.07665999999999999,5
2020-11-02,Utilities,0.07665999999999999,-0.015610000000000013,5
2020-11-03,Utilities,-0.015610000000000013,-0.014470000000000005,5
2020-11-04,Utilities,-0.014470000000000005,-0.171015,5
2020-11-05,Utilities,-0.171015,0.12079999999999999,5
2020-11-06,Utilities,0.12079999999999999,0.14980000000000002,5
2020-11-09,Utilities,0.14980000000000002,0.08789142857142858,5
2020-11-10,Utilities,0.08789142857142858,0.1366,5
2020-11-11,Utilities,0.1366,0.08646,5
2020-11-12,Utilities,0.08646,0.24905,5
2020-11-13,Utilities,0.24905,0.24905,5
2020-11-16,Utilities,0.24905,0.031710000000000016,5
2020-11-17,Utilities,0.031710000000000016,0.031710000000000016,5
2020-11-18,Utilities,0.031710000000000016,0.04068000000000001,5
2020-11-19,Utilities,0.04068000000000001,-0.06844999999999998,5
2020-11-20,Utilities,-0.06844999999999998,-0.04723666666666666,5
2020-11-23,Utilities,-0.04723666666666666,0.05443666666666667,5
2020-11-24,Utilities,0.05443666666666667,0.17919666666666667,5
2020-11-25,Utilities,0.17919666666666667,0.23096999999999998,5
2020-11-27,Utilities,0.23096999999999998,0.24823,5
2020-11-30,Utilities,0.24823,0.10888999999999997,5
2020-12-01,Utilities,0.10888999999999997,0.16353,5
2020-12-02,Utilities,0.16353,0.27591,5
2020-12-03,Utilities,0.27591,0.27591,5
2020-12-04,Utilities,0.27591,0.2794,5
2020-12-07,Utilities,0.2794,0.28403999999999996,5
2020-12-08,Utilities,0.28403999999999996,0.29369999999999996,5
2020-12-09,Utilities,0.29369999999999996,0.4685600000000001,5
2020-12-10,Utilities,0.4685600000000001,0.2891066666666667,5
2020-12-11,Utilities,0.2891066666666667,0.26715999999999995,5
2020-12-14,Utilities,0.26715999999999995,0.12999,5
2020-12-15,Utilities,0.12999,0.12999,5
2020-12-16,Utilities,0.12999,0.12999,5
2020-12-17,Utilities,0.12999,0.12379,5
2020-12-18,Utilities,0.12379,0.12963,5
2020-12-21,Utilities,0.12963,0.24393000000000004,5
2020-12-22,Utilities,0.24393000000000004,0.18497,5
2020-12-23,Utilities,0.18497,0.21001000000000003,5
2020-12-24,Utilities,0.21001000000000003,0.21001000000000003,5
2020-12-28,Utilities,0.21001000000000003,0.34687999999999997,5
2020-12-29,Utilities,0.34687999999999997,0.34687999999999997,5
2020-12-30,Utilities,0.34687999999999997,0.25880000000000003,5
2020-12-31,Utilities,0.25880000000000003,0.21771000000000001,5
2021-01-04,Utilities,0.21771000000000001,0.168855,5
2021-01-05,Utilities,0.168855,0.20237,5
2021-01-06,Utilities,0.20237,0.20237,5
2021-01-07,Utilities,0.20237,0.12963,5
2021-01-08,Utilities,0.12963,0.17616,5
2021-01-11,Utilities,0.17616,0.23531,5
2021-01-12,Utilities,0.23531,0.38197,5
2021-01-13,Utilities,0.38197,0.19720666666666667,5
2021-01-14,Utilities,0.19720666666666667,0.04860666666666667,5
2021-01-15,Utilities,0.04860666666666667,0.2130466666666667,5
2021-01-19,Utilities,0.2130466666666667,0.11539999999999999,5
2021-01-20,Utilities,0.11539999999999999,0.15598,5
2021-01-21,Utilities,0.15598,0.15598,5
2021-01-22,Utilities,0.15598,0.09966,5
2021-01-25,Utilities,0.09966,0.11417000000000002,5
2021-01-26,Utilities,0.11417000000000002,0.0890675,5
2021-01-27,Utilities,0.0890675,0.29238,5
2021-01-28,Utilities,0.29238,0.27714,5
2021-01-29,Utilities,0.27714,0.1584,5
2021-02-01,Utilities,0.1584,0.12591999999999998,5
2021-02-02,Utilities,0.12591999999999998,0.18056,5
2021-02-03,Utilities,0.18056,0.11098333333333335,5
2021-02-04,Utilities,0.11098333333333335,0.20735333333333333,5
2021-02-05,Utilities,0.20735333333333333,0.23529999999999998,5
2021-02-08,Utilities,0.23529999999999998,0.26638,5
2021-02-09,Utilities,0.26638,0.32101999999999997,5
2021-02-10,Utilities,0.32101999999999997,0.26375000000000004,5
2021-02-11,Utilities,0.26375000000000004,-0.009659999999999998,5
2021-02-12,Utilities,-0.009659999999999998,0.121424,5
2021-02-16,Utilities,0.121424,0.33836999999999995,5
2021-02-17,Utilities,0.33836999999999995,0.2889,5
2021-02-18,Utilities,0.2889,0.27870999999999996,5
2021-02-19,Utilities,0.27870999999999996,0.42367,5
2021-02-22,Utilities,0.42367,0.40422,5
2021-02-23,Utilities,0.40422,0.33954000000000006,5
2021-02-24,Utilities,0.33954000000000006,0.11810000000000001,5
2021-02-25,Utilities,0.11810000000000001,0.14998,5
2021-02-26,Utilities,0.14998,0.036140000000000005,5
2021-03-01,Utilities,0.036140000000000005,0.07526000000000001,5
2021-03-02,Utilities,0.07526000000000001,-0.05671999999999999,5
2021-03-03,Utilities,-0.05671999999999999,0.00939000000000001,5
2021-03-04,Utilities,0.00939000000000001,0.21241,5
2021-03-05,Utilities,0.21241,0.14009,5
2021-03-08,Utilities,0.14009,0.05944000000000001,5
2021-03-09,Utilities,0.05944000000000001,0.026570000000000003,5
2021-03-10,Utilities,0.026570000000000003,0.21745,5
2021-03-11,Utilities,0.21745,0.21745,5
2021-03-12,Utilities,0.21745,0.28969,5
2021-03-15,Utilities,0.28969,0.3238,5
2021-03-16,Utilities,0.3238,0.18091333333333334,5
2021-03-17,Utilities,0.18091333333333334,0.18091333333333334,5
2021-03-18,Utilities,0.18091333333333334,0.10633333333333335,5
2021-03-19,Utilities,0.10633333333333335,0.10633333333333335,5
2021-03-22,Utilities,0.10633333333333335,0.10633333333333335,5
2021-03-23,Utilities,0.10633333333333335,0.07988,5
2021-03-24,Utilities,0.07988,0.07988,5
2021-03-25,Utilities,0.07988,0.16252,5
2021-03-26,Utilities,0.16252,0.22171999999999997,5
2021-03-29,Utilities,0.22171999999999997,0.23319499999999999,5
2021-03-30,Utilities,0.23319499999999999,0.248635,5
2021-03-31,Utilities,0.248635,0.13502,5
2021-04-01,Utilities,0.13502,0.17731333333333335,5
2021-04-05,Utilities,0.17731333333333335,0.10788,5
2021-04-06,Utilities,0.10788,0.08196,5
2021-04-07,Utilities,0.08196,0.08196,5
2021-04-08,Utilities,0.08196,0.26708,5
2021-04-09,Utilities,0.26708,0.2944,5
2021-04-12,Utilities,0.2944,0.32344,5
2021-04-13,Utilities,0.32344,0.10017333333333334,5
2021-04-14,Utilities,0.10017333333333334,0.34237,5
2021-04-15,Utilities,0.34237,0.30904,5
2021-04-16,Utilities,0.30904,0.30904,5
2021-04-19,Utilities,0.30904,0.19418000000000002,5
2021-04-20,Utilities,0.19418000000000002,0.23341000000000003,5
2021-04-21,Utilities,0.23341000000000003,0.16410428571428573,5
2021-04-22,Utilities,0.16410428571428573,0.13377,5
2021-04-23,Utilities,0.13377,0.016309999999999998,5
2021-04-26,Utilities,0.016309999999999998,0.0655,5
2021-04-27,Utilities,0.0655,0.04525,5
2021-04-28,Utilities,0.04525,0.10695999999999999,5
2021-04-29,Utilities,0.10695999999999999,0.10695999999999999,5
2021-04-30,Utilities,0.10695999999999999,0.197405,5
2021-05-03,Utilities,0.197405,0.40988500000000005,5
2021-05-04,Utilities,0.40988500000000005,0.337085,5
2021-05-05,Utilities,0.337085,0.090295,5
2021-05-06,Utilities,0.090295,0.090295,5
2021-05-07,Utilities,0.090295,0.16848000000000002,5
2021-05-10,Utilities,0.16848000000000002,0.3546714285714286,5
2021-05-11,Utilities,0.3546714285714286,0.3546714285714286,5
2021-05-12,Utilities,0.3546714285714286,0.4677200000000001,5
2021-05-13,Utilities,0.4677200000000001,0.33632000000000006,5
2021-05-14,Utilities,0.33632000000000006,0.32846,5
2021-05-17,Utilities,0.32846,0.2521,5
2021-05-18,Utilities,0.2521,0.16758,5
2021-05-19,Utilities,0.16758,0.30574,5
2021-05-20,Utilities,0.30574,0.19335,5
2021-05-21,Utilities,0.19335,0.10419,5
2021-05-24,Utilities,0.10419,0.14503000000000005,5
2021-05-25,Utilities,0.14503000000000005,0.14248000000000002,5
2021-05-26,Utilities,0.14248000000000002,0.11656,5
2021-05-27,Utilities,0.11656,0.18764000000000003,5
2021-05-28,Utilities,0.18764000000000003,0.0969,5
2021-06-01,Utilities,0.0969,0.24325000000000002,5
2021-06-02,Utilities,0.24325000000000002,0.32877999999999996,5
2021-06-03,Utilities,0.32877999999999996,0.068,5
2021-06-04,Utilities,0.068,0.19293,5
2021-06-07,Utilities,0.19293,0.19293,5
2021-06-08,Utilities,0.19293,0.12498000000000001,5
2021-06-09,Utilities,0.12498000000000001,-0.03688,5
2021-06-10,Utilities,-0.03688,-0.03688,5
2021-06-11,Utilities,-0.03688,-0.09152,5
2021-06-14,Utilities,-0.09152,0.049685,5
2021-06-15,Utilities,0.049685,0.13302,5
2021-06-16,Utilities,0.13302,0.008040000000000002,5
2021-06-17,Utilities,0.008040000000000002,0.17994,5
2021-06-18,Utilities,0.17994,0.17994,5
2021-06-21,Utilities,0.17994,0.12790166666666666,5
2021-06-22,Utilities,0.12790166666666666,0.12790166666666666,5
2021-06-23,Utilities,0.12790166666666666,0.03628499999999998,5
2021-06-24,Utilities,0.03628499999999998,0.21145500000000003,5
2021-06-25,Utilities,0.21145500000000003,0.28922000000000003,5
2021-06-28,Utilities,0.28922000000000003,0.13275,5
2021-06-29,Utilities,0.13275,0.32389999999999997,5
2021-06-30,Utilities,0.32389999999999997,0.23137,5
2021-07-01,Utilities,0.23137,0.20404999999999998,5
2021-07-02,Utilities,0.20404999999999998,0.20929999999999999,5
2021-07-06,Utilities,0.20929999999999999,0.21589999999999998,5
2021-07-07,Utilities,0.21589999999999998,0.18334,5
2021-07-08,Utilities,0.18334,0.22174999999999997,5
2021-07-09,Utilities,0.22174999999999997,0.24906999999999999,5
2021-07-12,Utilities,0.24906999999999999,0.13120666666666664,5
2021-07-13,Utilities,0.13120666666666664,0.11382666666666667,5
2021-07-14,Utilities,0.11382666666666667,0.054446666666666664,5
2021-07-15,Utilities,0.054446666666666664,0.07636666666666667,5
2021-07-16,Utilities,0.07636666666666667,0.13027000000000002,5
2021-07-19,Utilities,0.13027000000000002,-0.02954,5
2021-07-20,Utilities,-0.02954,-0.02954,5
2021-07-21,Utilities,-0.02954,-0.040819999999999995,5
2021-07-22,Utilities,-0.040819999999999995,0.096335,5
2021-07-23,Utilities,0.096335,0.15548,5
2021-07-26,Utilities,0.15548,0.27130333333333334,5
2021-07-27,Utilities,0.27130333333333334,0.21059333333333333,5
2021-07-28,Utilities,0.21059333333333333,0.12256333333333332,5
2021-07-29,Utilities,0.12256333333333332,0.09878,5
2021-07-30,Utilities,0.09878,0.0,5
2021-08-02,Utilities,0.0,-0.04557999999999999,5
2021-08-03,Utilities,-0.04557999999999999,-0.04557999999999999,5
2021-08-04,Utilities,-0.04557999999999999,0.062119999999999995,5
2021-08-05,Utilities,0.062119999999999995,0.17333333333333334,5
2021-08-06,Utilities,0.17333333333333334,0.23984333333333333,5
2021-08-09,Utilities,0.23984333333333333,0.25077,5
2021-08-10,Utilities,0.25077,0.2008,5
2021-08-11,Utilities,0.2008,0.17348,5
2021-08-12,Utilities,0.17348,0.10607,5
2021-08-13,Utilities,0.10607,0.14579999999999999,5
2021-08-16,Utilities,0.14579999999999999,0.13048333333333334,5
2021-08-17,Utilities,0.13048333333333334,0.14083,5
2021-08-18,Utilities,0.14083,0.14083,5
2021-08-19,Utilities,0.14083,0.14083,5
2021-08-20,Utilities,0.14083,0.35269999999999996,5
2021-08-23,Utilities,0.35269999999999996,0.12994,5
2021-08-24,Utilities,0.12994,0.08763333333333333,5
2021-08-25,Utilities,0.08763333333333333,0.10913999999999999,5
2021-08-26,Utilities,0.10913999999999999,0.10913999999999999,5
2021-08-27,Utilities,0.10913999999999999,0.15914,5
2021-08-30,Utilities,0.15914,0.3537,5
2021-08-31,Utilities,0.3537,0.15485,5
2021-09-01,Utilities,0.15485,0.07666,5
2021-09-02,Utilities,0.07666,0.18313999999999994,5
2021-09-03,Utilities,0.18313999999999994,0.21045999999999995,5
2021-09-07,Utilities,0.21045999999999995,0.045766666666666664,5
2021-09-08,Utilities,0.045766666666666664,0.018446666666666663,5
2021-09-09,Utilities,0.018446666666666663,0.018446666666666663,5
2021-09-10,Utilities,0.018446666666666663,0.12476666666666666,5
2021-09-13,Utilities,0.12476666666666666,0.05704666666666667,5
2021-09-14,Utilities,0.05704666666666667,0.07739666666666667,5
2021-09-15,Utilities,0.07739666666666667,0.48674999999999996,5
2021-09-16,Utilities,0.48674999999999996,0.39483999999999997,5
2021-09-17,Utilities,0.39483999999999997,0.33120000000000005,5
2021-09-20,Utilities,0.33120000000000005,0.25273,5
2021-09-21,Utilities,0.25273,0.31491,5
2021-09-22,Utilities,0.31491,0.34844,5
2021-09-23,Utilities,0.34844,0.25147,5
2021-09-24,Utilities,0.25147,0.25147,5
2021-09-27,Utilities,0.25147,0.18005,5
2021-09-28,Utilities,0.18005,0.11893500000000001,5
2021-09-29,Utilities,0.11893500000000001,0.171605,5
2021-09-30,Utilities,0.171605,-0.007573333333333332,5
2021-10-01,Utilities,-0.007573333333333332,-0.007639999999999999,5
2021-10-04,Utilities,-0.007639999999999999,-0.05553333333333334,5
2021-10-05,Utilities,-0.05553333333333334,0.021766666666666667,5
2021-10-06,Utilities,0.021766666666666667,0.021766666666666667,5
2021-10-07,Utilities,0.021766666666666667,0.12054666666666666,5
2021-10-08,Utilities,0.12054666666666666,0.12054666666666666,5
2021-10-11,Utilities,0.12054666666666666,0.15591666666666665,5
2021-10-12,Utilities,0.15591666666666665,0.15591666666666665,5
2021-10-13,Utilities,0.15591666666666665,0.02903000000000001,5
2021-10-14,Utilities,0.02903000000000001,0.020450000000000003,5
2021-10-15,Utilities,0.020450000000000003,0.19592,5
2021-10-18,Utilities,0.19592,0.26382000000000005,5
2021-10-19,Utilities,0.26382000000000005,0.03612,5
2021-10-20,Utilities,0.03612,0.182548,5
2021-10-21,Utilities,0.182548,0.182548,5
2021-10-22,Utilities,0.182548,0.269428,5
2021-10-25,Utilities,0.269428,0.34687999999999997,5
2021-10-26,Utilities,0.34687999999999997,0.22793999999999998,5
2021-10-27,Utilities,0.22793999999999998,0.07582,5
2021-10-28,Utilities,0.07582,-0.05245,5
2021-10-29,Utilities,-0.05245,0.04238,5
2021-11-01,Utilities,0.04238,0.23079999999999998,5
2021-11-02,Utilities,0.23079999999999998,0.17616,5
2021-11-03,Utilities,0.17616,0.09895000000000001,5
2021-11-04,Utilities,0.09895000000000001,0.152605,5
2021-11-05,Utilities,0.152605,0.13907833333333336,5
2021-11-08,Utilities,0.13907833333333336,0.06551,5
2021-11-09,Utilities,0.06551,-0.012599999999999995,5
2021-11-10,Utilities,-0.012599999999999995,0.06777999999999999,5
2021-11-11,Utilities,0.06777999999999999,0.02474,5
2021-11-12,Utilities,0.02474,0.10904,5
2021-11-15,Utilities,0.10904,0.39994999999999997,5
2021-11-16,Utilities,0.39994999999999997,0.20591999999999996,5
2021-11-17,Utilities,0.20591999999999996,0.28803999999999996,5
2021-11-18,Utilities,0.28803999999999996,0.059199999999999996,5
2021-11-19,Utilities,0.059199999999999996,0.17637999999999998,5
2021-11-22,Utilities,0.17637999999999998,0.21952666666666665,5
2021-11-23,Utilities,0.21952666666666665,0.15118,5
2021-11-24,Utilities,0.15118,0.21918,5
2021-11-26,Utilities,0.21918,0.21918,5
2021-11-29,Utilities,0.21918,0.26673,5
2021-11-30,Utilities,0.26673,0.21913,5
2021-12-01,Utilities,0.21913,0.12381,5
2021-12-02,Utilities,0.12381,0.06132,5
2021-12-03,Utilities,0.06132,0.19344,5
2021-12-06,Utilities,0.19344,0.27213999999999994,5
2021-12-07,Utilities,0.27213999999999994,0.28539,5
2021-12-08,Utilities,0.28539,0.23074999999999996,5
2021-12-09,Utilities,0.23074999999999996,0.23074999999999996,5
2021-12-10,Utilities,0.23074999999999996,0.20187,5
2021-12-13,Utilities,0.20187,0.32365999999999995,5
2021-12-14,Utilities,0.32365999999999995,0.22798,5
2021-12-15,Utilities,0.22798,0.1464,5
2021-12-16,Utilities,0.1464,0.03712,5
2021-12-17,Utilities,0.03712,0.0,5
2021-12-20,Utilities,0.0,0.17284000000000002,5
2021-12-21,Utilities,0.17284000000000002,0.29096,5
2021-12-22,Utilities,0.29096,0.22271999999999997,5
2021-12-23,Utilities,0.22271999999999997,0.15072000000000002,5
2021-12-27,Utilities,0.15072000000000002,0.03896999999999999,5
2021-12-28,Utilities,0.03896999999999999,-0.00633999999999999,5
2021-12-29,Utilities,-0.00633999999999999,0.023370000000000023,5
2021-12-30,Utilities,0.023370000000000023,0.09288,5
2021-12-31,Utilities,0.09288,0.17560000000000003,5
2022-01-03,Utilities,0.17560000000000003,0.10323000000000002,5
2022-01-04,Utilities,0.10323000000000002,0.20779999999999998,5
2022-01-05,Utilities,0.20779999999999998,0.14078,5
2022-01-06,Utilities,0.14078,0.19998,5
2022-01-07,Utilities,0.19998,0.2506,5
2022-01-10,Utilities,0.2506,0.39019,5
2022-01-11,Utilities,0.39019,0.36136,5
2022-01-12,Utilities,0.36136,0.30216,5
2022-01-13,Utilities,0.30216,0.32587,5
2022-01-14,Utilities,0.32587,0.16258,5
2022-01-18,Utilities,0.16258,0.3897533333333333,5
2022-01-19,Utilities,0.3897533333333333,0.1315366666666667,5
2022-01-20,Utilities,0.1315366666666667,0.38592000000000004,5
2022-01-21,Utilities,0.38592000000000004,0.17586,5
2022-01-24,Utilities,0.17586,0.09129499999999999,5
2022-01-25,Utilities,0.09129499999999999,0.2609933333333333,5
2022-01-26,Utilities,0.2609933333333333,0.31431000000000003,5
2022-01-27,Utilities,0.31431000000000003,0.35874666666666666,5
2022-01-28,Utilities,0.35874666666666666,0.2271266666666667,5
2022-01-31,Utilities,0.2271266666666667,0.19513999999999998,5
2022-02-01,Utilities,0.19513999999999998,0.3563200000000001,5
2022-02-02,Utilities,0.3563200000000001,0.21882666666666667,5
2022-02-03,Utilities,0.21882666666666667,0.33561,5
2022-02-04,Utilities,0.33561,0.26482,5
2022-02-07,Utilities,0.26482,0.14033333333333334,5
2022-02-08,Utilities,0.14033333333333334,0.24797000000000002,5
2022-02-09,Utilities,0.24797000000000002,0.26162,5
2022-02-10,Utilities,0.26162,0.13596400000000003,5
2022-02-11,Utilities,0.13596400000000003,0.147532,5
2022-02-14,Utilities,0.147532,0.24825999999999998,5
2022-02-15,Utilities,0.24825999999999998,0.2973,5
2022-02-16,Utilities,0.2973,0.22294666666666668,5
2022-02-17,Utilities,0.22294666666666668,0.11966666666666667,5
2022-02-18,Utilities,0.11966666666666667,0.08289,5
2022-02-22,Utilities,0.08289,0.034141333333333336,5
2022-02-23,Utilities,0.034141333333333336,0.17265333333333333,5
2022-02-24,Utilities,0.17265333333333333,0.06360666666666666,5
2022-02-25,Utilities,0.06360666666666666,0.12161999999999999,5
2022-02-28,Utilities,0.12161999999999999,0.046200000000000005,5
2022-03-01,Utilities,0.046200000000000005,0.10088,5
2022-03-02,Utilities,0.10088,0.10088,5
2022-03-03,Utilities,0.10088,-0.03632,5
2022-03-04,Utilities,-0.03632,0.10166666666666666,5
2022-03-07,Utilities,0.10166666666666666,0.09031166666666667,5
2022-03-08,Utilities,0.09031166666666667,0.03656666666666667,5
2022-03-09,Utilities,0.03656666666666667,-0.015543333333333331,5
2022-03-10,Utilities,-0.015543333333333331,0.062360000000000006,5
2022-03-11,Utilities,0.062360000000000006,0.17384,5
2022-03-14,Utilities,0.17384,0.06917333333333334,5
2022-03-15,Utilities,0.06917333333333334,0.15655333333333335,5
2022-03-16,Utilities,0.15655333333333335,0.12,5
2022-03-17,Utilities,0.12,0.05798,5
2022-03-18,Utilities,0.05798,0.13835999999999998,5
2022-03-21,Utilities,0.13835999999999998,0.09018000000000001,5
2022-03-22,Utilities,0.09018000000000001,0.28418,5
2022-03-23,Utilities,0.28418,0.24348,5
2022-03-24,Utilities,0.24348,0.35275999999999996,5
2022-03-25,Utilities,0.35275999999999996,0.25748,5
2022-03-28,Utilities,0.25748,0.361012,5
2022-03-29,Utilities,0.361012,0.150156,5
2022-03-30,Utilities,0.150156,0.44967999999999997,5
2022-03-31,Utilities,0.44967999999999997,0.37373,5
2022-04-01,Utilities,0.37373,0.41662333333333335,5
2022-04-04,Utilities,0.41662333333333335,0.2465,5
2022-04-05,Utilities,0.2465,0.24348,5
2022-04-06,Utilities,0.24348,0.31173,5
2022-04-07,Utilities,0.31173,0.16868333333333335,5
2022-04-08,Utilities,0.16868333333333335,0.16868333333333335,5
2022-04-11,Utilities,0.16868333333333335,0.21238,5
2022-04-12,Utilities,0.21238,0.2871,5
2022-04-13,Utilities,0.2871,0.2871,5
2022-04-14,Utilities,0.2871,0.37732000000000004,5
2022-04-18,Utilities,0.37732000000000004,0.29252,5
2022-04-19,Utilities,0.29252,0.29446,5
2022-04-20,Utilities,0.29446,0.08770000000000001,5
2022-04-21,Utilities,0.08770000000000001,-0.024793333333333344,5
2022-04-22,Utilities,-0.024793333333333344,0.13824533333333333,5
2022-04-25,Utilities,0.13824533333333333,0.160215,5
2022-04-26,Utilities,0.160215,0.28776,5
2022-04-27,Utilities,0.28776,0.08001999999999998,5
2022-04-28,Utilities,0.08001999999999998,0.1460616666666667,5
2022-04-29,Utilities,0.1460616666666667,0.187945,5
2022-05-02,Utilities,0.187945,0.18643966666666667,5
2022-05-03,Utilities,0.18643966666666667,0.33805,5
2022-05-04,Utilities,0.33805,0.14179619047619046,5
2022-05-05,Utilities,0.14179619047619046,0.022776666666666667,5
2022-05-06,Utilities,0.022776666666666667,0.017074,5
2022-05-09,Utilities,0.017074,-0.05667833333333333,5
2022-05-10,Utilities,-0.05667833333333333,-0.092895,5
2022-05-11,Utilities,-0.092895,-0.05746,5
2022-05-12,Utilities,-0.05746,-0.083395,5
2022-05-13,Utilities,-0.083395,0.044629999999999996,5
2022-05-16,Utilities,0.044629999999999996,0.11573,5
2022-05-17,Utilities,0.11573,0.31205999999999995,5
2022-05-18,Utilities,0.31205999999999995,0.0863,5
2022-05-19,Utilities,0.0863,0.21747,5
2022-05-20,Utilities,0.21747,0.18200833333333333,5
2022-05-23,Utilities,0.18200833333333333,0.17482333333333333,5
2022-05-24,Utilities,0.17482333333333333,0.15623833333333334,5
2022-05-25,Utilities,0.15623833333333334,0.16169,5
2022-05-26,Utilities,0.16169,0.1546,5
2022-05-27,Utilities,0.1546,0.20364,5
2022-05-31,Utilities,0.20364,0.21101166666666668,5
2022-06-01,Utilities,0.21101166666666668,0.38575499999999996,5
2022-06-02,Utilities,0.38575499999999996,0.47722,5
2022-06-03,Utilities,0.47722,0.25523,5
2022-06-06,Utilities,0.25523,0.23138666666666668,5
2022-06-07,Utilities,0.23138666666666668,0.16316,5
2022-06-08,Utilities,0.16316,0.19480000000000003,5
2022-06-09,Utilities,0.19480000000000003,0.13118166666666667,5
2022-06-10,Utilities,0.13118166666666667,0.28914,5
2022-06-13,Utilities,0.28914,0.10224999999999998,5
2022-06-14,Utilities,0.10224999999999998,0.11625,5
2022-06-15,Utilities,0.11625,0.10230999999999998,5
2022-06-16,Utilities,0.10230999999999998,0.03946000000000001,5
2022-06-17,Utilities,0.03946000000000001,0.1525,5
2022-06-21,Utilities,0.1525,0.10598,5
2022-06-22,Utilities,0.10598,0.3825033333333333,5
2022-06-23,Utilities,0.3825033333333333,0.35591333333333336,5
2022-06-24,Utilities,0.35591333333333336,0.2665533333333333,5
2022-06-27,Utilities,0.2665533333333333,0.3238533333333334,5
2022-06-28,Utilities,0.3238533333333334,0.2621833333333333,5
2022-06-29,Utilities,0.2621833333333333,0.15225999999999998,5
2022-06-30,Utilities,0.15225999999999998,0.14246,5
2022-07-01,Utilities,0.14246,-0.03318,5
2022-07-05,Utilities,-0.03318,0.007300000000000017,5
2022-07-06,Utilities,0.007300000000000017,0.18939999999999996,5
2022-07-07,Utilities,0.18939999999999996,0.38391000000000003,5
2022-07-08,Utilities,0.38391000000000003,0.1377066666666667,5
2022-07-11,Utilities,0.1377066666666667,0.13067333333333334,5
2022-07-12,Utilities,0.13067333333333334,0.13067333333333334,5
2022-07-13,Utilities,0.13067333333333334,0.08706,5
2022-07-14,Utilities,0.08706,0.15245,5
2022-07-15,Utilities,0.15245,0.277982,5
2022-07-18,Utilities,0.277982,0.21922533333333333,5
2022-07-19,Utilities,0.21922533333333333,0.19366333333333335,5
2022-07-20,Utilities,0.19366333333333335,0.12423,5
2022-07-21,Utilities,0.12423,0.0866,5
2022-07-22,Utilities,0.0866,0.03426,5
2022-07-25,Utilities,0.03426,0.10440999999999998,5
2022-07-26,Utilities,0.10440999999999998,0.19828800000000002,5
2022-07-27,Utilities,0.19828800000000002,0.16386,5
2022-07-28,Utilities,0.16386,0.09555,5
2022-07-29,Utilities,0.09555,0.27461,5
2022-08-01,Utilities,0.27461,0.14271,5
2022-08-02,Utilities,0.14271,0.14731166666666667,5
2022-08-03,Utilities,0.14731166666666667,0.181543,5
2022-08-04,Utilities,0.181543,0.2607261904761905,5
2022-08-05,Utilities,0.2607261904761905,0.17824666666666666,5
2022-08-08,Utilities,0.17824666666666666,0.15105233333333334,5
2022-08-09,Utilities,0.15105233333333334,0.23721333333333333,5
2022-08-10,Utilities,0.23721333333333333,0.2230233333333333,5
2022-08-11,Utilities,0.2230233333333333,0.11289999999999997,5
2022-08-12,Utilities,0.11289999999999997,0.20007333333333333,5
2022-08-15,Utilities,0.20007333333333333,0.2487633333333333,5
2022-08-16,Utilities,0.2487633333333333,0.12839,5
2022-08-17,Utilities,0.12839,0.26467999999999997,5
2022-08-18,Utilities,0.26467999999999997,0.25243000000000004,5
2022-08-19,Utilities,0.25243000000000004,0.22715000000000002,5
2022-08-22,Utilities,0.22715000000000002,0.2706733333333334,5
2022-08-23,Utilities,0.2706733333333334,0.0407,5
2022-08-24,Utilities,0.0407,0.15559,5
2022-08-25,Utilities,0.15559,0.09844800000000001,5
2022-08-26,Utilities,0.09844800000000001,0.1366,5
2022-08-29,Utilities,0.1366,0.31562,5
2022-08-30,Utilities,0.31562,0.10764,5
2022-08-31,Utilities,0.10764,0.0696,5
2022-09-01,Utilities,0.0696,0.11444000000000001,5
2022-09-02,Utilities,0.11444000000000001,0.16802666666666669,5
2022-09-06,Utilities,0.16802666666666669,0.27142999999999995,5
2022-09-07,Utilities,0.27142999999999995,0.19389,5
2022-09-08,Utilities,0.19389,0.15284333333333336,5
2022-09-09,Utilities,0.15284333333333336,0.24855,5
2022-09-12,Utilities,0.24855,0.32169333333333333,5
2022-09-13,Utilities,0.32169333333333333,0.07361333333333334,5
2022-09-14,Utilities,0.07361333333333334,0.16863333333333336,5
2022-09-15,Utilities,0.16863333333333336,0.29800166666666666,5
2022-09-16,Utilities,0.29800166666666666,0.3941733333333333,5
2022-09-19,Utilities,0.3941733333333333,0.21466,5
2022-09-20,Utilities,0.21466,0.06808,5
2022-09-21,Utilities,0.06808,0.19684000000000001,5
2022-09-22,Utilities,0.19684000000000001,0.1823516666666667,5
2022-09-23,Utilities,0.1823516666666667,0.227685,5
2022-09-26,Utilities,0.227685,0.571372,5
2022-09-27,Utilities,0.571372,0.32047,5
2022-09-28,Utilities,0.32047,-0.04951666666666665,5
2022-09-29,Utilities,-0.04951666666666665,0.05525333333333334,5
2022-09-30,Utilities,0.05525333333333334,0.14143333333333336,5
2022-10-03,Utilities,0.14143333333333336,0.18566,5
2022-10-04,Utilities,0.18566,0.214865,5
2022-10-05,Utilities,0.214865,0.22012,5
2022-10-06,Utilities,0.22012,0.044989999999999995,5
2022-10-07,Utilities,0.044989999999999995,0.3648233333333333,5
2022-10-10,Utilities,0.3648233333333333,0.3897333333333333,5
2022-10-11,Utilities,0.3897333333333333,0.34816,5
2022-10-12,Utilities,0.34816,0.15802,5
2022-10-13,Utilities,0.15802,0.21266,5
2022-10-14,Utilities,0.21266,0.24008,5
2022-10-17,Utilities,0.24008,-0.09354,5
2022-10-18,Utilities,-0.09354,0.22241999999999998,5
2022-10-19,Utilities,0.22241999999999998,0.06396666666666667,5
2022-10-20,Utilities,0.06396666666666667,0.12504666666666667,5
2022-10-21,Utilities,0.12504666666666667,0.11818500000000001,5
2022-10-24,Utilities,0.11818500000000001,0.22194000000000003,5
2022-10-25,Utilities,0.22194000000000003,0.13629333333333332,5
2022-10-26,Utilities,0.13629333333333332,0.10364666666666666,5
2022-10-27,Utilities,0.10364666666666666,0.012676666666666659,5
2022-10-28,Utilities,0.012676666666666659,-0.0669577777777778,5
2022-10-31,Utilities,-0.0669577777777778,0.39958666666666665,5
2022-11-01,Utilities,0.39958666666666665,0.4055066666666667,5
2022-11-02,Utilities,0.4055066666666667,0.27768,5
2022-11-03,Utilities,0.27768,0.23452,5
2022-11-04,Utilities,0.23452,0.199824,5
2022-11-07,Utilities,0.199824,-0.10015833333333332,5
2022-11-08,Utilities,-0.10015833333333332,0.08566499999999999,5
2022-11-09,Utilities,0.08566499999999999,0.13596,5
2022-11-10,Utilities,0.13596,0.33995000000000003,5
2022-11-11,Utilities,0.33995000000000003,0.11735999999999999,5
2022-11-14,Utilities,0.11735999999999999,0.05952,5
2022-11-15,Utilities,0.05952,0.08730000000000002,5
2022-11-16,Utilities,0.08730000000000002,0.14994999999999997,5
2022-11-17,Utilities,0.14994999999999997,0.14994999999999997,5
2022-11-18,Utilities,0.14994999999999997,0.19272,5
2022-11-21,Utilities,0.19272,0.09438,5
2022-11-22,Utilities,0.09438,0.0,5
2022-11-23,Utilities,0.0,0.19207999999999997,5
2022-11-25,Utilities,0.19207999999999997,0.17414000000000002,5
2022-11-28,Utilities,0.17414000000000002,0.15676,5
2022-11-29,Utilities,0.15676,0.20578000000000002,5
2022-11-30,Utilities,0.20578000000000002,0.13735999999999998,5
2022-12-01,Utilities,0.13735999999999998,0.23772,5
2022-12-02,Utilities,0.23772,0.36744,5
2022-12-05,Utilities,0.36744,0.296015,5
2022-12-06,Utilities,0.296015,0.073155,5
2022-12-07,Utilities,0.073155,0.27612000000000003,5
2022-12-08,Utilities,0.27612000000000003,0.1224,5
2022-12-09,Utilities,0.1224,0.13620666666666667,5
2022-12-12,Utilities,0.13620666666666667,0.19824000000000003,5
2022-12-13,Utilities,0.19824000000000003,0.19771500000000003,5
2022-12-14,Utilities,0.19771500000000003,0.129715,5
2022-12-15,Utilities,0.129715,0.32604,5
2022-12-16,Utilities,0.32604,0.34153,5
2022-12-19,Utilities,0.34153,0.32787000000000005,5
2022-12-20,Utilities,0.32787000000000005,0.38070666666666664,5
2022-12-21,Utilities,0.38070666666666664,0.33596666666666664,5
2022-12-22,Utilities,0.33596666666666664,0.20470000000000002,5
2022-12-23,Utilities,0.20470000000000002,0.31110000000000004,5
2022-12-27,Utilities,0.31110000000000004,0.1396986666666667,5
2022-12-28,Utilities,0.1396986666666667,0.1432,5
2022-12-29,Utilities,0.1432,0.08802,5
2022-12-30,Utilities,0.08802,0.07731999999999999,5
2023-01-03,Utilities,0.07731999999999999,0.16766,5
2023-01-04,Utilities,0.16766,0.15975,5
2023-01-05,Utilities,0.15975,0.09878666666666666,5
2023-01-06,Utilities,0.09878666666666666,-0.015546666666666663,5
2023-01-09,Utilities,-0.015546666666666663,0.05170666666666668,5
2023-01-10,Utilities,0.05170666666666668,0.026706666666666674,5
2023-01-11,Utilities,0.026706666666666674,0.027160000000000007,5
2023-01-12,Utilities,0.027160000000000007,0.11046666666666667,5
2023-01-13,Utilities,0.11046666666666667,0.16087,5
2023-01-17,Utilities,0.16087,0.21258,5
2023-01-18,Utilities,0.21258,0.20918,5
2023-01-19,Utilities,0.20918,0.16392,5
2023-01-20,Utilities,0.16392,0.14502333333333334,5
2023-01-23,Utilities,0.14502333333333334,0.17480333333333334,5
2023-01-24,Utilities,0.17480333333333334,0.23891,5
2023-01-25,Utilities,0.23891,0.191144,5
2023-01-26,Utilities,0.191144,0.14764,5
2023-01-27,Utilities,0.14764,0.15150666666666665,5
2023-01-30,Utilities,0.15150666666666665,0.17398,5
2023-01-31,Utilities,0.17398,0.18501666666666666,5
2023-02-01,Utilities,0.18501666666666666,-0.02065,5
2023-02-02,Utilities,-0.02065,0.13553333333333334,5
2023-02-03,Utilities,0.13553333333333334,0.2677366666666667,5
2023-02-06,Utilities,0.2677366666666667,0.16985666666666668,5
2023-02-07,Utilities,0.16985666666666668,0.2691366666666667,5
2023-02-08,Utilities,0.2691366666666667,0.1958459090909091,5
2023-02-09,Utilities,0.1958459090909091,0.17671,5
2023-02-10,Utilities,0.17671,0.07624,5
2023-02-13,Utilities,0.07624,0.1472166666666667,5
2023-02-14,Utilities,0.1472166666666667,0.048957999999999995,5
2023-02-15,Utilities,0.048957999999999995,0.15719,5
2023-02-16,Utilities,0.15719,0.12371666666666666,5
2023-02-17,Utilities,0.12371666666666666,0.08733333333333333,5
2023-02-21,Utilities,0.08733333333333333,0.01878777777777777,5
2023-02-22,Utilities,0.01878777777777777,0.20359,5
2023-02-23,Utilities,0.20359,0.06654933333333334,5
2023-02-24,Utilities,0.06654933333333334,0.122664,5
2023-02-27,Utilities,0.122664,0.173532,5
2023-02-28,Utilities,0.173532,0.22801999999999997,5
2023-03-01,Utilities,0.22801999999999997,0.39422,5
2023-03-02,Utilities,0.39422,0.24122,5
2023-03-03,Utilities,0.24122,0.14816000000000001,5
2023-03-06,Utilities,0.14816000000000001,-0.03910999999999999,5
2023-03-07,Utilities,-0.03910999999999999,0.08139666666666667,5
2023-03-08,Utilities,0.08139666666666667,0.07404666666666666,5
2023-03-09,Utilities,0.07404666666666666,0.14632666666666666,5
2023-03-10,Utilities,0.14632666666666666,0.22115666666666667,5
2023-03-13,Utilities,0.22115666666666667,0.24661166666666667,5
2023-03-14,Utilities,0.24661166666666667,0.0509,5
2023-03-15,Utilities,0.0509,0.28570166666666663,5
2023-03-16,Utilities,0.28570166666666663,0.1459,5
2023-03-17,Utilities,0.1459,0.2891733333333334,5
2023-03-20,Utilities,0.2891733333333334,0.15756333333333333,5
2023-03-21,Utilities,0.15756333333333333,0.25908,5
2023-03-22,Utilities,0.25908,0.09562666666666667,5
2023-03-23,Utilities,0.09562666666666667,0.1442,5
2023-03-24,Utilities,0.1442,0.21625999999999998,5
2023-03-27,Utilities,0.21625999999999998,0.092955,5
2023-03-28,Utilities,0.092955,0.35266000000000003,5
2023-03-29,Utilities,0.35266000000000003,0.16483,5
2023-03-30,Utilities,0.16483,0.20589,5
2023-03-31,Utilities,0.20589,0.1383666666666667,5
2023-04-03,Utilities,0.1383666666666667,0.24288499999999996,5
2023-04-04,Utilities,0.24288499999999996,0.22468166666666667,5
2023-04-05,Utilities,0.22468166666666667,0.13112666666666667,5
2023-04-06,Utilities,0.13112666666666667,0.30244666666666664,5
2023-04-10,Utilities,0.30244666666666664,0.26339066666666666,5
2023-04-11,Utilities,0.26339066666666666,0.08196,5
2023-04-12,Utilities,0.08196,0.24034666666666665,5
2023-04-13,Utilities,0.24034666666666665,0.144018,5
2023-04-14,Utilities,0.144018,0.14492333333333335,5
2023-04-17,Utilities,0.14492333333333335,0.145785,5
2023-04-18,Utilities,0.145785,0.08896066666666666,5
2023-04-19,Utilities,0.08896066666666666,0.27201333333333333,5
2023-04-20,Utilities,0.27201333333333333,0.12041733333333333,5
2023-04-21,Utilities,0.12041733333333333,0.0,5
2023-04-24,Utilities,0.0,0.059515384615384616,5
2023-04-25,Utilities,0.059515384615384616,0.21788000000000002,5
2023-04-26,Utilities,0.21788000000000002,0.3014380952380953,5
2023-04-27,Utilities,0.3014380952380953,0.10110866666666667,5
2023-04-28,Utilities,0.10110866666666667,0.03541333333333333,5
2023-05-01,Utilities,0.03541333333333333,0.037410000000000006,5
2023-05-02,Utilities,0.037410000000000006,0.20414,5
2023-05-03,Utilities,0.20414,0.17654,5
2023-05-04,Utilities,0.17654,0.15913466666666667,5
2023-05-05,Utilities,0.15913466666666667,0.2095933333333333,5
2023-05-08,Utilities,0.2095933333333333,0.20393333333333336,5
2023-05-09,Utilities,0.20393333333333336,0.08182571428571427,5
2023-05-10,Utilities,0.08182571428571427,0.19761333333333334,5
2023-05-11,Utilities,0.19761333333333334,0.29114,5
2023-05-12,Utilities,0.29114,0.130635,5
2023-05-15,Utilities,0.130635,0.21345333333333336,5
2023-05-16,Utilities,0.21345333333333336,0.24484000000000003,5
2023-05-17,Utilities,0.24484000000000003,0.152015,5
2023-05-18,Utilities,0.152015,0.15523499999999998,5
2023-05-19,Utilities,0.15523499999999998,0.17841999999999997,5
2023-05-22,Utilities,0.17841999999999997,0.10899999999999999,5
2023-05-23,Utilities,0.10899999999999999,-0.03064000000000002,5
2023-05-24,Utilities,-0.03064000000000002,0.06600000000000002,5
2023-05-25,Utilities,0.06600000000000002,0.13172,5
2023-05-26,Utilities,0.13172,0.13502,5
2023-05-30,Utilities,0.13502,0.1711133333333333,5
2023-05-31,Utilities,0.1711133333333333,0.2188133333333333,5
2023-06-01,Utilities,0.2188133333333333,0.20077333333333333,5
2023-06-02,Utilities,0.20077333333333333,0.21416000000000004,5
2023-06-05,Utilities,0.21416000000000004,0.1828866666666667,5
2023-06-06,Utilities,0.1828866666666667,0.1828866666666667,5
2023-06-07,Utilities,0.1828866666666667,0.36709,5
2023-06-08,Utilities,0.36709,0.247748,5
2023-06-09,Utilities,0.247748,0.20164166666666664,5
2023-06-12,Utilities,0.20164166666666664,0.25969333333333333,5
2023-06-13,Utilities,0.25969333333333333,0.18724133333333334,5
2023-06-14,Utilities,0.18724133333333334,0.35656333333333334,5
2023-06-15,Utilities,0.35656333333333334,0.19961333333333334,5
2023-06-16,Utilities,0.19961333333333334,0.27782,5
2023-06-20,Utilities,0.27782,0.11756000000000003,5
2023-06-21,Utilities,0.11756000000000003,0.13531333333333334,5
2023-06-22,Utilities,0.13531333333333334,0.30413999999999997,5
2023-06-23,Utilities,0.30413999999999997,0.29020666666666667,5
2023-06-26,Utilities,0.29020666666666667,0.341928,5
2023-06-27,Utilities,0.341928,0.23006500000000002,5
2023-06-28,Utilities,0.23006500000000002,0.22710333333333335,5
2023-06-29,Utilities,0.22710333333333335,0.23524000000000003,5
2023-06-30,Utilities,0.23524000000000003,0.21919,5
2023-07-03,Utilities,0.21919,0.22012666666666666,5
2023-07-05,Utilities,0.22012666666666666,0.23165666666666668,5
2023-07-06,Utilities,0.23165666666666668,0.18905733333333335,5
2023-07-07,Utilities,0.18905733333333335,0.14570666666666668,5
2023-07-10,Utilities,0.14570666666666668,0.170308,5
2023-07-11,Utilities,0.170308,0.1916773333333333,5
2023-07-12,Utilities,0.1916773333333333,0.16854,5
2023-07-13,Utilities,0.16854,0.04496,5
2023-07-14,Utilities,0.04496,0.11593,5
2023-07-17,Utilities,0.11593,0.057255,5
2023-07-18,Utilities,0.057255,0.15967199999999998,5
2023-07-19,Utilities,0.15967199999999998,-0.00572,5
2023-07-20,Utilities,-0.00572,0.2292066666666667,5
2023-07-21,Utilities,0.2292066666666667,0.07752,5
2023-07-24,Utilities,0.07752,0.050826666666666666,5
2023-07-25,Utilities,0.050826666666666666,0.25154533333333334,5
2023-07-26,Utilities,0.25154533333333334,0.31840999999999997,5
2023-07-27,Utilities,0.31840999999999997,0.014645714285714284,5
2023-07-28,Utilities,0.014645714285714284,0.026973333333333332,5
2023-07-31,Utilities,0.026973333333333332,0.27928000000000003,5
2023-08-01,Utilities,0.27928000000000003,0.160364,5
2023-08-02,Utilities,0.160364,-0.016720000000000002,5
2023-08-03,Utilities,-0.016720000000000002,0.05672833333333334,5
2023-08-04,Utilities,0.05672833333333334,0.044903000000000005,5
2023-08-07,Utilities,0.044903000000000005,0.169035,5
2023-08-08,Utilities,0.169035,0.13536055555555554,5
2023-08-09,Utilities,0.13536055555555554,0.28182999999999997,5
2023-08-10,Utilities,0.28182999999999997,0.077,5
2023-08-11,Utilities,0.077,0.06641,5
2023-08-14,Utilities,0.06641,0.11107333333333333,5
2023-08-15,Utilities,0.11107333333333333,-0.037526666666666667,5
2023-08-16,Utilities,-0.037526666666666667,0.09457333333333333,5
2023-08-17,Utilities,0.09457333333333333,0.2660133333333333,5
2023-08-18,Utilities,0.2660133333333333,0.11366000000000001,5
2023-08-21,Utilities,0.11366000000000001,-0.08815999999999999,5
2023-08-22,Utilities,-0.08815999999999999,0.0,5
2023-08-23,Utilities,0.0,0.107185,5
2023-08-24,Utilities,0.107185,0.03706833333333333,5
2023-08-25,Utilities,0.03706833333333333,0.09162666666666666,5
2023-08-28,Utilities,0.09162666666666666,-0.013483333333333337,5
2023-08-29,Utilities,-0.013483333333333337,0.19963999999999998,5
2023-08-30,Utilities,0.19963999999999998,0.19975499999999996,5
2023-08-31,Utilities,0.19975499999999996,0.23493499999999998,5
2023-09-01,Utilities,0.23493499999999998,0.34353,5
2023-09-05,Utilities,0.34353,0.27324000000000004,5
2023-09-06,Utilities,0.27324000000000004,0.2836709090909091,5
2023-09-07,Utilities,0.2836709090909091,0.289335,5
2023-09-08,Utilities,0.289335,0.14417666666666668,5
2023-09-11,Utilities,0.14417666666666668,-0.11064333333333332,5
2023-09-12,Utilities,-0.11064333333333332,-0.040380000000000006,5
2023-09-13,Utilities,-0.040380000000000006,0.19996,5
2023-09-14,Utilities,0.19996,0.21654,5
2023-09-15,Utilities,0.21654,0.27117,5
2023-09-18,Utilities,0.27117,0.06950666666666667,5
2023-09-19,Utilities,0.06950666666666667,0.26856,5
2023-09-20,Utilities,0.26856,0.23609666666666668,5
2023-09-21,Utilities,0.23609666666666668,0.018453333333333318,5
2023-09-22,Utilities,0.018453333333333318,-0.044563333333333344,5
2023-09-25,Utilities,-0.044563333333333344,0.11354,5
2023-09-26,Utilities,0.11354,0.15308000000000002,5
2023-09-27,Utilities,0.15308000000000002,-0.027464666666666658,5
2023-09-28,Utilities,-0.027464666666666658,0.03517333333333333,5
2023-09-29,Utilities,0.03517333333333333,0.490372,5
2023-10-02,Utilities,0.490372,0.21872904761904763,5
2023-10-03,Utilities,0.21872904761904763,0.18224500000000002,5
2023-10-04,Utilities,0.18224500000000002,0.10316666666666667,5
2023-10-05,Utilities,0.10316666666666667,0.17467166666666667,5
2023-10-06,Utilities,0.17467166666666667,0.191208,5
2023-10-09,Utilities,0.191208,0.08744500000000002,5
2023-10-10,Utilities,0.08744500000000002,0.229684,5
2023-10-11,Utilities,0.229684,0.18582,5
2023-10-12,Utilities,0.18582,0.116945,5
2023-10-13,Utilities,0.116945,0.4154933333333333,5
2023-10-16,Utilities,0.4154933333333333,0.24500000000000002,5
2023-10-17,Utilities,0.24500000000000002,0.3245866666666667,5
2023-10-18,Utilities,0.3245866666666667,0.297175,5
2023-10-19,Utilities,0.297175,0.27684,5
2023-10-20,Utilities,0.27684,0.34719,5
2023-10-23,Utilities,0.34719,0.09827999999999999,5
2023-10-24,Utilities,0.09827999999999999,0.007597499999999996,5
2023-10-25,Utilities,0.007597499999999996,0.055686666666666676,5
2023-10-26,Utilities,0.055686666666666676,0.2642077142857143,5
2023-10-27,Utilities,0.2642077142857143,0.19514009523809522,5
2023-10-30,Utilities,0.19514009523809522,0.19732366666666662,5
2023-10-31,Utilities,0.19732366666666662,0.10736400000000001,5
2023-11-01,Utilities,0.10736400000000001,0.013833333333333333,5
2023-11-02,Utilities,0.013833333333333333,0.14421936507936509,5
2023-11-03,Utilities,0.14421936507936509,0.016693714285714277,5
2023-11-06,Utilities,0.016693714285714277,0.08429500000000001,5
2023-11-07,Utilities,0.08429500000000001,0.22932999999999998,5
2023-11-08,Utilities,0.22932999999999998,0.24842399999999998,5
2023-11-09,Utilities,0.24842399999999998,0.351155,5
2023-11-10,Utilities,0.351155,0.43130500000000005,5
2023-11-13,Utilities,0.43130500000000005,0.09997333333333333,5
2023-11-14,Utilities,0.09997333333333333,0.22054,5
2023-11-15,Utilities,0.22054,0.15342,5
2023-11-16,Utilities,0.15342,0.27994,5
2023-11-17,Utilities,0.27994,0.21839999999999998,5
2023-11-20,Utilities,0.21839999999999998,0.16936,5
2023-11-21,Utilities,0.16936,0.026019999999999998,5
2023-11-22,Utilities,0.026019999999999998,0.12398400000000001,5
2023-11-24,Utilities,0.12398400000000001,0.14172,5
2023-11-27,Utilities,0.14172,0.217755,5
2023-11-28,Utilities,0.217755,0.10230999999999998,5
2023-11-29,Utilities,0.10230999999999998,0.161615,5
2023-11-30,Utilities,0.161615,0.29061333333333333,5
2023-12-01,Utilities,0.29061333333333333,0.29096,5
2023-12-04,Utilities,0.29096,0.31795999999999996,5
2023-12-05,Utilities,0.31795999999999996,0.12248,5
2023-12-06,Utilities,0.12248,0.07338666666666667,5
2023-12-07,Utilities,0.07338666666666667,0.165475,5
2023-12-08,Utilities,0.165475,0.04755,5
2023-12-11,Utilities,0.04755,0.10922799999999999,5
2023-12-12,Utilities,0.10922799999999999,0.06729,5
2023-12-13,Utilities,0.06729,0.098275,5
2023-12-14,Utilities,0.098275,0.052247999999999996,5
2023-12-15,Utilities,0.052247999999999996,0.05816666666666666,5
2023-12-18,Utilities,0.05816666666666666,0.1252,5
2023-12-19,Utilities,0.1252,0.1252,5
2023-12-20,Utilities,0.1252,0.1252,5
2023-12-21,Utilities,0.1252,0.1252,5
2023-12-22,Utilities,0.1252,0.1252,5
2023-12-26,Utilities,0.1252,0.1252,5
2023-12-27,Utilities,0.1252,0.1252,5
2023-12-28,Utilities,0.1252,0.1252,5
2023-12-29,Utilities,0.1252,0.1252,5
